WARNING: A restricted method in java.lang.System has been called
WARNING: java.lang.System::load has been called by net.rubygrapefruit.platform.internal.NativeLibraryLoader in an unnamed module (file:/root/.gradle/wrapper/dists/gradle-9.4.1-all/eckclv9s5vi9exbmnyvpg2a3h/gradle-9.4.1/lib/native-platform-0.22-milestone-29.jar)
WARNING: Use --enable-native-access=ALL-UNNAMED to avoid a warning for callers in this module
WARNING: Restricted methods will be blocked in a future release unless native access is enabled

To honour the JVM settings for this build a single-use Daemon process will be forked. For more on this, please refer to https://docs.gradle.org/9.4.1/userguide/gradle_daemon.html#sec:disabling_the_daemon in the Gradle documentation.
Daemon will be stopped at the end of the build 
> Task :vectors-storage:processResources NO-SOURCE
> Task :vectors-quantization:processResources NO-SOURCE
> Task :vectors-hnsw:processResources NO-SOURCE
> Task :vectors-db:processResources NO-SOURCE
> Task :vectors-hnsw:processTestResources NO-SOURCE
> Task :vectors-db:processTestResources NO-SOURCE
> Task :vectors-ivf:processResources NO-SOURCE
> Task :vectors-vamana:processResources NO-SOURCE
> Task :vectors-gpu:processResources UP-TO-DATE
> Task :vectors-core:compileJava UP-TO-DATE
> Task :vectors-core:processResources UP-TO-DATE
> Task :vectors-core:classes UP-TO-DATE
> Task :vectors-core:jar UP-TO-DATE
> Task :vectors-storage:compileJava UP-TO-DATE
> Task :vectors-storage:classes UP-TO-DATE
> Task :vectors-storage:jar UP-TO-DATE
> Task :vectors-gpu:compileJava UP-TO-DATE
> Task :vectors-gpu:classes UP-TO-DATE
> Task :vectors-quantization:compileJava UP-TO-DATE
> Task :vectors-quantization:classes UP-TO-DATE
> Task :vectors-gpu:jar UP-TO-DATE
> Task :vectors-quantization:jar UP-TO-DATE
> Task :vectors-vamana:compileJava UP-TO-DATE
> Task :vectors-vamana:classes UP-TO-DATE
> Task :vectors-ivf:compileJava UP-TO-DATE
> Task :vectors-ivf:classes UP-TO-DATE
> Task :vectors-vamana:jar UP-TO-DATE
> Task :vectors-ivf:jar UP-TO-DATE
> Task :vectors-hnsw:compileJava
> Task :vectors-hnsw:classes
> Task :vectors-hnsw:jar
> Task :vectors-db:compileJava
> Task :vectors-db:classes
> Task :vectors-db:jar
> Task :vectors-core:compileTestJava
> Task :vectors-core:processTestResources UP-TO-DATE
> Task :vectors-core:testClasses
> Task :vectors-hnsw:compileTestJava
> Task :vectors-hnsw:testClasses
> Task :vectors-db:compileTestJava
> Task :vectors-db:testClasses

> Task :vectors-core:test
WARNING: Using incubator modules: jdk.incubator.vector
WARNING: Using incubator modules: jdk.incubator.vector

CoreValueTypesTest > documentFactoriesAndMetadataValuesPreserveTheirContracts() PASSED

CoreValueTypesTest > filterFactoriesBuildTheFullTypedAst() PASSED

CoreValueTypesTest > filterNodesRejectInvalidStructureAndCopyLists() PASSED

BFloat16MatrixTest > multipliesKnownBfloat16BitPatternsWithFloatAccumulation() PASSED

BFloat16MatrixTest > readsFromMappedStorage(Path) PASSED

BFloat16MatrixTest > multipliesLargeRowCountsWithSequentialMemoryAccess() PASSED

BFloat16MatrixTest > multipliesBatchMajorActivationsIntoAnOffsetOutputRegion() PASSED

BFloat16MatrixTest > slicesRowsWithoutCopyingAndReadsIndividualValues() PASSED

BFloat16MatrixTest > sharedLargeBatchMatchesIndependentMatrixVectorProductsExactly() PASSED

BFloat16MatrixTest > rejectsBadGeometryStorageAndInvocation() PASSED

BFloat16MatrixTest > multipliesCompleteVectorBlocksAndScalarTail() PASSED

BFloat16MatrixTest > preservesSubnormalAndRoundedReferenceValues() PASSED

DocumentsTest > andAppendsPrebuiltDocuments() PASSED

DocumentsTest > emptyFactoryThenAdds() PASSED

DocumentsTest > iteratesInInsertionOrder() PASSED

DocumentsTest > isAListOfDocument() PASSED

DocumentsTest > varargsFactoryWrapsExistingDocuments() PASSED

DocumentsTest > seedFactoryThenFluentAddsBuildInOrder() PASSED

F32ExecutionMatrixTest > ownsLittleEndianF32WeightsCopiedFromForeignMemory() PASSED

F32ExecutionMatrixTest > rejectsInvalidGeometryAndStorage() PASSED

F32ExecutionMatrixTest > ownsAndMultipliesARowMajorExecutionCopyForBatchAndRowTails() PASSED

FusedSimilarityTest > everySimilarityMatchesItsScalarComparison() PASSED

FusedSimilarityTest > zeroCountIsAllowed() PASSED

FusedSimilarityTest > validatesEveryInputBoundary() PASSED

GgufBandGemmTest > defaultEntryPointRunsTheReportedKernel() PASSED

GgufBandGemmTest > rejectsUnknownKernelNames() PASSED

CosineAllocationTest > compiledCosinePreservesStartingRevisionBitsAtVectorBoundariesAndTails() PASSED

CosineAllocationTest > warmedCosineDoesNotAllocateATemporaryArrayPerPair() PASSED

GgufBandGemmTest > propertySelectsBandAndCapabilitiesReportItInAFreshJvm(int, String) > maxBits=256 tile=4x4 PASSED

CosineAllocationTest > interpretedCosinePreservesStartingRevisionBitsAtVectorBoundariesAndTails() PASSED

EmbeddingProvenanceTest > a bare vector is allowed and simply carries no provenance PASSED

EmbeddingProvenanceTest > staleness is decidable: changed content stops matching PASSED

EmbeddingProvenanceTest > a recipe accepts a document that carries provenance, by text or by hash PASSED

EmbeddingProvenanceTest > length prefixing stops adjacent fields colliding PASSED

EmbeddingProvenanceTest > attestation distinguishes a verifiable model from one we were merely told about PASSED

EmbeddingProvenanceTest > recipeHash is stable across map ordering, so it can be compared across versions PASSED

EmbeddingProvenanceTest > the recipe's prefixes are asymmetric, which is the point of holding them centrally PASSED

EmbeddingProvenanceTest > every component that changes the vector changes the recipe hash PASSED

EmbeddingProvenanceTest > a malformed supplied hash is rejected, not stored PASSED

EmbeddingProvenanceTest > a recipe refuses a document with no provenance, and says why PASSED

EmbeddingProvenanceTest > a document always has a hash, derived from its text when one is given PASSED

EmbeddingProvenanceTest > source may be omitted deliberately, in which case the hash carries the provenance PASSED

F32ExecutionMatrixColdHotTest > ownedF32ExecutionIsBitIdenticalBeforeAndAfterCompilationAt128Bits() PASSED

GgufBandGemmTest > propertySelectsBandAndCapabilitiesReportItInAFreshJvm(int, String) > maxBits=128 tile=3x3 PASSED

F32ExecutionMatrixColdHotTest > ownedF32ExecutionIsBitIdenticalBeforeAndAfterCompilationAt256Bits() PASSED

F32ExecutionMatrixColdHotTest > ownedF32ExecutionIsBitIdenticalBeforeAndAfterCompilationAt64Bits() PASSED

FusedSimilaritySegmentTest > validatesArguments(SimilarityFunction) > [1] sim=EUCLIDEAN PASSED

FusedSimilaritySegmentTest > validatesArguments(SimilarityFunction) > [2] sim=DOT_PRODUCT PASSED

FusedSimilaritySegmentTest > validatesArguments(SimilarityFunction) > [3] sim=COSINE PASSED

FusedSimilaritySegmentTest > validatesArguments(SimilarityFunction) > [4] sim=MAXIMUM_INNER_PRODUCT PASSED

FusedSimilaritySegmentTest > bulkCompareSegments_matchesFloatArrayAndScalar(SimilarityFunction) > [1] sim=EUCLIDEAN PASSED

FusedSimilaritySegmentTest > bulkCompareSegments_matchesFloatArrayAndScalar(SimilarityFunction) > [2] sim=DOT_PRODUCT PASSED

FusedSimilaritySegmentTest > bulkCompareSegments_matchesFloatArrayAndScalar(SimilarityFunction) > [3] sim=COSINE PASSED

FusedSimilaritySegmentTest > bulkCompareSegments_matchesFloatArrayAndScalar(SimilarityFunction) > [4] sim=MAXIMUM_INNER_PRODUCT PASSED

FusedSimilaritySegmentTest > zeroCount_isNoOp(SimilarityFunction) > [1] sim=EUCLIDEAN PASSED

FusedSimilaritySegmentTest > zeroCount_isNoOp(SimilarityFunction) > [2] sim=DOT_PRODUCT PASSED

FusedSimilaritySegmentTest > zeroCount_isNoOp(SimilarityFunction) > [3] sim=COSINE PASSED

FusedSimilaritySegmentTest > zeroCount_isNoOp(SimilarityFunction) > [4] sim=MAXIMUM_INNER_PRODUCT PASSED

GgufBatchDispatchTest > routingPredicateSwitchesExactlyAtTheThreshold() PASSED

GgufBatchDispatchTest > singleMatrixEntryPointRoutesByBatchAtTheBoundary(Format) > [1] format=Q4_K PASSED

GgufBatchDispatchTest > singleMatrixEntryPointRoutesByBatchAtTheBoundary(Format) > [2] format=Q6_K PASSED

GgufBatchDispatchTest > singleMatrixEntryPointRoutesByBatchAtTheBoundary(Format) > [3] format=Q8_0 PASSED

GgufBatchDispatchTest > propertySelectsDispatchReportsThresholdsAndCountsInAFreshJvm() PASSED

GgufBatchDispatchTest > thresholdsAreThePreRegisteredValues() PASSED

GgufBatchDispatchTest > groupedQ8_0EntryPointsRouteByBatch() PASSED

GgufBandGemmTest > propertySelectsBandAndCapabilitiesReportItInAFreshJvm(int, String) > maxBits=128 tile=4x4 PASSED

GgufBandGemmTest > bandMatchesExactReferenceAndIntegerKernelsWithinBounds(Format, int, int, int) > Q4_K batch=1 rows=1 cols=256 PASSED

GgufBatchDispatchTest > groupedQ4_KEntryPointsRouteEachMatrixByItsOwnFormatThreshold() PASSED

GgufKQuantDequantTest > propertyParsingAndDefault() PASSED

GgufBandGemmTest > bandMatchesExactReferenceAndIntegerKernelsWithinBounds(Format, int, int, int) > Q4_K batch=1 rows=7 cols=256 PASSED

GgufKQuantDequantTest > scalarArmIsTheExistingReferenceLoops() PASSED

GgufBandGemmTest > bandMatchesExactReferenceAndIntegerKernelsWithinBounds(Format, int, int, int) > Q4_K batch=2 rows=5 cols=512 PASSED

GgufBandGemmTest > bandMatchesExactReferenceAndIntegerKernelsWithinBounds(Format, int, int, int) > Q4_K batch=3 rows=3 cols=768 PASSED

GgufBandGemmTest > bandMatchesExactReferenceAndIntegerKernelsWithinBounds(Format, int, int, int) > Q4_K batch=4 rows=97 cols=768 PASSED

GgufBandGemmTest > bandMatchesExactReferenceAndIntegerKernelsWithinBounds(Format, int, int, int) > Q4_K batch=5 rows=13 cols=2560 PASSED

GgufBandGemmTest > bandMatchesExactReferenceAndIntegerKernelsWithinBounds(Format, int, int, int) > Q4_K batch=7 rows=200 cols=1280 PASSED

GgufBandGemmTest > bandMatchesExactReferenceAndIntegerKernelsWithinBounds(Format, int, int, int) > Q4_K batch=11 rows=64 cols=256 PASSED

GgufBandGemmTest > bandMatchesExactReferenceAndIntegerKernelsWithinBounds(Format, int, int, int) > Q4_K batch=1 rows=130 cols=2560 PASSED

GgufBandGemmTest > bandMatchesExactReferenceAndIntegerKernelsWithinBounds(Format, int, int, int) > Q4_K batch=5 rows=512 cols=2560 PASSED

GgufBandGemmTest > bandMatchesExactReferenceAndIntegerKernelsWithinBounds(Format, int, int, int) > Q6_K batch=1 rows=1 cols=256 PASSED

GgufBandGemmTest > bandMatchesExactReferenceAndIntegerKernelsWithinBounds(Format, int, int, int) > Q6_K batch=1 rows=7 cols=256 PASSED

GgufBandGemmTest > bandMatchesExactReferenceAndIntegerKernelsWithinBounds(Format, int, int, int) > Q6_K batch=2 rows=5 cols=512 PASSED

GgufBandGemmTest > bandMatchesExactReferenceAndIntegerKernelsWithinBounds(Format, int, int, int) > Q6_K batch=3 rows=3 cols=768 PASSED

GgufBandGemmTest > bandMatchesExactReferenceAndIntegerKernelsWithinBounds(Format, int, int, int) > Q6_K batch=4 rows=97 cols=768 PASSED

GgufBandGemmTest > bandMatchesExactReferenceAndIntegerKernelsWithinBounds(Format, int, int, int) > Q6_K batch=5 rows=13 cols=2560 PASSED

GgufKQuantDequantTest > propertySelectsArmAndItIsBitIdenticalInAFreshJvm(int, String) > maxBits=128 dequant=scalar PASSED

GgufBandGemmTest > bandMatchesExactReferenceAndIntegerKernelsWithinBounds(Format, int, int, int) > Q6_K batch=7 rows=200 cols=1280 PASSED

GgufBandGemmTest > bandMatchesExactReferenceAndIntegerKernelsWithinBounds(Format, int, int, int) > Q6_K batch=11 rows=64 cols=256 PASSED

GgufBandGemmTest > bandMatchesExactReferenceAndIntegerKernelsWithinBounds(Format, int, int, int) > Q6_K batch=1 rows=130 cols=2560 PASSED

GgufBandGemmTest > bandMatchesExactReferenceAndIntegerKernelsWithinBounds(Format, int, int, int) > Q6_K batch=5 rows=512 cols=2560 PASSED

GgufBandGemmTest > bandMatchesExactReferenceAndIntegerKernelsWithinBounds(Format, int, int, int) > Q8_0 batch=1 rows=1 cols=32 PASSED

GgufBandGemmTest > bandMatchesExactReferenceAndIntegerKernelsWithinBounds(Format, int, int, int) > Q8_0 batch=2 rows=3 cols=96 PASSED

GgufBandGemmTest > bandMatchesExactReferenceAndIntegerKernelsWithinBounds(Format, int, int, int) > Q8_0 batch=5 rows=7 cols=544 PASSED

GgufBandGemmTest > bandMatchesExactReferenceAndIntegerKernelsWithinBounds(Format, int, int, int) > Q8_0 batch=4 rows=97 cols=1024 PASSED

GgufBandGemmTest > bandMatchesExactReferenceAndIntegerKernelsWithinBounds(Format, int, int, int) > Q8_0 batch=7 rows=33 cols=2048 PASSED

GgufBandGemmTest > bandMatchesExactReferenceAndIntegerKernelsWithinBounds(Format, int, int, int) > Q8_0 batch=1 rows=200 cols=2560 PASSED

GgufBandGemmTest > bandMatchesExactReferenceAndIntegerKernelsWithinBounds(Format, int, int, int) > Q8_0 batch=3 rows=1600 cols=2560 PASSED

GgufParallelSupportTest > persistentExecutorRunsEveryRowExactlyOnceAcrossRepeatedDispatches() PASSED

GgufParallelSupportTest > persistentExecutorSerializesConcurrentPublishersWithoutLosingRows() PASSED

GgufKQuantDequantTest > propertySelectsArmAndItIsBitIdenticalInAFreshJvm(int, String) > maxBits=128 dequant=simd-byte PASSED

> Task :vectors-db:test
WARNING: Using incubator modules: jdk.incubator.vector

PreparedFlatScanTest > batchRecomputesNormsAfterStoredRowsAndQueriesChange() PASSED

PreparedFlatScanTest > singleAndBatchPreserveScoresAndTiesAndRecomputeAfterQueryMutation() PASSED
WARNING: Using incubator modules: jdk.incubator.vector

> Task :vectors-hnsw:test
WARNING: Using incubator modules: jdk.incubator.vector
WARNING: Using incubator modules: jdk.incubator.vector

ConcurrentHnswGraphBuilderAppendTest > mismatchedInputsAreRejected() PASSED

ConcurrentHnswGraphBuilderAppendTest > carriedOverEdgesSurvive() PASSED

ConcurrentHnswGraphBuilderAppendTest > appendedNodesAreReachableFromTheGraph() PASSED

ConcurrentHnswGraphBuilderSelfLoopTest > parallelBuildHasNoSelfLoopsOrOutOfRangeOrDuplicateNeighbors() PASSED

HnswAppendOwnershipTest > rejectsInvalidInPlaceInputsBeforeMutatingGraph() PASSED

HnswAppendOwnershipTest > appendCompletesEveryNodeAndRetainsCallerExecutor() PASSED

ConcurrentHnswGraphBuilderAppendTest > appendedGraphRetrievesAsWellAsARebuiltOne() PASSED

ConcurrentHnswGraphBuilderAppendTest > appendingNothingIsTheSameGraph() PASSED

ConcurrentHnswGraphBuilderAppendTest > everyLayerZeroArrayRespectsTheConnectionLimit() PASSED

DistinctNeighborInsertTest > knownDistinctInsertionPreservesLegacyOrderAndRawScores() PASSED

DistinctNeighborInsertTest > fullDestinationIsRejectedWithoutMutation() PASSED

ExactScoreCacheTest > collisionsNeverReturnAnotherPairsScore() PASSED

ExactScoreCacheTest > repeatPruningReusesExactScoresWithoutChangingSelectedEdges() PASSED

ResultDrainTest > drainMatchesLegacyOrderAndRawScoresIncludingTies() PASSED

ResultDrainTest > insufficientCapacityDoesNotConsumeTheQueueOrChangeTheDestination() PASSED

ResultDrainTest > concurrentDrainAllocatesOnlyItsDestinationArrays() PASSED

> Task :vectors-db:freezePerf

> Task :vectors-core:test

GgufParallelSupportTest > persistentExecutorClosesImmediatelyAfterACompletedDispatch() PASSED

GgufParallelSupportTest > confinedSegmentsRemainOnTheirOwnerThread() PASSED

GgufParallelSupportTest > executionModePropertyIsValidated() PASSED

GgufParallelSupportTest > workCalculationDoesNotOverflowIntRange() PASSED

GgufParallelSupportTest > persistentExecutorPropagatesWorkerFailureAndRemainsReusable() PASSED

GgufParallelSupportTest > persistentExecutorRunsOrderedStagesWithExactRangeCoverage() PASSED

GgufParallelSupportTest > persistentExecutorPropagatesStageFailureAndRemainsReusable() PASSED

GgufParallelSupportTest > groupedRowsRemainOnOwnerWhenAnySegmentIsConfined() PASSED

GgufParallelSupportTest > persistentExecutorSerializesConcurrentStagePublishers() PASSED

GgufParallelSupportTest > parallelizesOnlyLargeMatricesWhenMultipleProcessorsAreAvailable() PASSED

GgufParallelSupportTest > everyExecutionModeRunsEachRowExactlyOnce() PASSED

GgufParallelSupportTest > pollBudgetIsSettableAtRunTimeAndParksWhenZero() PASSED

GgufParallelSupportTest > persistentExecutorHandlesMaximumChunkConfigurationWithoutOverflow() PASSED

GgufParallelSupportTest > q8ThresholdKeepsSmallMatricesSerialAndLargeMatricesParallel() PASSED

MaxBitsSelectionTest > capsSpeciesWiderThanTheCeiling() PASSED

MaxBitsSelectionTest > leavesSpeciesWithinTheCeilingUntouched() PASSED

MaxBitsSelectionTest > effectiveKernelWidthNeverExceedsCapOrHardware() PASSED

MaxBitsSelectionTest > resolvedCapMatchesTheTestJvmConfiguration() PASSED

MaxBitsSelectionTest > rejectsNonNumericValue() PASSED

MaxBitsSelectionTest > parsesValidPowerOfTwoWidths() PASSED

MaxBitsSelectionTest > defaultCapIs256() PASSED

MaxBitsSelectionTest > rejectsNonPowerOfTwo() PASSED

MaxBitsSelectionTest > rejectsOutOfRangeWidths() PASSED

PackedInt4GroupMatrixTest > rowMajorKernelMatchesAnIndependentDequantizedReference() PASSED

PackedInt4GroupMatrixTest > rightHandBatchReusesWeightsAcrossIndependentInputRows() PASSED

PackedInt4GroupMatrixTest > rowMajorBatchReusesWeightsAcrossIndependentInputRows() PASSED

PackedInt4GroupMatrixTest > publicFacadeRejectsMalformedGeometryBeforeDispatch() PASSED

PackedInt4GroupMatrixTest > rightHandKernelMatchesAnIndependentDequantizedReference() PASSED

PackedInt4GroupMatrixTest > preparedInt8BatchStaysCloseToTheFullPrecisionActivationPath() PASSED

PanamaGgufQuantizedDotTest > panamaProviderOwnsQ4_0Q8_0Kernel() PASSED

PanamaGgufQuantizedDotTest > panamaProviderOwnsQ6_KFourQueryRegisterTile() PASSED

PanamaGgufQuantizedDotTest > panamaProviderOwnsQ5_KFourQueryRegisterTile() PASSED

PanamaGgufQuantizedDotTest > panamaProviderOwnsQ4_KFourQueryRegisterTile() PASSED

PanamaGgufQuantizedDotTest > q6_KOneQueryBlockHelperReturnsPrimitiveSum() PASSED

PanamaGgufQuantizedDotTest > q5_0Q8_0IntegerLanesDecodeHighBits() PASSED

PanamaGgufQuantizedDotTest > panamaProviderOwnsQ6_KQ8_KKernel() PASSED

PanamaGgufQuantizedDotTest > q8_0BlockMajorFloatLaneAccumulatorIsDeterministicAndBoundedAcrossModelSizedInputs() PASSED

PanamaGgufQuantizedDotTest > panamaProviderOwnsQ5_KQ8_KKernel() PASSED

PanamaGgufQuantizedDotTest > q8FloatLaneScratchReusesCapacityPerThread() PASSED

PanamaGgufQuantizedDotTest > panamaProviderOwnsQ4_KQ8_KKernel() PASSED

PanamaGgufQuantizedDotTest > q8_0Q8_0BlockMajorPrequantizedRowRangesMatchScalarReferenceExactly() PASSED

GgufKQuantDequantTest > propertySelectsArmAndItIsBitIdenticalInAFreshJvm(int, String) > maxBits=128 dequant=simd-int PASSED

PanamaGgufQuantizedDotTest > q4_0Q8_0UnsignedPairwiseRowPreservesSplitHalfAccumulation() PASSED

PanamaGgufQuantizedDotTest > q4_0Q8_0UnsignedBlockPairAccumulatesIntoCallerVectorExactly() PASSED

PanamaGgufQuantizedDotTest > q4_KQ8_KKernelMatchesScalarReferenceAcrossRowsAndBlocks() PASSED

PanamaGgufQuantizedDotTest > q4ShortPairwiseRequiresExplicitSelectionAvx2WidthAndModelSizedRows() PASSED

PanamaGgufQuantizedDotTest > q4_0UnsignedBlockPairsStayNumericallyCloseToGemvForOddAndEvenBlockCounts() PASSED

PanamaGgufQuantizedDotTest > q5_0Q8_0BatchedKernelMatchesScalarReferenceExactly() PASSED

PanamaGgufQuantizedDotTest > explicitQ4KernelSelectionCannotBypassHardwareEligibility() PASSED

PanamaGgufQuantizedDotTest > q8_0QuantizationProducesExactQ4ZeroPointCorrections() PASSED

PanamaGgufQuantizedDotTest > q4_0Q8_0KernelMatchesScalarReferenceAcrossRowsAndBlocks() PASSED

PanamaGgufQuantizedDotTest > q6_KQ8_KIntegerDotDecodesPackedWeightsAndSignedScales() PASSED

PanamaGgufQuantizedDotTest > q8_0Q8_0PrequantizedRowRangesMatchScalarReferenceExactly() PASSED

PanamaGgufQuantizedDotTest > q5_KQ8_KKernelMatchesScalarReferenceAcrossRowsAndBlocks() PASSED

PanamaGgufQuantizedDotTest > q6_KTwoQueryBlockHelperPacksPrimitiveSums() PASSED

PanamaGgufQuantizedDotTest > q5_0Q8_0KernelMatchesScalarReferenceAcrossRowsAndBlocks() PASSED

PanamaGgufQuantizedDotTest > q6_KQ8_KKernelMatchesScalarReferenceAcrossRowsAndBlocks() PASSED

PanamaGgufQuantizedDotTest > q5_KQ8_KIntegerDotDecodesPerElementHighBits() PASSED

PanamaGgufQuantizedDotTest > q4_KFourQueryRegisterTileRequiresMeasuredX86VectorEnvelope() PASSED

PanamaGgufQuantizedDotTest > q4_0Q8_0UnsignedPairwiseBatchedMatmulUsesIntegerHalvesOrTheSupportedFallback() PASSED

PanamaGgufQuantizedDotTest > panamaProviderOwnsQ6_KQ8_KBatchedKernel() PASSED

PanamaGgufQuantizedDotTest > q8_0BlockMajorRowAccumulatorMatchesScalarSplitRangeExactly() PASSED

PanamaGgufQuantizedDotTest > panamaProviderOwnsQ8_0Q8_0Kernel() PASSED

PanamaGgufQuantizedDotTest > panamaProviderOwnsQ5_KQ8_KBatchedKernel() PASSED

PanamaGgufQuantizedDotTest > q4HighNibblesDecodeEveryUnsignedByteWithoutCrossLaneBits() PASSED

PanamaGgufQuantizedDotTest > q5_KFourQueryRegisterTileRequiresMeasuredX86VectorEnvelope() PASSED

PanamaGgufQuantizedDotTest > q4_0Q8_0ShortPairwiseIntegerLanesMatchWidenedKernelExactly() PASSED

PanamaGgufQuantizedDotTest > q8_0Q8_0KernelMatchesScalarReferenceAcrossRowsAndBlocks() PASSED

PanamaGgufQuantizedDotTest > q4_KQ8_KIntegerDotDecodesBothNibbleHalves() PASSED

PanamaGgufQuantizedDotTest > q4_0Q8_0IntegerLanesSumFourProductsPerLane() PASSED

PanamaGgufQuantizedDotTest > panamaProviderOwnsQ4_KQ8_KBatchedKernel() PASSED

PanamaGgufQuantizedDotTest > q6_KFourQueryRegisterTileRequiresMeasuredX86VectorEnvelope() PASSED

PanamaGgufQuantizedDotTest > panamaProviderOwnsQ8_0Q8_0BatchedKernel() PASSED

PanamaGgufQuantizedDotTest > panamaProviderOwnsQ5_0Q8_0Kernel() PASSED

PanamaGgufQuantizedDotTest > q8_0BatchQuantizationCombinesQ4HalfCorrections() PASSED

PanamaGgufQuantizedDotTest > kQuantPackedDotHelpersReturnPrimitivesToPreserveScalarReplacement() PASSED

PanamaGgufQuantizedDotTest > unsignedPairwiseFallbackDoesNotComputeUnusedCorrections() PASSED

PreparedCosineTest > preparedBothNormsAgreeWithIndependentDoublePrecisionReference() PASSED

GgufKQuantDequantTest > propertySelectsArmAndItIsBitIdenticalInAFreshJvm(int, String) > maxBits=128 dequant=simd-split PASSED

PreparedCosineTest > preparedQueryPreservesArrayAndSegmentScoreBits() PASSED

GgufKQuantDequantTest > propertySelectsArmAndItIsBitIdenticalInAFreshJvm(int, String) > maxBits=256 dequant=scalar PASSED

Q4KColdHotDeterminismTest > q4_K128BitKernelIsBitIdenticalBeforeAndAfterCompilation() PASSED

GgufKQuantDequantTest > propertySelectsArmAndItIsBitIdenticalInAFreshJvm(int, String) > maxBits=256 dequant=simd-byte PASSED

Q4KColdHotDeterminismTest > q4_K256BitKernelIsBitIdenticalBeforeAndAfterCompilation() PASSED

GgufKQuantDequantTest > propertySelectsArmAndItIsBitIdenticalInAFreshJvm(int, String) > maxBits=256 dequant=simd-int PASSED

Q5KColdHotDeterminismTest > q5_K128BitKernelIsBitIdenticalBeforeAndAfterCompilation() PASSED

GgufKQuantDequantTest > propertySelectsArmAndItIsBitIdenticalInAFreshJvm(int, String) > maxBits=256 dequant=simd-split PASSED

GgufKQuantDequantTest > everyArmIsBitIdenticalToScalarOnAdversarialAndRandomBlocks(Arm, int) > SCALAR format=0 PASSED

GgufKQuantDequantTest > everyArmIsBitIdenticalToScalarOnAdversarialAndRandomBlocks(Arm, int) > SCALAR format=1 PASSED

GgufKQuantDequantTest > everyArmIsBitIdenticalToScalarOnAdversarialAndRandomBlocks(Arm, int) > SIMD_BYTE format=0 PASSED

GgufKQuantDequantTest > everyArmIsBitIdenticalToScalarOnAdversarialAndRandomBlocks(Arm, int) > SIMD_BYTE format=1 PASSED

GgufKQuantDequantTest > everyArmIsBitIdenticalToScalarOnAdversarialAndRandomBlocks(Arm, int) > SIMD_INT format=0 PASSED

GgufKQuantDequantTest > everyArmIsBitIdenticalToScalarOnAdversarialAndRandomBlocks(Arm, int) > SIMD_INT format=1 PASSED

GgufKQuantDequantTest > everyArmIsBitIdenticalToScalarOnAdversarialAndRandomBlocks(Arm, int) > SIMD_SPLIT format=0 PASSED

GgufKQuantDequantTest > everyArmIsBitIdenticalToScalarOnAdversarialAndRandomBlocks(Arm, int) > SIMD_SPLIT format=1 PASSED

GgufKQuantDequantTest > fusedArmsFallBackToSplitOnlyWithoutALaneMatchedByteSpecies() PASSED

GgufKQuantDequantTest > multiBlockRunsHonourSourceOffsetAndDestinationOffset(Arm, int) > SCALAR format=0 PASSED

GgufKQuantDequantTest > multiBlockRunsHonourSourceOffsetAndDestinationOffset(Arm, int) > SCALAR format=1 PASSED

GgufKQuantDequantTest > multiBlockRunsHonourSourceOffsetAndDestinationOffset(Arm, int) > SIMD_BYTE format=0 PASSED

GgufKQuantDequantTest > multiBlockRunsHonourSourceOffsetAndDestinationOffset(Arm, int) > SIMD_BYTE format=1 PASSED

GgufKQuantDequantTest > multiBlockRunsHonourSourceOffsetAndDestinationOffset(Arm, int) > SIMD_INT format=0 PASSED

GgufKQuantDequantTest > multiBlockRunsHonourSourceOffsetAndDestinationOffset(Arm, int) > SIMD_INT format=1 PASSED

GgufKQuantDequantTest > multiBlockRunsHonourSourceOffsetAndDestinationOffset(Arm, int) > SIMD_SPLIT format=0 PASSED

GgufKQuantDequantTest > multiBlockRunsHonourSourceOffsetAndDestinationOffset(Arm, int) > SIMD_SPLIT format=1 PASSED

GgufQ8_0F32MatrixTest > expandsQ8BlocksAndMultipliesBatchMajorInputsIncludingRowAndBatchTails() PASSED

GgufQ8_0F32MatrixTest > rejectsInvalidGeometryStorageAndBatchRanges() PASSED

GgufQ8_0F32MatrixTest > reportsSerializedAndExpandedStorageCosts() PASSED

GgufQ8_0F32MatrixTest > ownsTheExpandedExecutionLayoutInsteadOfRetainingTheSourceSegment() PASSED

GgufQuantizedDotTest > q8_0BlockRangeActivationQuantizationMatchesWholeBatchExactly() PASSED

GgufQuantizedDotTest > q4_KQ8_KTripleBatchDotProductMatchesSeparateMatmulsExactly() PASSED

GgufQuantizedDotTest > q4_0Q8_0DualBatchedMatmulMatchesSeparateBatchedMatmulsExactly() PASSED

GgufQuantizedDotTest > q8_0Q8_0TripleBatchedMatmulMatchesSeparateBatchedMatmulsExactly() PASSED

Q5KColdHotDeterminismTest > q5_K256BitKernelIsBitIdenticalBeforeAndAfterCompilation() PASSED

GgufQuantizedDotTest > q4_KQ8_KBatchedMatmulMatchesGemvAtProjectionScaleAfterWarmup() PASSED

GgufQuantizedDotTest > q8_0Q8_0BatchedMatmulMatchesIndependentQueriesExactly() PASSED

Q6KColdHotDeterminismTest > q6_K256BitKernelIsBitIdenticalBeforeAndAfterCompilation() PASSED

GgufQuantizedDotTest > q5_KQ8_KBatchedMatmulMatchesGemvAtProjectionScaleAfterWarmup() PASSED

GgufQuantizedDotTest > q8_0Q8_0DualBatchedMatmulMatchesSeparateBatchedMatmulsExactly() PASSED

GgufQuantizedDotTest > q8_0Q8_0TripleBatchDotProductMatchesSeparateMatmulsExactly() PASSED

GgufQuantizedDotTest > q5_KQ8_KBatchDotProduct_matchesQuantizedActivationReferenceWithMins() PASSED

GgufQuantizedDotTest > q5_KQ8_KTripleBatchDotProductMatchesSeparateMatmulsExactly() PASSED

GgufQuantizedDotTest > q6_KQ8_KBatchedMatmulMatchesGemvAtProjectionScaleAfterWarmup() PASSED

GgufQuantizedDotTest > q5_KDotProduct_matchesDecodedReferenceWithHighBitsScalesAndMins() PASSED

GgufQuantizedDotTest > q4_KQ8_KBatchedMatmulRejectsUndersizedSumScratch() PASSED

GgufQuantizedDotTest > q4_KLongOffsetRowsMatchTheEstablishedMappedKernelExactly() PASSED

GgufQuantizedDotTest > q4_0DotProduct_matchesDecodedReference() PASSED

GgufQuantizedDotTest > q6_KDotProduct_matchesDecodedReference() PASSED

GgufQuantizedDotTest > activationQuantizedBatchDotProducts_rejectUndersizedScratch() PASSED

GgufQuantizedDotTest > q4_0Q8_0ExplicitKernelModesMatchExactlyForModelSizedRows() PASSED

GgufQuantizedDotTest > q5_0Q8_0BatchDotProduct_quantizesTheQueryOnceUsingGgmlSemantics() PASSED

GgufQuantizedDotTest > q5_KMappedBatchedMatmulMatchesDirectKernelExactly() PASSED

GgufQuantizedDotTest > blockMajorQ8_0ActivationLayoutMatchesPackedWholeAndSplitQuantizationExactly() PASSED

GgufQuantizedDotTest > q4_0PrequantizedRowRangesComposeToTheExactBatchedResult() PASSED

GgufQuantizedDotTest > q4_KQ4_KQ6_KQ8_KTripleBatchedMatmulMatchesSeparateBatchedMatmulsExactly() PASSED

GgufQuantizedDotTest > q4_KDequantize_matchesDecodedReferenceAtOutputOffset() PASSED

GgufQuantizedDotTest > q4_KDotProduct_matchesDecodedReferenceWithPackedScalesAndMins() PASSED

GgufQuantizedDotTest > q4_KQ8_KBatchedMatmulMatchesIndependentQueriesExactly() PASSED

GgufQuantizedDotTest > q8_0Q8_0DualBatchDotProductMatchesSeparateMatmulsExactly() PASSED

GgufQuantizedDotTest > q6_KQ8_KBatchDotProduct_reusesIndependentScratchAcrossParallelRows() PASSED

GgufQuantizedDotTest > quantizedDotRejectsNonBlockAlignedDimensions() PASSED

GgufQuantizedDotTest > q5_KLongOffsetRowsMatchTheEstablishedMappedKernelExactly() PASSED

GgufQuantizedDotTest > q6_KQ8_KBatchedMatmulRejectsUndersizedScaleScratch() PASSED

GgufQuantizedDotTest > q8_0Q8_0BatchedMatmulMatchesGemvAtProjectionScaleAfterWarmup() PASSED

GgufQuantizedDotTest > q8_0Q8_0BatchedMatmulDoesNotOverflowA16BitLaneReduction() PASSED

GgufQuantizedDotTest > q4_KQ8_KBatchDotProduct_quantizesTheQueryOnceUsingGgmlSemantics() PASSED

GgufQuantizedDotTest > blockMajorQ8_0BatchRangeQuantizationMatchesWholeBatchExactlyWhenConcurrent() PASSED

GgufQuantizedDotTest > explicitBlockMajorQ8KernelsMatchPackedRowsExactly() PASSED

GgufQuantizedDotTest > q6_KQ8_KBatchedMatmulRejectsMissingKernelStrategy() PASSED

GgufQuantizedDotTest > q5_0Q8_0BatchedMatmulMatchesIndependentQueriesExactly() PASSED

GgufQuantizedDotTest > q6_KMappedBatchedMatmulMatchesDirectKernelExactly() PASSED

GgufQuantizedDotTest > q4_KQ4_KQ6_KQ8_KTripleBatchDotProductMatchesSeparateMatmulsExactly() PASSED

GgufQuantizedDotTest > q4_0Q8_0TripleBatchDotProductMatchesSeparateMatmulsExactly() PASSED

GgufQuantizedDotTest > q5_KQ8_KBatchedMatmulMatchesIndependentQueriesExactly() PASSED

GgufQuantizedDotTest > q6_KQ8_KFourQueryBlockAccumulatorMatchesWorstCaseSignedInputsExactly() PASSED

GgufQuantizedDotTest > q5_KBatchDotProduct_respectsRowOffsets() PASSED

GgufQuantizedDotTest > q4_0Q8_0SingleQueryBatchMatchesGemvExactly() PASSED

GgufQuantizedDotTest > q8_0DotProduct_matchesDecodedReference() PASSED

GgufQuantizedDotTest > q6_KLongOffsetRowsMatchTheEstablishedMappedKernelExactly() PASSED

GgufQuantizedDotTest > q5_KQ8_KTwoQueryBatchedMatmulMatchesIndependentQueriesExactly() PASSED

GgufQuantizedDotTest > q4_KQ8_KDualBatchDotProductMatchesSeparateMatmulsExactly() PASSED

GgufQuantizedDotTest > q4_0Q8_0BatchedMatmulMatchesIndependentQueriesNumerically() PASSED

GgufQuantizedDotTest > q4_0DotProduct_usesGgmlSplitNibbleLayout() PASSED

GgufQuantizedDotTest > q6_KQ8_KBatchDotProduct_quantizesTheQueryOnceUsingGgmlSemantics() PASSED

GgufQuantizedDotTest > q4_KLongOffsetBatchedMatmulMatchesTheEstablishedKernelExactly() PASSED

GgufQuantizedDotTest > q4_KQ8_KDualBatchedMatmulMatchesSeparateBatchedMatmulsExactly() PASSED

GgufQuantizedDotTest > q5_KDequantize_matchesDecodedReferenceAtOutputOffset() PASSED

GgufQuantizedDotTest > q4_0BatchDotProduct_respectsRowOffsets() PASSED

GgufQuantizedDotTest > q6_KBatchDotProduct_respectsRowOffsets() PASSED

GgufQuantizedDotTest > q5_0Dequantize_matchesDecodedReferenceAtOutputOffset() PASSED

GgufQuantizedDotTest > q4_KQ8_KBatchDotProduct_matchesDequantizedReferenceWithMins() PASSED

GgufQuantizedDotTest > q4_0Q8_0TripleBatchedMatmulMatchesSeparateBatchedMatmulsExactly() PASSED

GgufQuantizedDotTest > q5_KQ8_KBatchedMatmulRejectsUndersizedSumScratch() PASSED

GgufQuantizedDotTest > q5_0DotProduct_matchesDecodedReferenceWithHighBitMask() PASSED

GgufQuantizedDotTest > f32BatchDotProduct_rejectsTruncatedMatrix() PASSED

GgufQuantizedDotTest > f32BatchDotProduct_readsLittleEndianMappedRows() PASSED

GgufQuantizedDotTest > q6_KQ8_KBatchedMatmulMatchesIndependentQueriesExactly() PASSED

GgufQuantizedDotTest > q4_0Q8_0DualBatchDotProductMatchesSeparateMatmulsExactly() PASSED

GgufQuantizedDotTest > q4_0BlockRangeActivationQuantizationMatchesWholeBatchExactly() PASSED

GgufQuantizedDotTest > q5_KQ8_KDualBatchDotProductMatchesSeparateMatmulsExactly() PASSED

GgufQuantizedDotTest > q8_0PrequantizedRowRangesComposeToTheExactBatchedResult() PASSED

GgufQuantizedDotTest > q4_0Q8_0BatchedMatmulMatchesGemvAtQwenProjectionScaleAfterWarmup() PASSED

GgufQuantizedDotTest > q8_0Q8_0BatchDotProduct_quantizesEachQueryBlockUsingGgmlSemantics() PASSED

GgufQuantizedDotTest > q4_0Q8_0BatchedMatmulRejectsUndersizedLaneScratch() PASSED

GgufQuantizedDotTest > blockMajorQ8_0RowsRequireExplicitBlockMajorActivationStorage() PASSED

GgufQuantizedDotTest > q4_0Q8_0BatchDotProduct_quantizesEachQueryBlockUsingGgmlSemantics() PASSED

GgufQuantizedDotTest > q6_KQ8_KBatchedKernelStrategiesMatchTheDefaultExactly() PASSED

GgufQuantizedDotTest > q8_0BatchRejectsInvalidShapeAndBlockRanges() PASSED

GgufQuantizedDotTest > q8_0Q8_0BatchedMatmulRejectsUndersizedScaleScratch() PASSED

GgufQuantizedDotTest > q5_0Q8_0BatchedMatmulRejectsUndersizedScaleScratch() PASSED

GgufQuantizedDotTest > q6_KDequantize_matchesDecodedReferenceAtOutputOffset() PASSED

GgufQuantizedDotTest > q8_0BatchDotProduct_respectsRowOffsets() PASSED

GgufQuantizedDotTest > q4_0Q8_0BatchedMatmulMatchesGemvReductionAcrossBlocks() PASSED

Mxfp4MatrixTest > reusesOnePreparedQ8ActivationAcrossMatrices() PASSED

Mxfp4MatrixTest > rejectsInvalidGeometryStorageAndInvocation() PASSED

Mxfp4MatrixTest > decodesTheFreeTokenE2m1TableInLowThenHighNibbleOrder() PASSED

Mxfp4MatrixTest > q8ActivationKernelStaysCloseToF32ActivationReference() PASSED

Mxfp4MatrixTest > multipliesPackedRowsWithOneE8m0ScalePerThirtyTwoColumns() PASSED

Mxfp4MatrixTest > appliesIndependentScalesToConsecutiveBlocks() PASSED

Mxfp4MatrixTest > slicesRowsWithoutCopying() PASSED

Mxfp4MatrixTest > nativeStorageMatchesHeapStorageForPreparedQ8Execution() PASSED

PanamaConstantsTest > mappedKQuantLongOffsetPolicyResolvesAllHotPathDecisionsOnce() PASSED

PanamaConstantsTest > cpuInfoParserDetectsAuthenticAmdWithFmaFlag() PASSED

PanamaConstantsTest > hasSveIsFalseOnNonArmHosts() PASSED

PanamaConstantsTest > cpuInfoParserDoesNotMatchPartialSveToken() PASSED

PanamaConstantsTest > cpuInfoParserRejectsIntelEvenWhenFmaIsPresent() PASSED

PanamaConstantsTest > armArchDetectionAcceptsAarch64Aliases() PASSED

PanamaConstantsTest > mappedKQuantLongOffsetPolicyIsFormatRuntimeAndPlatformAware() PASSED

PanamaConstantsTest > cpuInfoParserDoesNotMatchPartialFmaFlag() PASSED

PanamaConstantsTest > cpuInfoParserRejectsSveOnX86CpuInfo() PASSED

PanamaConstantsTest > x86ArchDetectionAcceptsCommonAliases() PASSED

PanamaConstantsTest > cpuInfoParserDetectsSveOnArmFeaturesLine() PASSED

PanamaConstantsTest > vectorFmaPolicyIsDeterministicAcrossSupportedPlatforms() PASSED

Q6KReductionOrderContractTest > one super-block: scalar and Panama agree bit for bit PASSED

Q6KReductionOrderContractTest > two super-blocks: the cross-block fold must not change a single bit PASSED

Q6KReductionOrderContractTest > control: Q4_K is bit-identical at the same widths, so the harness is sound PASSED

Q6KReductionOrderContractTest > eight super-blocks: a realistic projection width stays bit-identical PASSED

Q6KColdHotDeterminismTest > q6_K128BitKernelIsBitIdenticalBeforeAndAfterCompilation() PASSED

ScalarVectorUtilSupportTest > mappedF32GgufKernelReadsLittleEndianRows() PASSED

ScalarVectorUtilSupportTest > byteMemoryAndBinaryKernelsReturnReferenceValues() PASSED

ScalarVectorUtilSupportTest > mixedQ4_KQ6_KTripleMatmulMatchesIndependentScalarProjectionsExactly() PASSED

ScalarVectorUtilSupportTest > q8_0BatchedMatmulMatchesIndependentScalarQueriesExactly() PASSED

ScalarVectorUtilSupportTest > mappedBfloat16KernelHonorsActivationAndResultOffsets() PASSED

ScalarVectorUtilSupportTest > fusedAndAdcBatchKernelsCoverFourRowGroupsAndTails() PASSED

ScalarVectorUtilSupportTest > q4_KBatchedMatmulMatchesIndependentScalarQueriesExactly() PASSED

ScalarVectorUtilSupportTest > q5_KBatchedMatmulMatchesIndependentScalarQueriesExactly() PASSED

ScalarVectorUtilSupportTest > q6_KBatchedMatmulMatchesIndependentScalarQueriesExactly() PASSED

ScalarVectorUtilSupportTest > mappedBfloat16KernelReadsLittleEndianRows() PASSED

ScalarVectorUtilSupportTest > mappedBfloat16BatchHonorsActivationAndResultOffsets() PASSED

ScalarVectorUtilSupportTest > floatArrayKernelsCoverUnrolledAndTailPaths() PASSED

ScalarVectorUtilSupportTest > arithmeticAndNormalizationHandleEveryContractBranch() PASSED

TopKTest > select_mixedTiesAndDistinct() PASSED

TopKTest > select_kNegative_returnsEmpty() PASSED

TopKTest > select_descendingOrder() PASSED

TopKTest > select_kEqualsZero_returnsEmpty() PASSED

TopKTest > select_nanScoreRejected() PASSED

TopKTest > select_tiesBrokenByOrdinalAscending() PASSED

TopKTest > select_nullScoresRejected() PASSED

TopKTest > select_negativeAndPositiveScores() PASSED

TopKTest > select_infinityScores() PASSED

TopKTest > select_doesNotMutateInput() PASSED

TopKTest > select_singleElement() PASSED

TopKTest > select_basicTop3() PASSED

TopKTest > select_emptyScores_returnsEmpty() PASSED

TopKTest > select_kGreaterThanN_returnsFullSort() PASSED

TopKTest > select_matchesFullSort_randomArray() PASSED

VectorUtilSupportTest > L2NormalizeTest > alreadyUnitVectorNoChange() PASSED

VectorUtilSupportTest > L2NormalizeTest > panamaMatchesScalar(int) > dim=1 PASSED

VectorUtilSupportTest > L2NormalizeTest > panamaMatchesScalar(int) > dim=2 PASSED

VectorUtilSupportTest > L2NormalizeTest > panamaMatchesScalar(int) > dim=3 PASSED

VectorUtilSupportTest > L2NormalizeTest > panamaMatchesScalar(int) > dim=4 PASSED

VectorUtilSupportTest > L2NormalizeTest > panamaMatchesScalar(int) > dim=5 PASSED

VectorUtilSupportTest > L2NormalizeTest > panamaMatchesScalar(int) > dim=7 PASSED

VectorUtilSupportTest > L2NormalizeTest > panamaMatchesScalar(int) > dim=8 PASSED

VectorUtilSupportTest > L2NormalizeTest > panamaMatchesScalar(int) > dim=9 PASSED

VectorUtilSupportTest > L2NormalizeTest > panamaMatchesScalar(int) > dim=15 PASSED

VectorUtilSupportTest > L2NormalizeTest > panamaMatchesScalar(int) > dim=16 PASSED

VectorUtilSupportTest > L2NormalizeTest > panamaMatchesScalar(int) > dim=17 PASSED

VectorUtilSupportTest > L2NormalizeTest > panamaMatchesScalar(int) > dim=31 PASSED

VectorUtilSupportTest > L2NormalizeTest > panamaMatchesScalar(int) > dim=32 PASSED

VectorUtilSupportTest > L2NormalizeTest > panamaMatchesScalar(int) > dim=33 PASSED

VectorUtilSupportTest > L2NormalizeTest > panamaMatchesScalar(int) > dim=63 PASSED

VectorUtilSupportTest > L2NormalizeTest > panamaMatchesScalar(int) > dim=64 PASSED

VectorUtilSupportTest > L2NormalizeTest > panamaMatchesScalar(int) > dim=65 PASSED

VectorUtilSupportTest > L2NormalizeTest > panamaMatchesScalar(int) > dim=127 PASSED

VectorUtilSupportTest > L2NormalizeTest > panamaMatchesScalar(int) > dim=128 PASSED

VectorUtilSupportTest > L2NormalizeTest > panamaMatchesScalar(int) > dim=129 PASSED

VectorUtilSupportTest > L2NormalizeTest > panamaMatchesScalar(int) > dim=255 PASSED

VectorUtilSupportTest > L2NormalizeTest > panamaMatchesScalar(int) > dim=256 PASSED

VectorUtilSupportTest > L2NormalizeTest > panamaMatchesScalar(int) > dim=257 PASSED

VectorUtilSupportTest > L2NormalizeTest > panamaMatchesScalar(int) > dim=300 PASSED

VectorUtilSupportTest > L2NormalizeTest > panamaMatchesScalar(int) > dim=384 PASSED

VectorUtilSupportTest > L2NormalizeTest > panamaMatchesScalar(int) > dim=511 PASSED

VectorUtilSupportTest > L2NormalizeTest > panamaMatchesScalar(int) > dim=512 PASSED

VectorUtilSupportTest > L2NormalizeTest > panamaMatchesScalar(int) > dim=513 PASSED

VectorUtilSupportTest > L2NormalizeTest > panamaMatchesScalar(int) > dim=768 PASSED

VectorUtilSupportTest > L2NormalizeTest > panamaMatchesScalar(int) > dim=1023 PASSED

VectorUtilSupportTest > L2NormalizeTest > panamaMatchesScalar(int) > dim=1024 PASSED

VectorUtilSupportTest > L2NormalizeTest > panamaMatchesScalar(int) > dim=1025 PASSED

VectorUtilSupportTest > L2NormalizeTest > panamaMatchesScalar(int) > dim=1536 PASSED

VectorUtilSupportTest > L2NormalizeTest > zeroVectorThrowsWhenRequested() PASSED

VectorUtilSupportTest > L2NormalizeTest > zeroVectorReturnsZeroWhenNotThrowing() PASSED

VectorUtilSupportTest > L2NormalizeTest > producesUnitVector(int) > dim=1 PASSED

VectorUtilSupportTest > L2NormalizeTest > producesUnitVector(int) > dim=2 PASSED

VectorUtilSupportTest > L2NormalizeTest > producesUnitVector(int) > dim=3 PASSED

VectorUtilSupportTest > L2NormalizeTest > producesUnitVector(int) > dim=4 PASSED

VectorUtilSupportTest > L2NormalizeTest > producesUnitVector(int) > dim=5 PASSED

VectorUtilSupportTest > L2NormalizeTest > producesUnitVector(int) > dim=7 PASSED

VectorUtilSupportTest > L2NormalizeTest > producesUnitVector(int) > dim=8 PASSED

VectorUtilSupportTest > L2NormalizeTest > producesUnitVector(int) > dim=9 PASSED

VectorUtilSupportTest > L2NormalizeTest > producesUnitVector(int) > dim=15 PASSED

VectorUtilSupportTest > L2NormalizeTest > producesUnitVector(int) > dim=16 PASSED

VectorUtilSupportTest > L2NormalizeTest > producesUnitVector(int) > dim=17 PASSED

VectorUtilSupportTest > L2NormalizeTest > producesUnitVector(int) > dim=31 PASSED

VectorUtilSupportTest > L2NormalizeTest > producesUnitVector(int) > dim=32 PASSED

VectorUtilSupportTest > L2NormalizeTest > producesUnitVector(int) > dim=33 PASSED

VectorUtilSupportTest > L2NormalizeTest > producesUnitVector(int) > dim=63 PASSED

VectorUtilSupportTest > L2NormalizeTest > producesUnitVector(int) > dim=64 PASSED

VectorUtilSupportTest > L2NormalizeTest > producesUnitVector(int) > dim=65 PASSED

VectorUtilSupportTest > L2NormalizeTest > producesUnitVector(int) > dim=127 PASSED

VectorUtilSupportTest > L2NormalizeTest > producesUnitVector(int) > dim=128 PASSED

VectorUtilSupportTest > L2NormalizeTest > producesUnitVector(int) > dim=129 PASSED

VectorUtilSupportTest > L2NormalizeTest > producesUnitVector(int) > dim=255 PASSED

VectorUtilSupportTest > L2NormalizeTest > producesUnitVector(int) > dim=256 PASSED

VectorUtilSupportTest > L2NormalizeTest > producesUnitVector(int) > dim=257 PASSED

VectorUtilSupportTest > L2NormalizeTest > producesUnitVector(int) > dim=300 PASSED

VectorUtilSupportTest > L2NormalizeTest > producesUnitVector(int) > dim=384 PASSED

VectorUtilSupportTest > L2NormalizeTest > producesUnitVector(int) > dim=511 PASSED

VectorUtilSupportTest > L2NormalizeTest > producesUnitVector(int) > dim=512 PASSED

VectorUtilSupportTest > L2NormalizeTest > producesUnitVector(int) > dim=513 PASSED

VectorUtilSupportTest > L2NormalizeTest > producesUnitVector(int) > dim=768 PASSED

VectorUtilSupportTest > L2NormalizeTest > producesUnitVector(int) > dim=1023 PASSED

VectorUtilSupportTest > L2NormalizeTest > producesUnitVector(int) > dim=1024 PASSED

VectorUtilSupportTest > L2NormalizeTest > producesUnitVector(int) > dim=1025 PASSED

VectorUtilSupportTest > L2NormalizeTest > producesUnitVector(int) > dim=1536 PASSED

VectorUtilSupportTest > VectorArithmeticTest > addInPlacePanamaMatchesScalar(int) > dim=1 PASSED

VectorUtilSupportTest > VectorArithmeticTest > addInPlacePanamaMatchesScalar(int) > dim=2 PASSED

VectorUtilSupportTest > VectorArithmeticTest > addInPlacePanamaMatchesScalar(int) > dim=3 PASSED

VectorUtilSupportTest > VectorArithmeticTest > addInPlacePanamaMatchesScalar(int) > dim=4 PASSED

VectorUtilSupportTest > VectorArithmeticTest > addInPlacePanamaMatchesScalar(int) > dim=5 PASSED

VectorUtilSupportTest > VectorArithmeticTest > addInPlacePanamaMatchesScalar(int) > dim=7 PASSED

VectorUtilSupportTest > VectorArithmeticTest > addInPlacePanamaMatchesScalar(int) > dim=8 PASSED

VectorUtilSupportTest > VectorArithmeticTest > addInPlacePanamaMatchesScalar(int) > dim=9 PASSED

VectorUtilSupportTest > VectorArithmeticTest > addInPlacePanamaMatchesScalar(int) > dim=15 PASSED

VectorUtilSupportTest > VectorArithmeticTest > addInPlacePanamaMatchesScalar(int) > dim=16 PASSED

VectorUtilSupportTest > VectorArithmeticTest > addInPlacePanamaMatchesScalar(int) > dim=17 PASSED

VectorUtilSupportTest > VectorArithmeticTest > addInPlacePanamaMatchesScalar(int) > dim=31 PASSED

VectorUtilSupportTest > VectorArithmeticTest > addInPlacePanamaMatchesScalar(int) > dim=32 PASSED

VectorUtilSupportTest > VectorArithmeticTest > addInPlacePanamaMatchesScalar(int) > dim=33 PASSED

VectorUtilSupportTest > VectorArithmeticTest > addInPlacePanamaMatchesScalar(int) > dim=63 PASSED

VectorUtilSupportTest > VectorArithmeticTest > addInPlacePanamaMatchesScalar(int) > dim=64 PASSED

VectorUtilSupportTest > VectorArithmeticTest > addInPlacePanamaMatchesScalar(int) > dim=65 PASSED

VectorUtilSupportTest > VectorArithmeticTest > addInPlacePanamaMatchesScalar(int) > dim=127 PASSED

VectorUtilSupportTest > VectorArithmeticTest > addInPlacePanamaMatchesScalar(int) > dim=128 PASSED

VectorUtilSupportTest > VectorArithmeticTest > addInPlacePanamaMatchesScalar(int) > dim=129 PASSED

VectorUtilSupportTest > VectorArithmeticTest > addInPlacePanamaMatchesScalar(int) > dim=255 PASSED

VectorUtilSupportTest > VectorArithmeticTest > addInPlacePanamaMatchesScalar(int) > dim=256 PASSED

VectorUtilSupportTest > VectorArithmeticTest > addInPlacePanamaMatchesScalar(int) > dim=257 PASSED

VectorUtilSupportTest > VectorArithmeticTest > addInPlacePanamaMatchesScalar(int) > dim=300 PASSED

VectorUtilSupportTest > VectorArithmeticTest > addInPlacePanamaMatchesScalar(int) > dim=384 PASSED

VectorUtilSupportTest > VectorArithmeticTest > addInPlacePanamaMatchesScalar(int) > dim=511 PASSED

VectorUtilSupportTest > VectorArithmeticTest > addInPlacePanamaMatchesScalar(int) > dim=512 PASSED

VectorUtilSupportTest > VectorArithmeticTest > addInPlacePanamaMatchesScalar(int) > dim=513 PASSED

VectorUtilSupportTest > VectorArithmeticTest > addInPlacePanamaMatchesScalar(int) > dim=768 PASSED

VectorUtilSupportTest > VectorArithmeticTest > addInPlacePanamaMatchesScalar(int) > dim=1023 PASSED

VectorUtilSupportTest > VectorArithmeticTest > addInPlacePanamaMatchesScalar(int) > dim=1024 PASSED

VectorUtilSupportTest > VectorArithmeticTest > addInPlacePanamaMatchesScalar(int) > dim=1025 PASSED

VectorUtilSupportTest > VectorArithmeticTest > addInPlacePanamaMatchesScalar(int) > dim=1536 PASSED

VectorUtilSupportTest > VectorArithmeticTest > sumPanamaMatchesScalar(int) > dim=1 PASSED

VectorUtilSupportTest > VectorArithmeticTest > sumPanamaMatchesScalar(int) > dim=2 PASSED

VectorUtilSupportTest > VectorArithmeticTest > sumPanamaMatchesScalar(int) > dim=3 PASSED

VectorUtilSupportTest > VectorArithmeticTest > sumPanamaMatchesScalar(int) > dim=4 PASSED

VectorUtilSupportTest > VectorArithmeticTest > sumPanamaMatchesScalar(int) > dim=5 PASSED

VectorUtilSupportTest > VectorArithmeticTest > sumPanamaMatchesScalar(int) > dim=7 PASSED

VectorUtilSupportTest > VectorArithmeticTest > sumPanamaMatchesScalar(int) > dim=8 PASSED

VectorUtilSupportTest > VectorArithmeticTest > sumPanamaMatchesScalar(int) > dim=9 PASSED

VectorUtilSupportTest > VectorArithmeticTest > sumPanamaMatchesScalar(int) > dim=15 PASSED

VectorUtilSupportTest > VectorArithmeticTest > sumPanamaMatchesScalar(int) > dim=16 PASSED

VectorUtilSupportTest > VectorArithmeticTest > sumPanamaMatchesScalar(int) > dim=17 PASSED

VectorUtilSupportTest > VectorArithmeticTest > sumPanamaMatchesScalar(int) > dim=31 PASSED

VectorUtilSupportTest > VectorArithmeticTest > sumPanamaMatchesScalar(int) > dim=32 PASSED

VectorUtilSupportTest > VectorArithmeticTest > sumPanamaMatchesScalar(int) > dim=33 PASSED

VectorUtilSupportTest > VectorArithmeticTest > sumPanamaMatchesScalar(int) > dim=63 PASSED

VectorUtilSupportTest > VectorArithmeticTest > sumPanamaMatchesScalar(int) > dim=64 PASSED

VectorUtilSupportTest > VectorArithmeticTest > sumPanamaMatchesScalar(int) > dim=65 PASSED

VectorUtilSupportTest > VectorArithmeticTest > sumPanamaMatchesScalar(int) > dim=127 PASSED

VectorUtilSupportTest > VectorArithmeticTest > sumPanamaMatchesScalar(int) > dim=128 PASSED

VectorUtilSupportTest > VectorArithmeticTest > sumPanamaMatchesScalar(int) > dim=129 PASSED

VectorUtilSupportTest > VectorArithmeticTest > sumPanamaMatchesScalar(int) > dim=255 PASSED

VectorUtilSupportTest > VectorArithmeticTest > sumPanamaMatchesScalar(int) > dim=256 PASSED

VectorUtilSupportTest > VectorArithmeticTest > sumPanamaMatchesScalar(int) > dim=257 PASSED

VectorUtilSupportTest > VectorArithmeticTest > sumPanamaMatchesScalar(int) > dim=300 PASSED

VectorUtilSupportTest > VectorArithmeticTest > sumPanamaMatchesScalar(int) > dim=384 PASSED

VectorUtilSupportTest > VectorArithmeticTest > sumPanamaMatchesScalar(int) > dim=511 PASSED

VectorUtilSupportTest > VectorArithmeticTest > sumPanamaMatchesScalar(int) > dim=512 PASSED

VectorUtilSupportTest > VectorArithmeticTest > sumPanamaMatchesScalar(int) > dim=513 PASSED

VectorUtilSupportTest > VectorArithmeticTest > sumPanamaMatchesScalar(int) > dim=768 PASSED

VectorUtilSupportTest > VectorArithmeticTest > sumPanamaMatchesScalar(int) > dim=1023 PASSED

VectorUtilSupportTest > VectorArithmeticTest > sumPanamaMatchesScalar(int) > dim=1024 PASSED

VectorUtilSupportTest > VectorArithmeticTest > sumPanamaMatchesScalar(int) > dim=1025 PASSED

VectorUtilSupportTest > VectorArithmeticTest > sumPanamaMatchesScalar(int) > dim=1536 PASSED

VectorUtilSupportTest > VectorArithmeticTest > subInPlaceKnownValues() PASSED

VectorUtilSupportTest > VectorArithmeticTest > addScaledInPlacePanamaMatchesScalar(int) > dim=1 PASSED

VectorUtilSupportTest > VectorArithmeticTest > addScaledInPlacePanamaMatchesScalar(int) > dim=2 PASSED

VectorUtilSupportTest > VectorArithmeticTest > addScaledInPlacePanamaMatchesScalar(int) > dim=3 PASSED

VectorUtilSupportTest > VectorArithmeticTest > addScaledInPlacePanamaMatchesScalar(int) > dim=4 PASSED

VectorUtilSupportTest > VectorArithmeticTest > addScaledInPlacePanamaMatchesScalar(int) > dim=5 PASSED

VectorUtilSupportTest > VectorArithmeticTest > addScaledInPlacePanamaMatchesScalar(int) > dim=7 PASSED

VectorUtilSupportTest > VectorArithmeticTest > addScaledInPlacePanamaMatchesScalar(int) > dim=8 PASSED

VectorUtilSupportTest > VectorArithmeticTest > addScaledInPlacePanamaMatchesScalar(int) > dim=9 PASSED

VectorUtilSupportTest > VectorArithmeticTest > addScaledInPlacePanamaMatchesScalar(int) > dim=15 PASSED

VectorUtilSupportTest > VectorArithmeticTest > addScaledInPlacePanamaMatchesScalar(int) > dim=16 PASSED

VectorUtilSupportTest > VectorArithmeticTest > addScaledInPlacePanamaMatchesScalar(int) > dim=17 PASSED

VectorUtilSupportTest > VectorArithmeticTest > addScaledInPlacePanamaMatchesScalar(int) > dim=31 PASSED

VectorUtilSupportTest > VectorArithmeticTest > addScaledInPlacePanamaMatchesScalar(int) > dim=32 PASSED

VectorUtilSupportTest > VectorArithmeticTest > addScaledInPlacePanamaMatchesScalar(int) > dim=33 PASSED

VectorUtilSupportTest > VectorArithmeticTest > addScaledInPlacePanamaMatchesScalar(int) > dim=63 PASSED

VectorUtilSupportTest > VectorArithmeticTest > addScaledInPlacePanamaMatchesScalar(int) > dim=64 PASSED

VectorUtilSupportTest > VectorArithmeticTest > addScaledInPlacePanamaMatchesScalar(int) > dim=65 PASSED

VectorUtilSupportTest > VectorArithmeticTest > addScaledInPlacePanamaMatchesScalar(int) > dim=127 PASSED

VectorUtilSupportTest > VectorArithmeticTest > addScaledInPlacePanamaMatchesScalar(int) > dim=128 PASSED

VectorUtilSupportTest > VectorArithmeticTest > addScaledInPlacePanamaMatchesScalar(int) > dim=129 PASSED

VectorUtilSupportTest > VectorArithmeticTest > addScaledInPlacePanamaMatchesScalar(int) > dim=255 PASSED

VectorUtilSupportTest > VectorArithmeticTest > addScaledInPlacePanamaMatchesScalar(int) > dim=256 PASSED

VectorUtilSupportTest > VectorArithmeticTest > addScaledInPlacePanamaMatchesScalar(int) > dim=257 PASSED

VectorUtilSupportTest > VectorArithmeticTest > addScaledInPlacePanamaMatchesScalar(int) > dim=300 PASSED

VectorUtilSupportTest > VectorArithmeticTest > addScaledInPlacePanamaMatchesScalar(int) > dim=384 PASSED

VectorUtilSupportTest > VectorArithmeticTest > addScaledInPlacePanamaMatchesScalar(int) > dim=511 PASSED

VectorUtilSupportTest > VectorArithmeticTest > addScaledInPlacePanamaMatchesScalar(int) > dim=512 PASSED

VectorUtilSupportTest > VectorArithmeticTest > addScaledInPlacePanamaMatchesScalar(int) > dim=513 PASSED

VectorUtilSupportTest > VectorArithmeticTest > addScaledInPlacePanamaMatchesScalar(int) > dim=768 PASSED

VectorUtilSupportTest > VectorArithmeticTest > addScaledInPlacePanamaMatchesScalar(int) > dim=1023 PASSED

VectorUtilSupportTest > VectorArithmeticTest > addScaledInPlacePanamaMatchesScalar(int) > dim=1024 PASSED

VectorUtilSupportTest > VectorArithmeticTest > addScaledInPlacePanamaMatchesScalar(int) > dim=1025 PASSED

VectorUtilSupportTest > VectorArithmeticTest > addScaledInPlacePanamaMatchesScalar(int) > dim=1536 PASSED

VectorUtilSupportTest > VectorArithmeticTest > addWeightedRowsInPlacePanamaMatchesScalarExactly(int) > dim=1 PASSED

VectorUtilSupportTest > VectorArithmeticTest > addWeightedRowsInPlacePanamaMatchesScalarExactly(int) > dim=2 PASSED

VectorUtilSupportTest > VectorArithmeticTest > addWeightedRowsInPlacePanamaMatchesScalarExactly(int) > dim=3 PASSED

VectorUtilSupportTest > VectorArithmeticTest > addWeightedRowsInPlacePanamaMatchesScalarExactly(int) > dim=4 PASSED

VectorUtilSupportTest > VectorArithmeticTest > addWeightedRowsInPlacePanamaMatchesScalarExactly(int) > dim=5 PASSED

VectorUtilSupportTest > VectorArithmeticTest > addWeightedRowsInPlacePanamaMatchesScalarExactly(int) > dim=7 PASSED

VectorUtilSupportTest > VectorArithmeticTest > addWeightedRowsInPlacePanamaMatchesScalarExactly(int) > dim=8 PASSED

VectorUtilSupportTest > VectorArithmeticTest > addWeightedRowsInPlacePanamaMatchesScalarExactly(int) > dim=9 PASSED

VectorUtilSupportTest > VectorArithmeticTest > addWeightedRowsInPlacePanamaMatchesScalarExactly(int) > dim=15 PASSED

VectorUtilSupportTest > VectorArithmeticTest > addWeightedRowsInPlacePanamaMatchesScalarExactly(int) > dim=16 PASSED

VectorUtilSupportTest > VectorArithmeticTest > addWeightedRowsInPlacePanamaMatchesScalarExactly(int) > dim=17 PASSED

VectorUtilSupportTest > VectorArithmeticTest > addWeightedRowsInPlacePanamaMatchesScalarExactly(int) > dim=31 PASSED

VectorUtilSupportTest > VectorArithmeticTest > addWeightedRowsInPlacePanamaMatchesScalarExactly(int) > dim=32 PASSED

VectorUtilSupportTest > VectorArithmeticTest > addWeightedRowsInPlacePanamaMatchesScalarExactly(int) > dim=33 PASSED

VectorUtilSupportTest > VectorArithmeticTest > addWeightedRowsInPlacePanamaMatchesScalarExactly(int) > dim=63 PASSED

VectorUtilSupportTest > VectorArithmeticTest > addWeightedRowsInPlacePanamaMatchesScalarExactly(int) > dim=64 PASSED

VectorUtilSupportTest > VectorArithmeticTest > addWeightedRowsInPlacePanamaMatchesScalarExactly(int) > dim=65 PASSED

VectorUtilSupportTest > VectorArithmeticTest > addWeightedRowsInPlacePanamaMatchesScalarExactly(int) > dim=127 PASSED

VectorUtilSupportTest > VectorArithmeticTest > addWeightedRowsInPlacePanamaMatchesScalarExactly(int) > dim=128 PASSED

VectorUtilSupportTest > VectorArithmeticTest > addWeightedRowsInPlacePanamaMatchesScalarExactly(int) > dim=129 PASSED

VectorUtilSupportTest > VectorArithmeticTest > addWeightedRowsInPlacePanamaMatchesScalarExactly(int) > dim=255 PASSED

VectorUtilSupportTest > VectorArithmeticTest > addWeightedRowsInPlacePanamaMatchesScalarExactly(int) > dim=256 PASSED

VectorUtilSupportTest > VectorArithmeticTest > addWeightedRowsInPlacePanamaMatchesScalarExactly(int) > dim=257 PASSED

VectorUtilSupportTest > VectorArithmeticTest > addWeightedRowsInPlacePanamaMatchesScalarExactly(int) > dim=300 PASSED

VectorUtilSupportTest > VectorArithmeticTest > addWeightedRowsInPlacePanamaMatchesScalarExactly(int) > dim=384 PASSED

VectorUtilSupportTest > VectorArithmeticTest > addWeightedRowsInPlacePanamaMatchesScalarExactly(int) > dim=511 PASSED

VectorUtilSupportTest > VectorArithmeticTest > addWeightedRowsInPlacePanamaMatchesScalarExactly(int) > dim=512 PASSED

VectorUtilSupportTest > VectorArithmeticTest > addWeightedRowsInPlacePanamaMatchesScalarExactly(int) > dim=513 PASSED

VectorUtilSupportTest > VectorArithmeticTest > addWeightedRowsInPlacePanamaMatchesScalarExactly(int) > dim=768 PASSED

VectorUtilSupportTest > VectorArithmeticTest > addWeightedRowsInPlacePanamaMatchesScalarExactly(int) > dim=1023 PASSED

VectorUtilSupportTest > VectorArithmeticTest > addWeightedRowsInPlacePanamaMatchesScalarExactly(int) > dim=1024 PASSED

VectorUtilSupportTest > VectorArithmeticTest > addWeightedRowsInPlacePanamaMatchesScalarExactly(int) > dim=1025 PASSED

VectorUtilSupportTest > VectorArithmeticTest > addWeightedRowsInPlacePanamaMatchesScalarExactly(int) > dim=1536 PASSED

VectorUtilSupportTest > VectorArithmeticTest > subInPlacePanamaMatchesScalar(int) > dim=1 PASSED

VectorUtilSupportTest > VectorArithmeticTest > subInPlacePanamaMatchesScalar(int) > dim=2 PASSED

VectorUtilSupportTest > VectorArithmeticTest > subInPlacePanamaMatchesScalar(int) > dim=3 PASSED

VectorUtilSupportTest > VectorArithmeticTest > subInPlacePanamaMatchesScalar(int) > dim=4 PASSED

VectorUtilSupportTest > VectorArithmeticTest > subInPlacePanamaMatchesScalar(int) > dim=5 PASSED

VectorUtilSupportTest > VectorArithmeticTest > subInPlacePanamaMatchesScalar(int) > dim=7 PASSED

VectorUtilSupportTest > VectorArithmeticTest > subInPlacePanamaMatchesScalar(int) > dim=8 PASSED

VectorUtilSupportTest > VectorArithmeticTest > subInPlacePanamaMatchesScalar(int) > dim=9 PASSED

VectorUtilSupportTest > VectorArithmeticTest > subInPlacePanamaMatchesScalar(int) > dim=15 PASSED

VectorUtilSupportTest > VectorArithmeticTest > subInPlacePanamaMatchesScalar(int) > dim=16 PASSED

VectorUtilSupportTest > VectorArithmeticTest > subInPlacePanamaMatchesScalar(int) > dim=17 PASSED

VectorUtilSupportTest > VectorArithmeticTest > subInPlacePanamaMatchesScalar(int) > dim=31 PASSED

VectorUtilSupportTest > VectorArithmeticTest > subInPlacePanamaMatchesScalar(int) > dim=32 PASSED

VectorUtilSupportTest > VectorArithmeticTest > subInPlacePanamaMatchesScalar(int) > dim=33 PASSED

VectorUtilSupportTest > VectorArithmeticTest > subInPlacePanamaMatchesScalar(int) > dim=63 PASSED

VectorUtilSupportTest > VectorArithmeticTest > subInPlacePanamaMatchesScalar(int) > dim=64 PASSED

VectorUtilSupportTest > VectorArithmeticTest > subInPlacePanamaMatchesScalar(int) > dim=65 PASSED

VectorUtilSupportTest > VectorArithmeticTest > subInPlacePanamaMatchesScalar(int) > dim=127 PASSED

VectorUtilSupportTest > VectorArithmeticTest > subInPlacePanamaMatchesScalar(int) > dim=128 PASSED

VectorUtilSupportTest > VectorArithmeticTest > subInPlacePanamaMatchesScalar(int) > dim=129 PASSED

VectorUtilSupportTest > VectorArithmeticTest > subInPlacePanamaMatchesScalar(int) > dim=255 PASSED

VectorUtilSupportTest > VectorArithmeticTest > subInPlacePanamaMatchesScalar(int) > dim=256 PASSED

VectorUtilSupportTest > VectorArithmeticTest > subInPlacePanamaMatchesScalar(int) > dim=257 PASSED

VectorUtilSupportTest > VectorArithmeticTest > subInPlacePanamaMatchesScalar(int) > dim=300 PASSED

VectorUtilSupportTest > VectorArithmeticTest > subInPlacePanamaMatchesScalar(int) > dim=384 PASSED

VectorUtilSupportTest > VectorArithmeticTest > subInPlacePanamaMatchesScalar(int) > dim=511 PASSED

VectorUtilSupportTest > VectorArithmeticTest > subInPlacePanamaMatchesScalar(int) > dim=512 PASSED

VectorUtilSupportTest > VectorArithmeticTest > subInPlacePanamaMatchesScalar(int) > dim=513 PASSED

VectorUtilSupportTest > VectorArithmeticTest > subInPlacePanamaMatchesScalar(int) > dim=768 PASSED

VectorUtilSupportTest > VectorArithmeticTest > subInPlacePanamaMatchesScalar(int) > dim=1023 PASSED

VectorUtilSupportTest > VectorArithmeticTest > subInPlacePanamaMatchesScalar(int) > dim=1024 PASSED

VectorUtilSupportTest > VectorArithmeticTest > subInPlacePanamaMatchesScalar(int) > dim=1025 PASSED

VectorUtilSupportTest > VectorArithmeticTest > subInPlacePanamaMatchesScalar(int) > dim=1536 PASSED

VectorUtilSupportTest > VectorArithmeticTest > addInPlaceKnownValues() PASSED

VectorUtilSupportTest > VectorArithmeticTest > sigmoidAndScaledSoftplusPanamaMatchesScalar(int) > dim=1 PASSED

VectorUtilSupportTest > VectorArithmeticTest > sigmoidAndScaledSoftplusPanamaMatchesScalar(int) > dim=2 PASSED

VectorUtilSupportTest > VectorArithmeticTest > sigmoidAndScaledSoftplusPanamaMatchesScalar(int) > dim=3 PASSED

VectorUtilSupportTest > VectorArithmeticTest > sigmoidAndScaledSoftplusPanamaMatchesScalar(int) > dim=4 PASSED

VectorUtilSupportTest > VectorArithmeticTest > sigmoidAndScaledSoftplusPanamaMatchesScalar(int) > dim=5 PASSED

VectorUtilSupportTest > VectorArithmeticTest > sigmoidAndScaledSoftplusPanamaMatchesScalar(int) > dim=7 PASSED

VectorUtilSupportTest > VectorArithmeticTest > sigmoidAndScaledSoftplusPanamaMatchesScalar(int) > dim=8 PASSED

VectorUtilSupportTest > VectorArithmeticTest > sigmoidAndScaledSoftplusPanamaMatchesScalar(int) > dim=9 PASSED

VectorUtilSupportTest > VectorArithmeticTest > sigmoidAndScaledSoftplusPanamaMatchesScalar(int) > dim=15 PASSED

VectorUtilSupportTest > VectorArithmeticTest > sigmoidAndScaledSoftplusPanamaMatchesScalar(int) > dim=16 PASSED

VectorUtilSupportTest > VectorArithmeticTest > sigmoidAndScaledSoftplusPanamaMatchesScalar(int) > dim=17 PASSED

VectorUtilSupportTest > VectorArithmeticTest > sigmoidAndScaledSoftplusPanamaMatchesScalar(int) > dim=31 PASSED

VectorUtilSupportTest > VectorArithmeticTest > sigmoidAndScaledSoftplusPanamaMatchesScalar(int) > dim=32 PASSED

VectorUtilSupportTest > VectorArithmeticTest > sigmoidAndScaledSoftplusPanamaMatchesScalar(int) > dim=33 PASSED

VectorUtilSupportTest > VectorArithmeticTest > sigmoidAndScaledSoftplusPanamaMatchesScalar(int) > dim=63 PASSED

VectorUtilSupportTest > VectorArithmeticTest > sigmoidAndScaledSoftplusPanamaMatchesScalar(int) > dim=64 PASSED

VectorUtilSupportTest > VectorArithmeticTest > sigmoidAndScaledSoftplusPanamaMatchesScalar(int) > dim=65 PASSED

VectorUtilSupportTest > VectorArithmeticTest > sigmoidAndScaledSoftplusPanamaMatchesScalar(int) > dim=127 PASSED

VectorUtilSupportTest > VectorArithmeticTest > sigmoidAndScaledSoftplusPanamaMatchesScalar(int) > dim=128 PASSED

VectorUtilSupportTest > VectorArithmeticTest > sigmoidAndScaledSoftplusPanamaMatchesScalar(int) > dim=129 PASSED

VectorUtilSupportTest > VectorArithmeticTest > sigmoidAndScaledSoftplusPanamaMatchesScalar(int) > dim=255 PASSED

VectorUtilSupportTest > VectorArithmeticTest > sigmoidAndScaledSoftplusPanamaMatchesScalar(int) > dim=256 PASSED

VectorUtilSupportTest > VectorArithmeticTest > sigmoidAndScaledSoftplusPanamaMatchesScalar(int) > dim=257 PASSED

VectorUtilSupportTest > VectorArithmeticTest > sigmoidAndScaledSoftplusPanamaMatchesScalar(int) > dim=300 PASSED

VectorUtilSupportTest > VectorArithmeticTest > sigmoidAndScaledSoftplusPanamaMatchesScalar(int) > dim=384 PASSED

VectorUtilSupportTest > VectorArithmeticTest > sigmoidAndScaledSoftplusPanamaMatchesScalar(int) > dim=511 PASSED

VectorUtilSupportTest > VectorArithmeticTest > sigmoidAndScaledSoftplusPanamaMatchesScalar(int) > dim=512 PASSED

VectorUtilSupportTest > VectorArithmeticTest > sigmoidAndScaledSoftplusPanamaMatchesScalar(int) > dim=513 PASSED

VectorUtilSupportTest > VectorArithmeticTest > sigmoidAndScaledSoftplusPanamaMatchesScalar(int) > dim=768 PASSED

VectorUtilSupportTest > VectorArithmeticTest > sigmoidAndScaledSoftplusPanamaMatchesScalar(int) > dim=1023 PASSED

VectorUtilSupportTest > VectorArithmeticTest > sigmoidAndScaledSoftplusPanamaMatchesScalar(int) > dim=1024 PASSED

VectorUtilSupportTest > VectorArithmeticTest > sigmoidAndScaledSoftplusPanamaMatchesScalar(int) > dim=1025 PASSED

VectorUtilSupportTest > VectorArithmeticTest > sigmoidAndScaledSoftplusPanamaMatchesScalar(int) > dim=1536 PASSED

VectorUtilSupportTest > VectorArithmeticTest > causalDepthwiseConv1dSiluPanamaMatchesScalar(int) > dim=1 PASSED

VectorUtilSupportTest > VectorArithmeticTest > causalDepthwiseConv1dSiluPanamaMatchesScalar(int) > dim=2 PASSED

VectorUtilSupportTest > VectorArithmeticTest > causalDepthwiseConv1dSiluPanamaMatchesScalar(int) > dim=3 PASSED

VectorUtilSupportTest > VectorArithmeticTest > causalDepthwiseConv1dSiluPanamaMatchesScalar(int) > dim=4 PASSED

VectorUtilSupportTest > VectorArithmeticTest > causalDepthwiseConv1dSiluPanamaMatchesScalar(int) > dim=5 PASSED

VectorUtilSupportTest > VectorArithmeticTest > causalDepthwiseConv1dSiluPanamaMatchesScalar(int) > dim=7 PASSED

VectorUtilSupportTest > VectorArithmeticTest > causalDepthwiseConv1dSiluPanamaMatchesScalar(int) > dim=8 PASSED

VectorUtilSupportTest > VectorArithmeticTest > causalDepthwiseConv1dSiluPanamaMatchesScalar(int) > dim=9 PASSED

VectorUtilSupportTest > VectorArithmeticTest > causalDepthwiseConv1dSiluPanamaMatchesScalar(int) > dim=15 PASSED

VectorUtilSupportTest > VectorArithmeticTest > causalDepthwiseConv1dSiluPanamaMatchesScalar(int) > dim=16 PASSED

VectorUtilSupportTest > VectorArithmeticTest > causalDepthwiseConv1dSiluPanamaMatchesScalar(int) > dim=17 PASSED

VectorUtilSupportTest > VectorArithmeticTest > causalDepthwiseConv1dSiluPanamaMatchesScalar(int) > dim=31 PASSED

VectorUtilSupportTest > VectorArithmeticTest > causalDepthwiseConv1dSiluPanamaMatchesScalar(int) > dim=32 PASSED

VectorUtilSupportTest > VectorArithmeticTest > causalDepthwiseConv1dSiluPanamaMatchesScalar(int) > dim=33 PASSED

VectorUtilSupportTest > VectorArithmeticTest > causalDepthwiseConv1dSiluPanamaMatchesScalar(int) > dim=63 PASSED

VectorUtilSupportTest > VectorArithmeticTest > causalDepthwiseConv1dSiluPanamaMatchesScalar(int) > dim=64 PASSED

VectorUtilSupportTest > VectorArithmeticTest > causalDepthwiseConv1dSiluPanamaMatchesScalar(int) > dim=65 PASSED

VectorUtilSupportTest > VectorArithmeticTest > causalDepthwiseConv1dSiluPanamaMatchesScalar(int) > dim=127 PASSED

VectorUtilSupportTest > VectorArithmeticTest > causalDepthwiseConv1dSiluPanamaMatchesScalar(int) > dim=128 PASSED

VectorUtilSupportTest > VectorArithmeticTest > causalDepthwiseConv1dSiluPanamaMatchesScalar(int) > dim=129 PASSED

VectorUtilSupportTest > VectorArithmeticTest > causalDepthwiseConv1dSiluPanamaMatchesScalar(int) > dim=255 PASSED

VectorUtilSupportTest > VectorArithmeticTest > causalDepthwiseConv1dSiluPanamaMatchesScalar(int) > dim=256 PASSED

VectorUtilSupportTest > VectorArithmeticTest > causalDepthwiseConv1dSiluPanamaMatchesScalar(int) > dim=257 PASSED

VectorUtilSupportTest > VectorArithmeticTest > causalDepthwiseConv1dSiluPanamaMatchesScalar(int) > dim=300 PASSED

VectorUtilSupportTest > VectorArithmeticTest > causalDepthwiseConv1dSiluPanamaMatchesScalar(int) > dim=384 PASSED

VectorUtilSupportTest > VectorArithmeticTest > causalDepthwiseConv1dSiluPanamaMatchesScalar(int) > dim=511 PASSED

VectorUtilSupportTest > VectorArithmeticTest > causalDepthwiseConv1dSiluPanamaMatchesScalar(int) > dim=512 PASSED

VectorUtilSupportTest > VectorArithmeticTest > causalDepthwiseConv1dSiluPanamaMatchesScalar(int) > dim=513 PASSED

VectorUtilSupportTest > VectorArithmeticTest > causalDepthwiseConv1dSiluPanamaMatchesScalar(int) > dim=768 PASSED

VectorUtilSupportTest > VectorArithmeticTest > causalDepthwiseConv1dSiluPanamaMatchesScalar(int) > dim=1023 PASSED

VectorUtilSupportTest > VectorArithmeticTest > causalDepthwiseConv1dSiluPanamaMatchesScalar(int) > dim=1024 PASSED

VectorUtilSupportTest > VectorArithmeticTest > causalDepthwiseConv1dSiluPanamaMatchesScalar(int) > dim=1025 PASSED

VectorUtilSupportTest > VectorArithmeticTest > causalDepthwiseConv1dSiluPanamaMatchesScalar(int) > dim=1536 PASSED

VectorUtilSupportTest > VectorArithmeticTest > swiGluPanamaMatchesScalarWhenOutputAliasesUpInput(int) > dim=1 PASSED

VectorUtilSupportTest > VectorArithmeticTest > swiGluPanamaMatchesScalarWhenOutputAliasesUpInput(int) > dim=2 PASSED

VectorUtilSupportTest > VectorArithmeticTest > swiGluPanamaMatchesScalarWhenOutputAliasesUpInput(int) > dim=3 PASSED

VectorUtilSupportTest > VectorArithmeticTest > swiGluPanamaMatchesScalarWhenOutputAliasesUpInput(int) > dim=4 PASSED

VectorUtilSupportTest > VectorArithmeticTest > swiGluPanamaMatchesScalarWhenOutputAliasesUpInput(int) > dim=5 PASSED

VectorUtilSupportTest > VectorArithmeticTest > swiGluPanamaMatchesScalarWhenOutputAliasesUpInput(int) > dim=7 PASSED

VectorUtilSupportTest > VectorArithmeticTest > swiGluPanamaMatchesScalarWhenOutputAliasesUpInput(int) > dim=8 PASSED

VectorUtilSupportTest > VectorArithmeticTest > swiGluPanamaMatchesScalarWhenOutputAliasesUpInput(int) > dim=9 PASSED

VectorUtilSupportTest > VectorArithmeticTest > swiGluPanamaMatchesScalarWhenOutputAliasesUpInput(int) > dim=15 PASSED

VectorUtilSupportTest > VectorArithmeticTest > swiGluPanamaMatchesScalarWhenOutputAliasesUpInput(int) > dim=16 PASSED

VectorUtilSupportTest > VectorArithmeticTest > swiGluPanamaMatchesScalarWhenOutputAliasesUpInput(int) > dim=17 PASSED

VectorUtilSupportTest > VectorArithmeticTest > swiGluPanamaMatchesScalarWhenOutputAliasesUpInput(int) > dim=31 PASSED

VectorUtilSupportTest > VectorArithmeticTest > swiGluPanamaMatchesScalarWhenOutputAliasesUpInput(int) > dim=32 PASSED

VectorUtilSupportTest > VectorArithmeticTest > swiGluPanamaMatchesScalarWhenOutputAliasesUpInput(int) > dim=33 PASSED

VectorUtilSupportTest > VectorArithmeticTest > swiGluPanamaMatchesScalarWhenOutputAliasesUpInput(int) > dim=63 PASSED

VectorUtilSupportTest > VectorArithmeticTest > swiGluPanamaMatchesScalarWhenOutputAliasesUpInput(int) > dim=64 PASSED

VectorUtilSupportTest > VectorArithmeticTest > swiGluPanamaMatchesScalarWhenOutputAliasesUpInput(int) > dim=65 PASSED

VectorUtilSupportTest > VectorArithmeticTest > swiGluPanamaMatchesScalarWhenOutputAliasesUpInput(int) > dim=127 PASSED

VectorUtilSupportTest > VectorArithmeticTest > swiGluPanamaMatchesScalarWhenOutputAliasesUpInput(int) > dim=128 PASSED

VectorUtilSupportTest > VectorArithmeticTest > swiGluPanamaMatchesScalarWhenOutputAliasesUpInput(int) > dim=129 PASSED

VectorUtilSupportTest > VectorArithmeticTest > swiGluPanamaMatchesScalarWhenOutputAliasesUpInput(int) > dim=255 PASSED

VectorUtilSupportTest > VectorArithmeticTest > swiGluPanamaMatchesScalarWhenOutputAliasesUpInput(int) > dim=256 PASSED

VectorUtilSupportTest > VectorArithmeticTest > swiGluPanamaMatchesScalarWhenOutputAliasesUpInput(int) > dim=257 PASSED

VectorUtilSupportTest > VectorArithmeticTest > swiGluPanamaMatchesScalarWhenOutputAliasesUpInput(int) > dim=300 PASSED

VectorUtilSupportTest > VectorArithmeticTest > swiGluPanamaMatchesScalarWhenOutputAliasesUpInput(int) > dim=384 PASSED

VectorUtilSupportTest > VectorArithmeticTest > swiGluPanamaMatchesScalarWhenOutputAliasesUpInput(int) > dim=511 PASSED

VectorUtilSupportTest > VectorArithmeticTest > swiGluPanamaMatchesScalarWhenOutputAliasesUpInput(int) > dim=512 PASSED

VectorUtilSupportTest > VectorArithmeticTest > swiGluPanamaMatchesScalarWhenOutputAliasesUpInput(int) > dim=513 PASSED

VectorUtilSupportTest > VectorArithmeticTest > swiGluPanamaMatchesScalarWhenOutputAliasesUpInput(int) > dim=768 PASSED

VectorUtilSupportTest > VectorArithmeticTest > swiGluPanamaMatchesScalarWhenOutputAliasesUpInput(int) > dim=1023 PASSED

VectorUtilSupportTest > VectorArithmeticTest > swiGluPanamaMatchesScalarWhenOutputAliasesUpInput(int) > dim=1024 PASSED

VectorUtilSupportTest > VectorArithmeticTest > swiGluPanamaMatchesScalarWhenOutputAliasesUpInput(int) > dim=1025 PASSED

VectorUtilSupportTest > VectorArithmeticTest > swiGluPanamaMatchesScalarWhenOutputAliasesUpInput(int) > dim=1536 PASSED

VectorUtilSupportTest > VectorArithmeticTest > swiGluPanamaMatchesScalar(int) > dim=1 PASSED

VectorUtilSupportTest > VectorArithmeticTest > swiGluPanamaMatchesScalar(int) > dim=2 PASSED

VectorUtilSupportTest > VectorArithmeticTest > swiGluPanamaMatchesScalar(int) > dim=3 PASSED

VectorUtilSupportTest > VectorArithmeticTest > swiGluPanamaMatchesScalar(int) > dim=4 PASSED

VectorUtilSupportTest > VectorArithmeticTest > swiGluPanamaMatchesScalar(int) > dim=5 PASSED

VectorUtilSupportTest > VectorArithmeticTest > swiGluPanamaMatchesScalar(int) > dim=7 PASSED

VectorUtilSupportTest > VectorArithmeticTest > swiGluPanamaMatchesScalar(int) > dim=8 PASSED

VectorUtilSupportTest > VectorArithmeticTest > swiGluPanamaMatchesScalar(int) > dim=9 PASSED

VectorUtilSupportTest > VectorArithmeticTest > swiGluPanamaMatchesScalar(int) > dim=15 PASSED

VectorUtilSupportTest > VectorArithmeticTest > swiGluPanamaMatchesScalar(int) > dim=16 PASSED

VectorUtilSupportTest > VectorArithmeticTest > swiGluPanamaMatchesScalar(int) > dim=17 PASSED

VectorUtilSupportTest > VectorArithmeticTest > swiGluPanamaMatchesScalar(int) > dim=31 PASSED

VectorUtilSupportTest > VectorArithmeticTest > swiGluPanamaMatchesScalar(int) > dim=32 PASSED

VectorUtilSupportTest > VectorArithmeticTest > swiGluPanamaMatchesScalar(int) > dim=33 PASSED

VectorUtilSupportTest > VectorArithmeticTest > swiGluPanamaMatchesScalar(int) > dim=63 PASSED

VectorUtilSupportTest > VectorArithmeticTest > swiGluPanamaMatchesScalar(int) > dim=64 PASSED

VectorUtilSupportTest > VectorArithmeticTest > swiGluPanamaMatchesScalar(int) > dim=65 PASSED

VectorUtilSupportTest > VectorArithmeticTest > swiGluPanamaMatchesScalar(int) > dim=127 PASSED

VectorUtilSupportTest > VectorArithmeticTest > swiGluPanamaMatchesScalar(int) > dim=128 PASSED

VectorUtilSupportTest > VectorArithmeticTest > swiGluPanamaMatchesScalar(int) > dim=129 PASSED

VectorUtilSupportTest > VectorArithmeticTest > swiGluPanamaMatchesScalar(int) > dim=255 PASSED

VectorUtilSupportTest > VectorArithmeticTest > swiGluPanamaMatchesScalar(int) > dim=256 PASSED

VectorUtilSupportTest > VectorArithmeticTest > swiGluPanamaMatchesScalar(int) > dim=257 PASSED

VectorUtilSupportTest > VectorArithmeticTest > swiGluPanamaMatchesScalar(int) > dim=300 PASSED

VectorUtilSupportTest > VectorArithmeticTest > swiGluPanamaMatchesScalar(int) > dim=384 PASSED

VectorUtilSupportTest > VectorArithmeticTest > swiGluPanamaMatchesScalar(int) > dim=511 PASSED

VectorUtilSupportTest > VectorArithmeticTest > swiGluPanamaMatchesScalar(int) > dim=512 PASSED

VectorUtilSupportTest > VectorArithmeticTest > swiGluPanamaMatchesScalar(int) > dim=513 PASSED

VectorUtilSupportTest > VectorArithmeticTest > swiGluPanamaMatchesScalar(int) > dim=768 PASSED

VectorUtilSupportTest > VectorArithmeticTest > swiGluPanamaMatchesScalar(int) > dim=1023 PASSED

VectorUtilSupportTest > VectorArithmeticTest > swiGluPanamaMatchesScalar(int) > dim=1024 PASSED

VectorUtilSupportTest > VectorArithmeticTest > swiGluPanamaMatchesScalar(int) > dim=1025 PASSED

VectorUtilSupportTest > VectorArithmeticTest > swiGluPanamaMatchesScalar(int) > dim=1536 PASSED

VectorUtilSupportTest > VectorArithmeticTest > scalePanamaMatchesScalar(int) > dim=1 PASSED

VectorUtilSupportTest > VectorArithmeticTest > scalePanamaMatchesScalar(int) > dim=2 PASSED

VectorUtilSupportTest > VectorArithmeticTest > scalePanamaMatchesScalar(int) > dim=3 PASSED

VectorUtilSupportTest > VectorArithmeticTest > scalePanamaMatchesScalar(int) > dim=4 PASSED

VectorUtilSupportTest > VectorArithmeticTest > scalePanamaMatchesScalar(int) > dim=5 PASSED

VectorUtilSupportTest > VectorArithmeticTest > scalePanamaMatchesScalar(int) > dim=7 PASSED

VectorUtilSupportTest > VectorArithmeticTest > scalePanamaMatchesScalar(int) > dim=8 PASSED

VectorUtilSupportTest > VectorArithmeticTest > scalePanamaMatchesScalar(int) > dim=9 PASSED

VectorUtilSupportTest > VectorArithmeticTest > scalePanamaMatchesScalar(int) > dim=15 PASSED

VectorUtilSupportTest > VectorArithmeticTest > scalePanamaMatchesScalar(int) > dim=16 PASSED

VectorUtilSupportTest > VectorArithmeticTest > scalePanamaMatchesScalar(int) > dim=17 PASSED

VectorUtilSupportTest > VectorArithmeticTest > scalePanamaMatchesScalar(int) > dim=31 PASSED

VectorUtilSupportTest > VectorArithmeticTest > scalePanamaMatchesScalar(int) > dim=32 PASSED

VectorUtilSupportTest > VectorArithmeticTest > scalePanamaMatchesScalar(int) > dim=33 PASSED

VectorUtilSupportTest > VectorArithmeticTest > scalePanamaMatchesScalar(int) > dim=63 PASSED

VectorUtilSupportTest > VectorArithmeticTest > scalePanamaMatchesScalar(int) > dim=64 PASSED

VectorUtilSupportTest > VectorArithmeticTest > scalePanamaMatchesScalar(int) > dim=65 PASSED

VectorUtilSupportTest > VectorArithmeticTest > scalePanamaMatchesScalar(int) > dim=127 PASSED

VectorUtilSupportTest > VectorArithmeticTest > scalePanamaMatchesScalar(int) > dim=128 PASSED

VectorUtilSupportTest > VectorArithmeticTest > scalePanamaMatchesScalar(int) > dim=129 PASSED

VectorUtilSupportTest > VectorArithmeticTest > scalePanamaMatchesScalar(int) > dim=255 PASSED

VectorUtilSupportTest > VectorArithmeticTest > scalePanamaMatchesScalar(int) > dim=256 PASSED

VectorUtilSupportTest > VectorArithmeticTest > scalePanamaMatchesScalar(int) > dim=257 PASSED

VectorUtilSupportTest > VectorArithmeticTest > scalePanamaMatchesScalar(int) > dim=300 PASSED

VectorUtilSupportTest > VectorArithmeticTest > scalePanamaMatchesScalar(int) > dim=384 PASSED

VectorUtilSupportTest > VectorArithmeticTest > scalePanamaMatchesScalar(int) > dim=511 PASSED

VectorUtilSupportTest > VectorArithmeticTest > scalePanamaMatchesScalar(int) > dim=512 PASSED

VectorUtilSupportTest > VectorArithmeticTest > scalePanamaMatchesScalar(int) > dim=513 PASSED

VectorUtilSupportTest > VectorArithmeticTest > scalePanamaMatchesScalar(int) > dim=768 PASSED

VectorUtilSupportTest > VectorArithmeticTest > scalePanamaMatchesScalar(int) > dim=1023 PASSED

VectorUtilSupportTest > VectorArithmeticTest > scalePanamaMatchesScalar(int) > dim=1024 PASSED

VectorUtilSupportTest > VectorArithmeticTest > scalePanamaMatchesScalar(int) > dim=1025 PASSED

VectorUtilSupportTest > VectorArithmeticTest > scalePanamaMatchesScalar(int) > dim=1536 PASSED

VectorUtilSupportTest > MemorySegmentCosineTest > panamaMatchesScalar(int) > dim=1 PASSED

VectorUtilSupportTest > MemorySegmentCosineTest > panamaMatchesScalar(int) > dim=8 PASSED

VectorUtilSupportTest > MemorySegmentCosineTest > panamaMatchesScalar(int) > dim=16 PASSED

VectorUtilSupportTest > MemorySegmentCosineTest > panamaMatchesScalar(int) > dim=32 PASSED

VectorUtilSupportTest > MemorySegmentCosineTest > panamaMatchesScalar(int) > dim=64 PASSED

VectorUtilSupportTest > MemorySegmentCosineTest > panamaMatchesScalar(int) > dim=128 PASSED

VectorUtilSupportTest > MemorySegmentCosineTest > panamaMatchesScalar(int) > dim=256 PASSED

VectorUtilSupportTest > MemorySegmentCosineTest > panamaMatchesScalar(int) > dim=768 PASSED

VectorUtilSupportTest > MemorySegmentCosineTest > orthogonalVectorsIsZero() PASSED

VectorUtilSupportTest > MemorySegmentCosineTest > selfCosineIsOne() PASSED

VectorUtilSupportTest > MemorySegmentCosineTest > cosineMatchesArrayVersion(int) > dim=1 PASSED

VectorUtilSupportTest > MemorySegmentCosineTest > cosineMatchesArrayVersion(int) > dim=8 PASSED

VectorUtilSupportTest > MemorySegmentCosineTest > cosineMatchesArrayVersion(int) > dim=16 PASSED

VectorUtilSupportTest > MemorySegmentCosineTest > cosineMatchesArrayVersion(int) > dim=32 PASSED

VectorUtilSupportTest > MemorySegmentCosineTest > cosineMatchesArrayVersion(int) > dim=64 PASSED

VectorUtilSupportTest > MemorySegmentCosineTest > cosineMatchesArrayVersion(int) > dim=128 PASSED

VectorUtilSupportTest > MemorySegmentCosineTest > cosineMatchesArrayVersion(int) > dim=256 PASSED

VectorUtilSupportTest > MemorySegmentCosineTest > cosineMatchesArrayVersion(int) > dim=768 PASSED

VectorUtilSupportTest > MemorySegmentTest > dotProductMatchesArrayVersion(int) > dim=1 PASSED

VectorUtilSupportTest > MemorySegmentTest > dotProductMatchesArrayVersion(int) > dim=8 PASSED

VectorUtilSupportTest > MemorySegmentTest > dotProductMatchesArrayVersion(int) > dim=16 PASSED

VectorUtilSupportTest > MemorySegmentTest > dotProductMatchesArrayVersion(int) > dim=32 PASSED

VectorUtilSupportTest > MemorySegmentTest > dotProductMatchesArrayVersion(int) > dim=64 PASSED

VectorUtilSupportTest > MemorySegmentTest > dotProductMatchesArrayVersion(int) > dim=128 PASSED

VectorUtilSupportTest > MemorySegmentTest > dotProductMatchesArrayVersion(int) > dim=256 PASSED

VectorUtilSupportTest > MemorySegmentTest > dotProductMatchesArrayVersion(int) > dim=768 PASSED

VectorUtilSupportTest > MemorySegmentTest > squareDistanceMatchesArrayVersion(int) > dim=1 PASSED

VectorUtilSupportTest > MemorySegmentTest > squareDistanceMatchesArrayVersion(int) > dim=8 PASSED

VectorUtilSupportTest > MemorySegmentTest > squareDistanceMatchesArrayVersion(int) > dim=16 PASSED

VectorUtilSupportTest > MemorySegmentTest > squareDistanceMatchesArrayVersion(int) > dim=32 PASSED

VectorUtilSupportTest > MemorySegmentTest > squareDistanceMatchesArrayVersion(int) > dim=64 PASSED

VectorUtilSupportTest > MemorySegmentTest > squareDistanceMatchesArrayVersion(int) > dim=128 PASSED

VectorUtilSupportTest > MemorySegmentTest > squareDistanceMatchesArrayVersion(int) > dim=256 PASSED

VectorUtilSupportTest > MemorySegmentTest > squareDistanceMatchesArrayVersion(int) > dim=768 PASSED

VectorUtilSupportTest > HammingDistanceTest > panamaMatchesScalar(int) > longs=1 PASSED

VectorUtilSupportTest > HammingDistanceTest > panamaMatchesScalar(int) > longs=2 PASSED

VectorUtilSupportTest > HammingDistanceTest > panamaMatchesScalar(int) > longs=3 PASSED

VectorUtilSupportTest > HammingDistanceTest > panamaMatchesScalar(int) > longs=4 PASSED

VectorUtilSupportTest > HammingDistanceTest > panamaMatchesScalar(int) > longs=7 PASSED

VectorUtilSupportTest > HammingDistanceTest > panamaMatchesScalar(int) > longs=8 PASSED

VectorUtilSupportTest > HammingDistanceTest > panamaMatchesScalar(int) > longs=15 PASSED

VectorUtilSupportTest > HammingDistanceTest > panamaMatchesScalar(int) > longs=16 PASSED

VectorUtilSupportTest > HammingDistanceTest > panamaMatchesScalar(int) > longs=32 PASSED

VectorUtilSupportTest > HammingDistanceTest > identicalVectorsIsZero() PASSED

VectorUtilSupportTest > HammingDistanceTest > allBitsFlipped() PASSED

VectorUtilSupportTest > HammingDistanceTest > knownValues() PASSED

VectorUtilSupportTest > ByteDistanceTest > cosinePanamaMatchesScalar(int) > dim=1 PASSED

VectorUtilSupportTest > ByteDistanceTest > cosinePanamaMatchesScalar(int) > dim=2 PASSED

VectorUtilSupportTest > ByteDistanceTest > cosinePanamaMatchesScalar(int) > dim=3 PASSED

VectorUtilSupportTest > ByteDistanceTest > cosinePanamaMatchesScalar(int) > dim=4 PASSED

VectorUtilSupportTest > ByteDistanceTest > cosinePanamaMatchesScalar(int) > dim=5 PASSED

VectorUtilSupportTest > ByteDistanceTest > cosinePanamaMatchesScalar(int) > dim=7 PASSED

VectorUtilSupportTest > ByteDistanceTest > cosinePanamaMatchesScalar(int) > dim=8 PASSED

VectorUtilSupportTest > ByteDistanceTest > cosinePanamaMatchesScalar(int) > dim=9 PASSED

VectorUtilSupportTest > ByteDistanceTest > cosinePanamaMatchesScalar(int) > dim=15 PASSED

VectorUtilSupportTest > ByteDistanceTest > cosinePanamaMatchesScalar(int) > dim=16 PASSED

VectorUtilSupportTest > ByteDistanceTest > cosinePanamaMatchesScalar(int) > dim=17 PASSED

VectorUtilSupportTest > ByteDistanceTest > cosinePanamaMatchesScalar(int) > dim=31 PASSED

VectorUtilSupportTest > ByteDistanceTest > cosinePanamaMatchesScalar(int) > dim=32 PASSED

VectorUtilSupportTest > ByteDistanceTest > cosinePanamaMatchesScalar(int) > dim=33 PASSED

VectorUtilSupportTest > ByteDistanceTest > cosinePanamaMatchesScalar(int) > dim=63 PASSED

VectorUtilSupportTest > ByteDistanceTest > cosinePanamaMatchesScalar(int) > dim=64 PASSED

VectorUtilSupportTest > ByteDistanceTest > cosinePanamaMatchesScalar(int) > dim=65 PASSED

VectorUtilSupportTest > ByteDistanceTest > cosinePanamaMatchesScalar(int) > dim=127 PASSED

VectorUtilSupportTest > ByteDistanceTest > cosinePanamaMatchesScalar(int) > dim=128 PASSED

VectorUtilSupportTest > ByteDistanceTest > cosinePanamaMatchesScalar(int) > dim=129 PASSED

VectorUtilSupportTest > ByteDistanceTest > cosinePanamaMatchesScalar(int) > dim=255 PASSED

VectorUtilSupportTest > ByteDistanceTest > cosinePanamaMatchesScalar(int) > dim=256 PASSED

VectorUtilSupportTest > ByteDistanceTest > cosinePanamaMatchesScalar(int) > dim=257 PASSED

VectorUtilSupportTest > ByteDistanceTest > cosinePanamaMatchesScalar(int) > dim=300 PASSED

VectorUtilSupportTest > ByteDistanceTest > cosinePanamaMatchesScalar(int) > dim=384 PASSED

VectorUtilSupportTest > ByteDistanceTest > cosinePanamaMatchesScalar(int) > dim=511 PASSED

VectorUtilSupportTest > ByteDistanceTest > cosinePanamaMatchesScalar(int) > dim=512 PASSED

VectorUtilSupportTest > ByteDistanceTest > cosinePanamaMatchesScalar(int) > dim=513 PASSED

VectorUtilSupportTest > ByteDistanceTest > cosinePanamaMatchesScalar(int) > dim=768 PASSED

VectorUtilSupportTest > ByteDistanceTest > cosinePanamaMatchesScalar(int) > dim=1023 PASSED

VectorUtilSupportTest > ByteDistanceTest > cosinePanamaMatchesScalar(int) > dim=1024 PASSED

VectorUtilSupportTest > ByteDistanceTest > cosinePanamaMatchesScalar(int) > dim=1025 PASSED

VectorUtilSupportTest > ByteDistanceTest > cosinePanamaMatchesScalar(int) > dim=1536 PASSED

VectorUtilSupportTest > ByteDistanceTest > byteSquareDistanceKnownValues() PASSED

VectorUtilSupportTest > ByteDistanceTest > byteDotProductKnownValues() PASSED

VectorUtilSupportTest > ByteDistanceTest > dotProductPanamaMatchesScalar(int) > dim=1 PASSED

VectorUtilSupportTest > ByteDistanceTest > dotProductPanamaMatchesScalar(int) > dim=2 PASSED

VectorUtilSupportTest > ByteDistanceTest > dotProductPanamaMatchesScalar(int) > dim=3 PASSED

VectorUtilSupportTest > ByteDistanceTest > dotProductPanamaMatchesScalar(int) > dim=4 PASSED

VectorUtilSupportTest > ByteDistanceTest > dotProductPanamaMatchesScalar(int) > dim=5 PASSED

VectorUtilSupportTest > ByteDistanceTest > dotProductPanamaMatchesScalar(int) > dim=7 PASSED

VectorUtilSupportTest > ByteDistanceTest > dotProductPanamaMatchesScalar(int) > dim=8 PASSED

VectorUtilSupportTest > ByteDistanceTest > dotProductPanamaMatchesScalar(int) > dim=9 PASSED

VectorUtilSupportTest > ByteDistanceTest > dotProductPanamaMatchesScalar(int) > dim=15 PASSED

VectorUtilSupportTest > ByteDistanceTest > dotProductPanamaMatchesScalar(int) > dim=16 PASSED

VectorUtilSupportTest > ByteDistanceTest > dotProductPanamaMatchesScalar(int) > dim=17 PASSED

VectorUtilSupportTest > ByteDistanceTest > dotProductPanamaMatchesScalar(int) > dim=31 PASSED

VectorUtilSupportTest > ByteDistanceTest > dotProductPanamaMatchesScalar(int) > dim=32 PASSED

VectorUtilSupportTest > ByteDistanceTest > dotProductPanamaMatchesScalar(int) > dim=33 PASSED

VectorUtilSupportTest > ByteDistanceTest > dotProductPanamaMatchesScalar(int) > dim=63 PASSED

VectorUtilSupportTest > ByteDistanceTest > dotProductPanamaMatchesScalar(int) > dim=64 PASSED

VectorUtilSupportTest > ByteDistanceTest > dotProductPanamaMatchesScalar(int) > dim=65 PASSED

VectorUtilSupportTest > ByteDistanceTest > dotProductPanamaMatchesScalar(int) > dim=127 PASSED

VectorUtilSupportTest > ByteDistanceTest > dotProductPanamaMatchesScalar(int) > dim=128 PASSED

VectorUtilSupportTest > ByteDistanceTest > dotProductPanamaMatchesScalar(int) > dim=129 PASSED

VectorUtilSupportTest > ByteDistanceTest > dotProductPanamaMatchesScalar(int) > dim=255 PASSED

VectorUtilSupportTest > ByteDistanceTest > dotProductPanamaMatchesScalar(int) > dim=256 PASSED

VectorUtilSupportTest > ByteDistanceTest > dotProductPanamaMatchesScalar(int) > dim=257 PASSED

VectorUtilSupportTest > ByteDistanceTest > dotProductPanamaMatchesScalar(int) > dim=300 PASSED

VectorUtilSupportTest > ByteDistanceTest > dotProductPanamaMatchesScalar(int) > dim=384 PASSED

VectorUtilSupportTest > ByteDistanceTest > dotProductPanamaMatchesScalar(int) > dim=511 PASSED

VectorUtilSupportTest > ByteDistanceTest > dotProductPanamaMatchesScalar(int) > dim=512 PASSED

VectorUtilSupportTest > ByteDistanceTest > dotProductPanamaMatchesScalar(int) > dim=513 PASSED

VectorUtilSupportTest > ByteDistanceTest > dotProductPanamaMatchesScalar(int) > dim=768 PASSED

VectorUtilSupportTest > ByteDistanceTest > dotProductPanamaMatchesScalar(int) > dim=1023 PASSED

VectorUtilSupportTest > ByteDistanceTest > dotProductPanamaMatchesScalar(int) > dim=1024 PASSED

VectorUtilSupportTest > ByteDistanceTest > dotProductPanamaMatchesScalar(int) > dim=1025 PASSED

VectorUtilSupportTest > ByteDistanceTest > dotProductPanamaMatchesScalar(int) > dim=1536 PASSED

VectorUtilSupportTest > ByteDistanceTest > squareDistancePanamaMatchesScalar(int) > dim=1 PASSED

VectorUtilSupportTest > ByteDistanceTest > squareDistancePanamaMatchesScalar(int) > dim=2 PASSED

VectorUtilSupportTest > ByteDistanceTest > squareDistancePanamaMatchesScalar(int) > dim=3 PASSED

VectorUtilSupportTest > ByteDistanceTest > squareDistancePanamaMatchesScalar(int) > dim=4 PASSED

VectorUtilSupportTest > ByteDistanceTest > squareDistancePanamaMatchesScalar(int) > dim=5 PASSED

VectorUtilSupportTest > ByteDistanceTest > squareDistancePanamaMatchesScalar(int) > dim=7 PASSED

VectorUtilSupportTest > ByteDistanceTest > squareDistancePanamaMatchesScalar(int) > dim=8 PASSED

VectorUtilSupportTest > ByteDistanceTest > squareDistancePanamaMatchesScalar(int) > dim=9 PASSED

VectorUtilSupportTest > ByteDistanceTest > squareDistancePanamaMatchesScalar(int) > dim=15 PASSED

VectorUtilSupportTest > ByteDistanceTest > squareDistancePanamaMatchesScalar(int) > dim=16 PASSED

VectorUtilSupportTest > ByteDistanceTest > squareDistancePanamaMatchesScalar(int) > dim=17 PASSED

VectorUtilSupportTest > ByteDistanceTest > squareDistancePanamaMatchesScalar(int) > dim=31 PASSED

VectorUtilSupportTest > ByteDistanceTest > squareDistancePanamaMatchesScalar(int) > dim=32 PASSED

VectorUtilSupportTest > ByteDistanceTest > squareDistancePanamaMatchesScalar(int) > dim=33 PASSED

VectorUtilSupportTest > ByteDistanceTest > squareDistancePanamaMatchesScalar(int) > dim=63 PASSED

VectorUtilSupportTest > ByteDistanceTest > squareDistancePanamaMatchesScalar(int) > dim=64 PASSED

VectorUtilSupportTest > ByteDistanceTest > squareDistancePanamaMatchesScalar(int) > dim=65 PASSED

VectorUtilSupportTest > ByteDistanceTest > squareDistancePanamaMatchesScalar(int) > dim=127 PASSED

VectorUtilSupportTest > ByteDistanceTest > squareDistancePanamaMatchesScalar(int) > dim=128 PASSED

VectorUtilSupportTest > ByteDistanceTest > squareDistancePanamaMatchesScalar(int) > dim=129 PASSED

VectorUtilSupportTest > ByteDistanceTest > squareDistancePanamaMatchesScalar(int) > dim=255 PASSED

VectorUtilSupportTest > ByteDistanceTest > squareDistancePanamaMatchesScalar(int) > dim=256 PASSED

VectorUtilSupportTest > ByteDistanceTest > squareDistancePanamaMatchesScalar(int) > dim=257 PASSED

VectorUtilSupportTest > ByteDistanceTest > squareDistancePanamaMatchesScalar(int) > dim=300 PASSED

VectorUtilSupportTest > ByteDistanceTest > squareDistancePanamaMatchesScalar(int) > dim=384 PASSED

VectorUtilSupportTest > ByteDistanceTest > squareDistancePanamaMatchesScalar(int) > dim=511 PASSED

VectorUtilSupportTest > ByteDistanceTest > squareDistancePanamaMatchesScalar(int) > dim=512 PASSED

VectorUtilSupportTest > ByteDistanceTest > squareDistancePanamaMatchesScalar(int) > dim=513 PASSED

VectorUtilSupportTest > ByteDistanceTest > squareDistancePanamaMatchesScalar(int) > dim=768 PASSED

VectorUtilSupportTest > ByteDistanceTest > squareDistancePanamaMatchesScalar(int) > dim=1023 PASSED

VectorUtilSupportTest > ByteDistanceTest > squareDistancePanamaMatchesScalar(int) > dim=1024 PASSED

VectorUtilSupportTest > ByteDistanceTest > squareDistancePanamaMatchesScalar(int) > dim=1025 PASSED

VectorUtilSupportTest > ByteDistanceTest > squareDistancePanamaMatchesScalar(int) > dim=1536 PASSED

VectorUtilSupportTest > FloatCosineTest > matchesNaive(int) > dim=1 PASSED

VectorUtilSupportTest > FloatCosineTest > matchesNaive(int) > dim=2 PASSED

VectorUtilSupportTest > FloatCosineTest > matchesNaive(int) > dim=3 PASSED

VectorUtilSupportTest > FloatCosineTest > matchesNaive(int) > dim=4 PASSED

VectorUtilSupportTest > FloatCosineTest > matchesNaive(int) > dim=5 PASSED

VectorUtilSupportTest > FloatCosineTest > matchesNaive(int) > dim=7 PASSED

VectorUtilSupportTest > FloatCosineTest > matchesNaive(int) > dim=8 PASSED

VectorUtilSupportTest > FloatCosineTest > matchesNaive(int) > dim=9 PASSED

VectorUtilSupportTest > FloatCosineTest > matchesNaive(int) > dim=15 PASSED

VectorUtilSupportTest > FloatCosineTest > matchesNaive(int) > dim=16 PASSED

VectorUtilSupportTest > FloatCosineTest > matchesNaive(int) > dim=17 PASSED

VectorUtilSupportTest > FloatCosineTest > matchesNaive(int) > dim=31 PASSED

VectorUtilSupportTest > FloatCosineTest > matchesNaive(int) > dim=32 PASSED

VectorUtilSupportTest > FloatCosineTest > matchesNaive(int) > dim=33 PASSED

VectorUtilSupportTest > FloatCosineTest > matchesNaive(int) > dim=63 PASSED

VectorUtilSupportTest > FloatCosineTest > matchesNaive(int) > dim=64 PASSED

VectorUtilSupportTest > FloatCosineTest > matchesNaive(int) > dim=65 PASSED

VectorUtilSupportTest > FloatCosineTest > matchesNaive(int) > dim=127 PASSED

VectorUtilSupportTest > FloatCosineTest > matchesNaive(int) > dim=128 PASSED

VectorUtilSupportTest > FloatCosineTest > matchesNaive(int) > dim=129 PASSED

VectorUtilSupportTest > FloatCosineTest > matchesNaive(int) > dim=255 PASSED

VectorUtilSupportTest > FloatCosineTest > matchesNaive(int) > dim=256 PASSED

VectorUtilSupportTest > FloatCosineTest > matchesNaive(int) > dim=257 PASSED

VectorUtilSupportTest > FloatCosineTest > matchesNaive(int) > dim=300 PASSED

VectorUtilSupportTest > FloatCosineTest > matchesNaive(int) > dim=384 PASSED

VectorUtilSupportTest > FloatCosineTest > matchesNaive(int) > dim=511 PASSED

VectorUtilSupportTest > FloatCosineTest > matchesNaive(int) > dim=512 PASSED

VectorUtilSupportTest > FloatCosineTest > matchesNaive(int) > dim=513 PASSED

VectorUtilSupportTest > FloatCosineTest > matchesNaive(int) > dim=768 PASSED

VectorUtilSupportTest > FloatCosineTest > matchesNaive(int) > dim=1023 PASSED

VectorUtilSupportTest > FloatCosineTest > matchesNaive(int) > dim=1024 PASSED

VectorUtilSupportTest > FloatCosineTest > matchesNaive(int) > dim=1025 PASSED

VectorUtilSupportTest > FloatCosineTest > matchesNaive(int) > dim=1536 PASSED

VectorUtilSupportTest > FloatCosineTest > panamaMatchesScalar(int) > dim=1 PASSED

VectorUtilSupportTest > FloatCosineTest > panamaMatchesScalar(int) > dim=2 PASSED

VectorUtilSupportTest > FloatCosineTest > panamaMatchesScalar(int) > dim=3 PASSED

VectorUtilSupportTest > FloatCosineTest > panamaMatchesScalar(int) > dim=4 PASSED

VectorUtilSupportTest > FloatCosineTest > panamaMatchesScalar(int) > dim=5 PASSED

VectorUtilSupportTest > FloatCosineTest > panamaMatchesScalar(int) > dim=7 PASSED

VectorUtilSupportTest > FloatCosineTest > panamaMatchesScalar(int) > dim=8 PASSED

VectorUtilSupportTest > FloatCosineTest > panamaMatchesScalar(int) > dim=9 PASSED

VectorUtilSupportTest > FloatCosineTest > panamaMatchesScalar(int) > dim=15 PASSED

VectorUtilSupportTest > FloatCosineTest > panamaMatchesScalar(int) > dim=16 PASSED

VectorUtilSupportTest > FloatCosineTest > panamaMatchesScalar(int) > dim=17 PASSED

VectorUtilSupportTest > FloatCosineTest > panamaMatchesScalar(int) > dim=31 PASSED

VectorUtilSupportTest > FloatCosineTest > panamaMatchesScalar(int) > dim=32 PASSED

VectorUtilSupportTest > FloatCosineTest > panamaMatchesScalar(int) > dim=33 PASSED

VectorUtilSupportTest > FloatCosineTest > panamaMatchesScalar(int) > dim=63 PASSED

VectorUtilSupportTest > FloatCosineTest > panamaMatchesScalar(int) > dim=64 PASSED

VectorUtilSupportTest > FloatCosineTest > panamaMatchesScalar(int) > dim=65 PASSED

VectorUtilSupportTest > FloatCosineTest > panamaMatchesScalar(int) > dim=127 PASSED

VectorUtilSupportTest > FloatCosineTest > panamaMatchesScalar(int) > dim=128 PASSED

VectorUtilSupportTest > FloatCosineTest > panamaMatchesScalar(int) > dim=129 PASSED

VectorUtilSupportTest > FloatCosineTest > panamaMatchesScalar(int) > dim=255 PASSED

VectorUtilSupportTest > FloatCosineTest > panamaMatchesScalar(int) > dim=256 PASSED

VectorUtilSupportTest > FloatCosineTest > panamaMatchesScalar(int) > dim=257 PASSED

VectorUtilSupportTest > FloatCosineTest > panamaMatchesScalar(int) > dim=300 PASSED

VectorUtilSupportTest > FloatCosineTest > panamaMatchesScalar(int) > dim=384 PASSED

VectorUtilSupportTest > FloatCosineTest > panamaMatchesScalar(int) > dim=511 PASSED

VectorUtilSupportTest > FloatCosineTest > panamaMatchesScalar(int) > dim=512 PASSED

VectorUtilSupportTest > FloatCosineTest > panamaMatchesScalar(int) > dim=513 PASSED

VectorUtilSupportTest > FloatCosineTest > panamaMatchesScalar(int) > dim=768 PASSED

VectorUtilSupportTest > FloatCosineTest > panamaMatchesScalar(int) > dim=1023 PASSED

VectorUtilSupportTest > FloatCosineTest > panamaMatchesScalar(int) > dim=1024 PASSED

VectorUtilSupportTest > FloatCosineTest > panamaMatchesScalar(int) > dim=1025 PASSED

VectorUtilSupportTest > FloatCosineTest > panamaMatchesScalar(int) > dim=1536 PASSED

VectorUtilSupportTest > FloatCosineTest > orthogonalVectorsIsZero() PASSED

VectorUtilSupportTest > FloatCosineTest > oppositeVectorsIsMinusOne() PASSED

VectorUtilSupportTest > FloatCosineTest > selfCosineIsOne(int) > dim=1 PASSED

VectorUtilSupportTest > FloatCosineTest > selfCosineIsOne(int) > dim=2 PASSED

VectorUtilSupportTest > FloatCosineTest > selfCosineIsOne(int) > dim=3 PASSED

VectorUtilSupportTest > FloatCosineTest > selfCosineIsOne(int) > dim=4 PASSED

VectorUtilSupportTest > FloatCosineTest > selfCosineIsOne(int) > dim=5 PASSED

VectorUtilSupportTest > FloatCosineTest > selfCosineIsOne(int) > dim=7 PASSED

VectorUtilSupportTest > FloatCosineTest > selfCosineIsOne(int) > dim=8 PASSED

VectorUtilSupportTest > FloatCosineTest > selfCosineIsOne(int) > dim=9 PASSED

VectorUtilSupportTest > FloatCosineTest > selfCosineIsOne(int) > dim=15 PASSED

VectorUtilSupportTest > FloatCosineTest > selfCosineIsOne(int) > dim=16 PASSED

VectorUtilSupportTest > FloatCosineTest > selfCosineIsOne(int) > dim=17 PASSED

VectorUtilSupportTest > FloatCosineTest > selfCosineIsOne(int) > dim=31 PASSED

VectorUtilSupportTest > FloatCosineTest > selfCosineIsOne(int) > dim=32 PASSED

VectorUtilSupportTest > FloatCosineTest > selfCosineIsOne(int) > dim=33 PASSED

VectorUtilSupportTest > FloatCosineTest > selfCosineIsOne(int) > dim=63 PASSED

VectorUtilSupportTest > FloatCosineTest > selfCosineIsOne(int) > dim=64 PASSED

VectorUtilSupportTest > FloatCosineTest > selfCosineIsOne(int) > dim=65 PASSED

VectorUtilSupportTest > FloatCosineTest > selfCosineIsOne(int) > dim=127 PASSED

VectorUtilSupportTest > FloatCosineTest > selfCosineIsOne(int) > dim=128 PASSED

VectorUtilSupportTest > FloatCosineTest > selfCosineIsOne(int) > dim=129 PASSED

VectorUtilSupportTest > FloatCosineTest > selfCosineIsOne(int) > dim=255 PASSED

VectorUtilSupportTest > FloatCosineTest > selfCosineIsOne(int) > dim=256 PASSED

VectorUtilSupportTest > FloatCosineTest > selfCosineIsOne(int) > dim=257 PASSED

VectorUtilSupportTest > FloatCosineTest > selfCosineIsOne(int) > dim=300 PASSED

VectorUtilSupportTest > FloatCosineTest > selfCosineIsOne(int) > dim=384 PASSED

VectorUtilSupportTest > FloatCosineTest > selfCosineIsOne(int) > dim=511 PASSED

VectorUtilSupportTest > FloatCosineTest > selfCosineIsOne(int) > dim=512 PASSED

VectorUtilSupportTest > FloatCosineTest > selfCosineIsOne(int) > dim=513 PASSED

VectorUtilSupportTest > FloatCosineTest > selfCosineIsOne(int) > dim=768 PASSED

VectorUtilSupportTest > FloatCosineTest > selfCosineIsOne(int) > dim=1023 PASSED

VectorUtilSupportTest > FloatCosineTest > selfCosineIsOne(int) > dim=1024 PASSED

VectorUtilSupportTest > FloatCosineTest > selfCosineIsOne(int) > dim=1025 PASSED

VectorUtilSupportTest > FloatCosineTest > selfCosineIsOne(int) > dim=1536 PASSED

VectorUtilSupportTest > FloatCosineTest > rangeIsMinus1To1(int) > dim=1 PASSED

VectorUtilSupportTest > FloatCosineTest > rangeIsMinus1To1(int) > dim=2 PASSED

VectorUtilSupportTest > FloatCosineTest > rangeIsMinus1To1(int) > dim=3 PASSED

VectorUtilSupportTest > FloatCosineTest > rangeIsMinus1To1(int) > dim=4 PASSED

VectorUtilSupportTest > FloatCosineTest > rangeIsMinus1To1(int) > dim=5 PASSED

VectorUtilSupportTest > FloatCosineTest > rangeIsMinus1To1(int) > dim=7 PASSED

VectorUtilSupportTest > FloatCosineTest > rangeIsMinus1To1(int) > dim=8 PASSED

VectorUtilSupportTest > FloatCosineTest > rangeIsMinus1To1(int) > dim=9 PASSED

VectorUtilSupportTest > FloatCosineTest > rangeIsMinus1To1(int) > dim=15 PASSED

VectorUtilSupportTest > FloatCosineTest > rangeIsMinus1To1(int) > dim=16 PASSED

VectorUtilSupportTest > FloatCosineTest > rangeIsMinus1To1(int) > dim=17 PASSED

VectorUtilSupportTest > FloatCosineTest > rangeIsMinus1To1(int) > dim=31 PASSED

VectorUtilSupportTest > FloatCosineTest > rangeIsMinus1To1(int) > dim=32 PASSED

VectorUtilSupportTest > FloatCosineTest > rangeIsMinus1To1(int) > dim=33 PASSED

VectorUtilSupportTest > FloatCosineTest > rangeIsMinus1To1(int) > dim=63 PASSED

VectorUtilSupportTest > FloatCosineTest > rangeIsMinus1To1(int) > dim=64 PASSED

VectorUtilSupportTest > FloatCosineTest > rangeIsMinus1To1(int) > dim=65 PASSED

VectorUtilSupportTest > FloatCosineTest > rangeIsMinus1To1(int) > dim=127 PASSED

VectorUtilSupportTest > FloatCosineTest > rangeIsMinus1To1(int) > dim=128 PASSED

VectorUtilSupportTest > FloatCosineTest > rangeIsMinus1To1(int) > dim=129 PASSED

VectorUtilSupportTest > FloatCosineTest > rangeIsMinus1To1(int) > dim=255 PASSED

VectorUtilSupportTest > FloatCosineTest > rangeIsMinus1To1(int) > dim=256 PASSED

VectorUtilSupportTest > FloatCosineTest > rangeIsMinus1To1(int) > dim=257 PASSED

VectorUtilSupportTest > FloatCosineTest > rangeIsMinus1To1(int) > dim=300 PASSED

VectorUtilSupportTest > FloatCosineTest > rangeIsMinus1To1(int) > dim=384 PASSED

VectorUtilSupportTest > FloatCosineTest > rangeIsMinus1To1(int) > dim=511 PASSED

VectorUtilSupportTest > FloatCosineTest > rangeIsMinus1To1(int) > dim=512 PASSED

VectorUtilSupportTest > FloatCosineTest > rangeIsMinus1To1(int) > dim=513 PASSED

VectorUtilSupportTest > FloatCosineTest > rangeIsMinus1To1(int) > dim=768 PASSED

VectorUtilSupportTest > FloatCosineTest > rangeIsMinus1To1(int) > dim=1023 PASSED

VectorUtilSupportTest > FloatCosineTest > rangeIsMinus1To1(int) > dim=1024 PASSED

VectorUtilSupportTest > FloatCosineTest > rangeIsMinus1To1(int) > dim=1025 PASSED

VectorUtilSupportTest > FloatCosineTest > rangeIsMinus1To1(int) > dim=1536 PASSED

VectorUtilSupportTest > FloatSquareDistanceTest > isNonNegative(int) > dim=1 PASSED

VectorUtilSupportTest > FloatSquareDistanceTest > isNonNegative(int) > dim=2 PASSED

VectorUtilSupportTest > FloatSquareDistanceTest > isNonNegative(int) > dim=3 PASSED

VectorUtilSupportTest > FloatSquareDistanceTest > isNonNegative(int) > dim=4 PASSED

VectorUtilSupportTest > FloatSquareDistanceTest > isNonNegative(int) > dim=5 PASSED

VectorUtilSupportTest > FloatSquareDistanceTest > isNonNegative(int) > dim=7 PASSED

VectorUtilSupportTest > FloatSquareDistanceTest > isNonNegative(int) > dim=8 PASSED

VectorUtilSupportTest > FloatSquareDistanceTest > isNonNegative(int) > dim=9 PASSED

VectorUtilSupportTest > FloatSquareDistanceTest > isNonNegative(int) > dim=15 PASSED

VectorUtilSupportTest > FloatSquareDistanceTest > isNonNegative(int) > dim=16 PASSED

VectorUtilSupportTest > FloatSquareDistanceTest > isNonNegative(int) > dim=17 PASSED

VectorUtilSupportTest > FloatSquareDistanceTest > isNonNegative(int) > dim=31 PASSED

VectorUtilSupportTest > FloatSquareDistanceTest > isNonNegative(int) > dim=32 PASSED

VectorUtilSupportTest > FloatSquareDistanceTest > isNonNegative(int) > dim=33 PASSED

VectorUtilSupportTest > FloatSquareDistanceTest > isNonNegative(int) > dim=63 PASSED

VectorUtilSupportTest > FloatSquareDistanceTest > isNonNegative(int) > dim=64 PASSED

VectorUtilSupportTest > FloatSquareDistanceTest > isNonNegative(int) > dim=65 PASSED

VectorUtilSupportTest > FloatSquareDistanceTest > isNonNegative(int) > dim=127 PASSED

VectorUtilSupportTest > FloatSquareDistanceTest > isNonNegative(int) > dim=128 PASSED

VectorUtilSupportTest > FloatSquareDistanceTest > isNonNegative(int) > dim=129 PASSED

VectorUtilSupportTest > FloatSquareDistanceTest > isNonNegative(int) > dim=255 PASSED

VectorUtilSupportTest > FloatSquareDistanceTest > isNonNegative(int) > dim=256 PASSED

VectorUtilSupportTest > FloatSquareDistanceTest > isNonNegative(int) > dim=257 PASSED

VectorUtilSupportTest > FloatSquareDistanceTest > isNonNegative(int) > dim=300 PASSED

VectorUtilSupportTest > FloatSquareDistanceTest > isNonNegative(int) > dim=384 PASSED

VectorUtilSupportTest > FloatSquareDistanceTest > isNonNegative(int) > dim=511 PASSED

VectorUtilSupportTest > FloatSquareDistanceTest > isNonNegative(int) > dim=512 PASSED

VectorUtilSupportTest > FloatSquareDistanceTest > isNonNegative(int) > dim=513 PASSED

VectorUtilSupportTest > FloatSquareDistanceTest > isNonNegative(int) > dim=768 PASSED

VectorUtilSupportTest > FloatSquareDistanceTest > isNonNegative(int) > dim=1023 PASSED

VectorUtilSupportTest > FloatSquareDistanceTest > isNonNegative(int) > dim=1024 PASSED

VectorUtilSupportTest > FloatSquareDistanceTest > isNonNegative(int) > dim=1025 PASSED

VectorUtilSupportTest > FloatSquareDistanceTest > isNonNegative(int) > dim=1536 PASSED

VectorUtilSupportTest > FloatSquareDistanceTest > matchesNaive(int) > dim=1 PASSED

VectorUtilSupportTest > FloatSquareDistanceTest > matchesNaive(int) > dim=2 PASSED

VectorUtilSupportTest > FloatSquareDistanceTest > matchesNaive(int) > dim=3 PASSED

VectorUtilSupportTest > FloatSquareDistanceTest > matchesNaive(int) > dim=4 PASSED

VectorUtilSupportTest > FloatSquareDistanceTest > matchesNaive(int) > dim=5 PASSED

VectorUtilSupportTest > FloatSquareDistanceTest > matchesNaive(int) > dim=7 PASSED

VectorUtilSupportTest > FloatSquareDistanceTest > matchesNaive(int) > dim=8 PASSED

VectorUtilSupportTest > FloatSquareDistanceTest > matchesNaive(int) > dim=9 PASSED

VectorUtilSupportTest > FloatSquareDistanceTest > matchesNaive(int) > dim=15 PASSED

VectorUtilSupportTest > FloatSquareDistanceTest > matchesNaive(int) > dim=16 PASSED

VectorUtilSupportTest > FloatSquareDistanceTest > matchesNaive(int) > dim=17 PASSED

VectorUtilSupportTest > FloatSquareDistanceTest > matchesNaive(int) > dim=31 PASSED

VectorUtilSupportTest > FloatSquareDistanceTest > matchesNaive(int) > dim=32 PASSED

VectorUtilSupportTest > FloatSquareDistanceTest > matchesNaive(int) > dim=33 PASSED

VectorUtilSupportTest > FloatSquareDistanceTest > matchesNaive(int) > dim=63 PASSED

VectorUtilSupportTest > FloatSquareDistanceTest > matchesNaive(int) > dim=64 PASSED

VectorUtilSupportTest > FloatSquareDistanceTest > matchesNaive(int) > dim=65 PASSED

VectorUtilSupportTest > FloatSquareDistanceTest > matchesNaive(int) > dim=127 PASSED

VectorUtilSupportTest > FloatSquareDistanceTest > matchesNaive(int) > dim=128 PASSED

VectorUtilSupportTest > FloatSquareDistanceTest > matchesNaive(int) > dim=129 PASSED

VectorUtilSupportTest > FloatSquareDistanceTest > matchesNaive(int) > dim=255 PASSED

VectorUtilSupportTest > FloatSquareDistanceTest > matchesNaive(int) > dim=256 PASSED

VectorUtilSupportTest > FloatSquareDistanceTest > matchesNaive(int) > dim=257 PASSED

VectorUtilSupportTest > FloatSquareDistanceTest > matchesNaive(int) > dim=300 PASSED

VectorUtilSupportTest > FloatSquareDistanceTest > matchesNaive(int) > dim=384 PASSED

VectorUtilSupportTest > FloatSquareDistanceTest > matchesNaive(int) > dim=511 PASSED

VectorUtilSupportTest > FloatSquareDistanceTest > matchesNaive(int) > dim=512 PASSED

VectorUtilSupportTest > FloatSquareDistanceTest > matchesNaive(int) > dim=513 PASSED

VectorUtilSupportTest > FloatSquareDistanceTest > matchesNaive(int) > dim=768 PASSED

VectorUtilSupportTest > FloatSquareDistanceTest > matchesNaive(int) > dim=1023 PASSED

VectorUtilSupportTest > FloatSquareDistanceTest > matchesNaive(int) > dim=1024 PASSED

VectorUtilSupportTest > FloatSquareDistanceTest > matchesNaive(int) > dim=1025 PASSED

VectorUtilSupportTest > FloatSquareDistanceTest > matchesNaive(int) > dim=1536 PASSED

VectorUtilSupportTest > FloatSquareDistanceTest > panamaMatchesScalar(int) > dim=1 PASSED

VectorUtilSupportTest > FloatSquareDistanceTest > panamaMatchesScalar(int) > dim=2 PASSED

VectorUtilSupportTest > FloatSquareDistanceTest > panamaMatchesScalar(int) > dim=3 PASSED

VectorUtilSupportTest > FloatSquareDistanceTest > panamaMatchesScalar(int) > dim=4 PASSED

VectorUtilSupportTest > FloatSquareDistanceTest > panamaMatchesScalar(int) > dim=5 PASSED

VectorUtilSupportTest > FloatSquareDistanceTest > panamaMatchesScalar(int) > dim=7 PASSED

VectorUtilSupportTest > FloatSquareDistanceTest > panamaMatchesScalar(int) > dim=8 PASSED

VectorUtilSupportTest > FloatSquareDistanceTest > panamaMatchesScalar(int) > dim=9 PASSED

VectorUtilSupportTest > FloatSquareDistanceTest > panamaMatchesScalar(int) > dim=15 PASSED

VectorUtilSupportTest > FloatSquareDistanceTest > panamaMatchesScalar(int) > dim=16 PASSED

VectorUtilSupportTest > FloatSquareDistanceTest > panamaMatchesScalar(int) > dim=17 PASSED

VectorUtilSupportTest > FloatSquareDistanceTest > panamaMatchesScalar(int) > dim=31 PASSED

VectorUtilSupportTest > FloatSquareDistanceTest > panamaMatchesScalar(int) > dim=32 PASSED

VectorUtilSupportTest > FloatSquareDistanceTest > panamaMatchesScalar(int) > dim=33 PASSED

VectorUtilSupportTest > FloatSquareDistanceTest > panamaMatchesScalar(int) > dim=63 PASSED

VectorUtilSupportTest > FloatSquareDistanceTest > panamaMatchesScalar(int) > dim=64 PASSED

VectorUtilSupportTest > FloatSquareDistanceTest > panamaMatchesScalar(int) > dim=65 PASSED

VectorUtilSupportTest > FloatSquareDistanceTest > panamaMatchesScalar(int) > dim=127 PASSED

VectorUtilSupportTest > FloatSquareDistanceTest > panamaMatchesScalar(int) > dim=128 PASSED

VectorUtilSupportTest > FloatSquareDistanceTest > panamaMatchesScalar(int) > dim=129 PASSED

VectorUtilSupportTest > FloatSquareDistanceTest > panamaMatchesScalar(int) > dim=255 PASSED

VectorUtilSupportTest > FloatSquareDistanceTest > panamaMatchesScalar(int) > dim=256 PASSED

VectorUtilSupportTest > FloatSquareDistanceTest > panamaMatchesScalar(int) > dim=257 PASSED

VectorUtilSupportTest > FloatSquareDistanceTest > panamaMatchesScalar(int) > dim=300 PASSED

VectorUtilSupportTest > FloatSquareDistanceTest > panamaMatchesScalar(int) > dim=384 PASSED

VectorUtilSupportTest > FloatSquareDistanceTest > panamaMatchesScalar(int) > dim=511 PASSED

VectorUtilSupportTest > FloatSquareDistanceTest > panamaMatchesScalar(int) > dim=512 PASSED

VectorUtilSupportTest > FloatSquareDistanceTest > panamaMatchesScalar(int) > dim=513 PASSED

VectorUtilSupportTest > FloatSquareDistanceTest > panamaMatchesScalar(int) > dim=768 PASSED

VectorUtilSupportTest > FloatSquareDistanceTest > panamaMatchesScalar(int) > dim=1023 PASSED

VectorUtilSupportTest > FloatSquareDistanceTest > panamaMatchesScalar(int) > dim=1024 PASSED

VectorUtilSupportTest > FloatSquareDistanceTest > panamaMatchesScalar(int) > dim=1025 PASSED

VectorUtilSupportTest > FloatSquareDistanceTest > panamaMatchesScalar(int) > dim=1536 PASSED

VectorUtilSupportTest > FloatSquareDistanceTest > selfDistanceIsZero(int) > dim=1 PASSED

VectorUtilSupportTest > FloatSquareDistanceTest > selfDistanceIsZero(int) > dim=2 PASSED

VectorUtilSupportTest > FloatSquareDistanceTest > selfDistanceIsZero(int) > dim=3 PASSED

VectorUtilSupportTest > FloatSquareDistanceTest > selfDistanceIsZero(int) > dim=4 PASSED

VectorUtilSupportTest > FloatSquareDistanceTest > selfDistanceIsZero(int) > dim=5 PASSED

VectorUtilSupportTest > FloatSquareDistanceTest > selfDistanceIsZero(int) > dim=7 PASSED

VectorUtilSupportTest > FloatSquareDistanceTest > selfDistanceIsZero(int) > dim=8 PASSED

VectorUtilSupportTest > FloatSquareDistanceTest > selfDistanceIsZero(int) > dim=9 PASSED

VectorUtilSupportTest > FloatSquareDistanceTest > selfDistanceIsZero(int) > dim=15 PASSED

VectorUtilSupportTest > FloatSquareDistanceTest > selfDistanceIsZero(int) > dim=16 PASSED

VectorUtilSupportTest > FloatSquareDistanceTest > selfDistanceIsZero(int) > dim=17 PASSED

VectorUtilSupportTest > FloatSquareDistanceTest > selfDistanceIsZero(int) > dim=31 PASSED

VectorUtilSupportTest > FloatSquareDistanceTest > selfDistanceIsZero(int) > dim=32 PASSED

VectorUtilSupportTest > FloatSquareDistanceTest > selfDistanceIsZero(int) > dim=33 PASSED

VectorUtilSupportTest > FloatSquareDistanceTest > selfDistanceIsZero(int) > dim=63 PASSED

VectorUtilSupportTest > FloatSquareDistanceTest > selfDistanceIsZero(int) > dim=64 PASSED

VectorUtilSupportTest > FloatSquareDistanceTest > selfDistanceIsZero(int) > dim=65 PASSED

VectorUtilSupportTest > FloatSquareDistanceTest > selfDistanceIsZero(int) > dim=127 PASSED

VectorUtilSupportTest > FloatSquareDistanceTest > selfDistanceIsZero(int) > dim=128 PASSED

VectorUtilSupportTest > FloatSquareDistanceTest > selfDistanceIsZero(int) > dim=129 PASSED

VectorUtilSupportTest > FloatSquareDistanceTest > selfDistanceIsZero(int) > dim=255 PASSED

VectorUtilSupportTest > FloatSquareDistanceTest > selfDistanceIsZero(int) > dim=256 PASSED

VectorUtilSupportTest > FloatSquareDistanceTest > selfDistanceIsZero(int) > dim=257 PASSED

VectorUtilSupportTest > FloatSquareDistanceTest > selfDistanceIsZero(int) > dim=300 PASSED

VectorUtilSupportTest > FloatSquareDistanceTest > selfDistanceIsZero(int) > dim=384 PASSED

VectorUtilSupportTest > FloatSquareDistanceTest > selfDistanceIsZero(int) > dim=511 PASSED

VectorUtilSupportTest > FloatSquareDistanceTest > selfDistanceIsZero(int) > dim=512 PASSED

VectorUtilSupportTest > FloatSquareDistanceTest > selfDistanceIsZero(int) > dim=513 PASSED

VectorUtilSupportTest > FloatSquareDistanceTest > selfDistanceIsZero(int) > dim=768 PASSED

VectorUtilSupportTest > FloatSquareDistanceTest > selfDistanceIsZero(int) > dim=1023 PASSED

VectorUtilSupportTest > FloatSquareDistanceTest > selfDistanceIsZero(int) > dim=1024 PASSED

VectorUtilSupportTest > FloatSquareDistanceTest > selfDistanceIsZero(int) > dim=1025 PASSED

VectorUtilSupportTest > FloatSquareDistanceTest > selfDistanceIsZero(int) > dim=1536 PASSED

VectorUtilSupportTest > FloatSquareDistanceTest > satisfiesTriangleInequality(int) > dim=3 PASSED

VectorUtilSupportTest > FloatSquareDistanceTest > satisfiesTriangleInequality(int) > dim=16 PASSED

VectorUtilSupportTest > FloatSquareDistanceTest > satisfiesTriangleInequality(int) > dim=64 PASSED

VectorUtilSupportTest > FloatSquareDistanceTest > satisfiesTriangleInequality(int) > dim=256 PASSED

VectorUtilSupportTest > FloatSquareDistanceTest > satisfiesTriangleInequality(int) > dim=768 PASSED

VectorUtilSupportTest > ExactStridedBatchDotProductTest > matchesIndependentProviderDotProductsBitForBit(int) > dim=1 PASSED

VectorUtilSupportTest > ExactStridedBatchDotProductTest > matchesIndependentProviderDotProductsBitForBit(int) > dim=2 PASSED

VectorUtilSupportTest > ExactStridedBatchDotProductTest > matchesIndependentProviderDotProductsBitForBit(int) > dim=3 PASSED

VectorUtilSupportTest > ExactStridedBatchDotProductTest > matchesIndependentProviderDotProductsBitForBit(int) > dim=4 PASSED

VectorUtilSupportTest > ExactStridedBatchDotProductTest > matchesIndependentProviderDotProductsBitForBit(int) > dim=5 PASSED

VectorUtilSupportTest > ExactStridedBatchDotProductTest > matchesIndependentProviderDotProductsBitForBit(int) > dim=7 PASSED

VectorUtilSupportTest > ExactStridedBatchDotProductTest > matchesIndependentProviderDotProductsBitForBit(int) > dim=8 PASSED

VectorUtilSupportTest > ExactStridedBatchDotProductTest > matchesIndependentProviderDotProductsBitForBit(int) > dim=9 PASSED

VectorUtilSupportTest > ExactStridedBatchDotProductTest > matchesIndependentProviderDotProductsBitForBit(int) > dim=15 PASSED

VectorUtilSupportTest > ExactStridedBatchDotProductTest > matchesIndependentProviderDotProductsBitForBit(int) > dim=16 PASSED

VectorUtilSupportTest > ExactStridedBatchDotProductTest > matchesIndependentProviderDotProductsBitForBit(int) > dim=17 PASSED

VectorUtilSupportTest > ExactStridedBatchDotProductTest > matchesIndependentProviderDotProductsBitForBit(int) > dim=31 PASSED

VectorUtilSupportTest > ExactStridedBatchDotProductTest > matchesIndependentProviderDotProductsBitForBit(int) > dim=32 PASSED

VectorUtilSupportTest > ExactStridedBatchDotProductTest > matchesIndependentProviderDotProductsBitForBit(int) > dim=33 PASSED

VectorUtilSupportTest > ExactStridedBatchDotProductTest > matchesIndependentProviderDotProductsBitForBit(int) > dim=63 PASSED

VectorUtilSupportTest > ExactStridedBatchDotProductTest > matchesIndependentProviderDotProductsBitForBit(int) > dim=64 PASSED

VectorUtilSupportTest > ExactStridedBatchDotProductTest > matchesIndependentProviderDotProductsBitForBit(int) > dim=65 PASSED

VectorUtilSupportTest > ExactStridedBatchDotProductTest > matchesIndependentProviderDotProductsBitForBit(int) > dim=127 PASSED

VectorUtilSupportTest > ExactStridedBatchDotProductTest > matchesIndependentProviderDotProductsBitForBit(int) > dim=128 PASSED

VectorUtilSupportTest > ExactStridedBatchDotProductTest > matchesIndependentProviderDotProductsBitForBit(int) > dim=129 PASSED

VectorUtilSupportTest > ExactStridedBatchDotProductTest > matchesIndependentProviderDotProductsBitForBit(int) > dim=255 PASSED

VectorUtilSupportTest > ExactStridedBatchDotProductTest > matchesIndependentProviderDotProductsBitForBit(int) > dim=256 PASSED

VectorUtilSupportTest > ExactStridedBatchDotProductTest > matchesIndependentProviderDotProductsBitForBit(int) > dim=257 PASSED

VectorUtilSupportTest > ExactStridedBatchDotProductTest > matchesIndependentProviderDotProductsBitForBit(int) > dim=300 PASSED

VectorUtilSupportTest > ExactStridedBatchDotProductTest > matchesIndependentProviderDotProductsBitForBit(int) > dim=384 PASSED

VectorUtilSupportTest > ExactStridedBatchDotProductTest > matchesIndependentProviderDotProductsBitForBit(int) > dim=511 PASSED

VectorUtilSupportTest > ExactStridedBatchDotProductTest > matchesIndependentProviderDotProductsBitForBit(int) > dim=512 PASSED

VectorUtilSupportTest > ExactStridedBatchDotProductTest > matchesIndependentProviderDotProductsBitForBit(int) > dim=513 PASSED

VectorUtilSupportTest > ExactStridedBatchDotProductTest > matchesIndependentProviderDotProductsBitForBit(int) > dim=768 PASSED

VectorUtilSupportTest > ExactStridedBatchDotProductTest > matchesIndependentProviderDotProductsBitForBit(int) > dim=1023 PASSED

VectorUtilSupportTest > ExactStridedBatchDotProductTest > matchesIndependentProviderDotProductsBitForBit(int) > dim=1024 PASSED

VectorUtilSupportTest > ExactStridedBatchDotProductTest > matchesIndependentProviderDotProductsBitForBit(int) > dim=1025 PASSED

VectorUtilSupportTest > ExactStridedBatchDotProductTest > matchesIndependentProviderDotProductsBitForBit(int) > dim=1536 PASSED

VectorUtilSupportTest > FloatDotProductTest > dotProductRemainsBitExactAfterJitWarmup() PASSED

VectorUtilSupportTest > FloatDotProductTest > matchesNaive(int) > dim=1 PASSED

VectorUtilSupportTest > FloatDotProductTest > matchesNaive(int) > dim=2 PASSED

VectorUtilSupportTest > FloatDotProductTest > matchesNaive(int) > dim=3 PASSED

VectorUtilSupportTest > FloatDotProductTest > matchesNaive(int) > dim=4 PASSED

VectorUtilSupportTest > FloatDotProductTest > matchesNaive(int) > dim=5 PASSED

VectorUtilSupportTest > FloatDotProductTest > matchesNaive(int) > dim=7 PASSED

VectorUtilSupportTest > FloatDotProductTest > matchesNaive(int) > dim=8 PASSED

VectorUtilSupportTest > FloatDotProductTest > matchesNaive(int) > dim=9 PASSED

VectorUtilSupportTest > FloatDotProductTest > matchesNaive(int) > dim=15 PASSED

VectorUtilSupportTest > FloatDotProductTest > matchesNaive(int) > dim=16 PASSED

VectorUtilSupportTest > FloatDotProductTest > matchesNaive(int) > dim=17 PASSED

VectorUtilSupportTest > FloatDotProductTest > matchesNaive(int) > dim=31 PASSED

VectorUtilSupportTest > FloatDotProductTest > matchesNaive(int) > dim=32 PASSED

VectorUtilSupportTest > FloatDotProductTest > matchesNaive(int) > dim=33 PASSED

VectorUtilSupportTest > FloatDotProductTest > matchesNaive(int) > dim=63 PASSED

VectorUtilSupportTest > FloatDotProductTest > matchesNaive(int) > dim=64 PASSED

VectorUtilSupportTest > FloatDotProductTest > matchesNaive(int) > dim=65 PASSED

VectorUtilSupportTest > FloatDotProductTest > matchesNaive(int) > dim=127 PASSED

VectorUtilSupportTest > FloatDotProductTest > matchesNaive(int) > dim=128 PASSED

VectorUtilSupportTest > FloatDotProductTest > matchesNaive(int) > dim=129 PASSED

VectorUtilSupportTest > FloatDotProductTest > matchesNaive(int) > dim=255 PASSED

VectorUtilSupportTest > FloatDotProductTest > matchesNaive(int) > dim=256 PASSED

VectorUtilSupportTest > FloatDotProductTest > matchesNaive(int) > dim=257 PASSED

VectorUtilSupportTest > FloatDotProductTest > matchesNaive(int) > dim=300 PASSED

VectorUtilSupportTest > FloatDotProductTest > matchesNaive(int) > dim=384 PASSED

VectorUtilSupportTest > FloatDotProductTest > matchesNaive(int) > dim=511 PASSED

VectorUtilSupportTest > FloatDotProductTest > matchesNaive(int) > dim=512 PASSED

VectorUtilSupportTest > FloatDotProductTest > matchesNaive(int) > dim=513 PASSED

VectorUtilSupportTest > FloatDotProductTest > matchesNaive(int) > dim=768 PASSED

VectorUtilSupportTest > FloatDotProductTest > matchesNaive(int) > dim=1023 PASSED

VectorUtilSupportTest > FloatDotProductTest > matchesNaive(int) > dim=1024 PASSED

VectorUtilSupportTest > FloatDotProductTest > matchesNaive(int) > dim=1025 PASSED

VectorUtilSupportTest > FloatDotProductTest > matchesNaive(int) > dim=1536 PASSED

VectorUtilSupportTest > FloatDotProductTest > panamaMatchesScalar(int) > dim=1 PASSED

VectorUtilSupportTest > FloatDotProductTest > panamaMatchesScalar(int) > dim=2 PASSED

VectorUtilSupportTest > FloatDotProductTest > panamaMatchesScalar(int) > dim=3 PASSED

VectorUtilSupportTest > FloatDotProductTest > panamaMatchesScalar(int) > dim=4 PASSED

VectorUtilSupportTest > FloatDotProductTest > panamaMatchesScalar(int) > dim=5 PASSED

VectorUtilSupportTest > FloatDotProductTest > panamaMatchesScalar(int) > dim=7 PASSED

VectorUtilSupportTest > FloatDotProductTest > panamaMatchesScalar(int) > dim=8 PASSED

VectorUtilSupportTest > FloatDotProductTest > panamaMatchesScalar(int) > dim=9 PASSED

VectorUtilSupportTest > FloatDotProductTest > panamaMatchesScalar(int) > dim=15 PASSED

VectorUtilSupportTest > FloatDotProductTest > panamaMatchesScalar(int) > dim=16 PASSED

VectorUtilSupportTest > FloatDotProductTest > panamaMatchesScalar(int) > dim=17 PASSED

VectorUtilSupportTest > FloatDotProductTest > panamaMatchesScalar(int) > dim=31 PASSED

VectorUtilSupportTest > FloatDotProductTest > panamaMatchesScalar(int) > dim=32 PASSED

VectorUtilSupportTest > FloatDotProductTest > panamaMatchesScalar(int) > dim=33 PASSED

VectorUtilSupportTest > FloatDotProductTest > panamaMatchesScalar(int) > dim=63 PASSED

VectorUtilSupportTest > FloatDotProductTest > panamaMatchesScalar(int) > dim=64 PASSED

VectorUtilSupportTest > FloatDotProductTest > panamaMatchesScalar(int) > dim=65 PASSED

VectorUtilSupportTest > FloatDotProductTest > panamaMatchesScalar(int) > dim=127 PASSED

VectorUtilSupportTest > FloatDotProductTest > panamaMatchesScalar(int) > dim=128 PASSED

VectorUtilSupportTest > FloatDotProductTest > panamaMatchesScalar(int) > dim=129 PASSED

VectorUtilSupportTest > FloatDotProductTest > panamaMatchesScalar(int) > dim=255 PASSED

VectorUtilSupportTest > FloatDotProductTest > panamaMatchesScalar(int) > dim=256 PASSED

VectorUtilSupportTest > FloatDotProductTest > panamaMatchesScalar(int) > dim=257 PASSED

VectorUtilSupportTest > FloatDotProductTest > panamaMatchesScalar(int) > dim=300 PASSED

VectorUtilSupportTest > FloatDotProductTest > panamaMatchesScalar(int) > dim=384 PASSED

VectorUtilSupportTest > FloatDotProductTest > panamaMatchesScalar(int) > dim=511 PASSED

VectorUtilSupportTest > FloatDotProductTest > panamaMatchesScalar(int) > dim=512 PASSED

VectorUtilSupportTest > FloatDotProductTest > panamaMatchesScalar(int) > dim=513 PASSED

VectorUtilSupportTest > FloatDotProductTest > panamaMatchesScalar(int) > dim=768 PASSED

VectorUtilSupportTest > FloatDotProductTest > panamaMatchesScalar(int) > dim=1023 PASSED

VectorUtilSupportTest > FloatDotProductTest > panamaMatchesScalar(int) > dim=1024 PASSED

VectorUtilSupportTest > FloatDotProductTest > panamaMatchesScalar(int) > dim=1025 PASSED

VectorUtilSupportTest > FloatDotProductTest > panamaMatchesScalar(int) > dim=1536 PASSED

VectorUtilSupportTest > FloatDotProductTest > emptyVectors() PASSED

VectorUtilSupportTest > FloatDotProductTest > singleElement() PASSED

VectorUtilSupportTest > FloatDotProductTest > selfDotProductIsSquaredNorm(int) > dim=1 PASSED

VectorUtilSupportTest > FloatDotProductTest > selfDotProductIsSquaredNorm(int) > dim=2 PASSED

VectorUtilSupportTest > FloatDotProductTest > selfDotProductIsSquaredNorm(int) > dim=3 PASSED

VectorUtilSupportTest > FloatDotProductTest > selfDotProductIsSquaredNorm(int) > dim=4 PASSED

VectorUtilSupportTest > FloatDotProductTest > selfDotProductIsSquaredNorm(int) > dim=5 PASSED

VectorUtilSupportTest > FloatDotProductTest > selfDotProductIsSquaredNorm(int) > dim=7 PASSED

VectorUtilSupportTest > FloatDotProductTest > selfDotProductIsSquaredNorm(int) > dim=8 PASSED

VectorUtilSupportTest > FloatDotProductTest > selfDotProductIsSquaredNorm(int) > dim=9 PASSED

VectorUtilSupportTest > FloatDotProductTest > selfDotProductIsSquaredNorm(int) > dim=15 PASSED

VectorUtilSupportTest > FloatDotProductTest > selfDotProductIsSquaredNorm(int) > dim=16 PASSED

VectorUtilSupportTest > FloatDotProductTest > selfDotProductIsSquaredNorm(int) > dim=17 PASSED

VectorUtilSupportTest > FloatDotProductTest > selfDotProductIsSquaredNorm(int) > dim=31 PASSED

VectorUtilSupportTest > FloatDotProductTest > selfDotProductIsSquaredNorm(int) > dim=32 PASSED

VectorUtilSupportTest > FloatDotProductTest > selfDotProductIsSquaredNorm(int) > dim=33 PASSED

VectorUtilSupportTest > FloatDotProductTest > selfDotProductIsSquaredNorm(int) > dim=63 PASSED

VectorUtilSupportTest > FloatDotProductTest > selfDotProductIsSquaredNorm(int) > dim=64 PASSED

VectorUtilSupportTest > FloatDotProductTest > selfDotProductIsSquaredNorm(int) > dim=65 PASSED

VectorUtilSupportTest > FloatDotProductTest > selfDotProductIsSquaredNorm(int) > dim=127 PASSED

VectorUtilSupportTest > FloatDotProductTest > selfDotProductIsSquaredNorm(int) > dim=128 PASSED

VectorUtilSupportTest > FloatDotProductTest > selfDotProductIsSquaredNorm(int) > dim=129 PASSED

VectorUtilSupportTest > FloatDotProductTest > selfDotProductIsSquaredNorm(int) > dim=255 PASSED

VectorUtilSupportTest > FloatDotProductTest > selfDotProductIsSquaredNorm(int) > dim=256 PASSED

VectorUtilSupportTest > FloatDotProductTest > selfDotProductIsSquaredNorm(int) > dim=257 PASSED

VectorUtilSupportTest > FloatDotProductTest > selfDotProductIsSquaredNorm(int) > dim=300 PASSED

VectorUtilSupportTest > FloatDotProductTest > selfDotProductIsSquaredNorm(int) > dim=384 PASSED

VectorUtilSupportTest > FloatDotProductTest > selfDotProductIsSquaredNorm(int) > dim=511 PASSED

VectorUtilSupportTest > FloatDotProductTest > selfDotProductIsSquaredNorm(int) > dim=512 PASSED

VectorUtilSupportTest > FloatDotProductTest > selfDotProductIsSquaredNorm(int) > dim=513 PASSED

VectorUtilSupportTest > FloatDotProductTest > selfDotProductIsSquaredNorm(int) > dim=768 PASSED

VectorUtilSupportTest > FloatDotProductTest > selfDotProductIsSquaredNorm(int) > dim=1023 PASSED

VectorUtilSupportTest > FloatDotProductTest > selfDotProductIsSquaredNorm(int) > dim=1024 PASSED

VectorUtilSupportTest > FloatDotProductTest > selfDotProductIsSquaredNorm(int) > dim=1025 PASSED

VectorUtilSupportTest > FloatDotProductTest > selfDotProductIsSquaredNorm(int) > dim=1536 PASSED

VectorUtilSupportTest > FloatDotProductTest > withOffsetMatchesFull(int) > dim=1 PASSED

VectorUtilSupportTest > FloatDotProductTest > withOffsetMatchesFull(int) > dim=2 PASSED

VectorUtilSupportTest > FloatDotProductTest > withOffsetMatchesFull(int) > dim=3 PASSED

VectorUtilSupportTest > FloatDotProductTest > withOffsetMatchesFull(int) > dim=4 PASSED

VectorUtilSupportTest > FloatDotProductTest > withOffsetMatchesFull(int) > dim=5 PASSED

VectorUtilSupportTest > FloatDotProductTest > withOffsetMatchesFull(int) > dim=7 PASSED

VectorUtilSupportTest > FloatDotProductTest > withOffsetMatchesFull(int) > dim=8 PASSED

VectorUtilSupportTest > FloatDotProductTest > withOffsetMatchesFull(int) > dim=9 PASSED

VectorUtilSupportTest > FloatDotProductTest > withOffsetMatchesFull(int) > dim=15 PASSED

VectorUtilSupportTest > FloatDotProductTest > withOffsetMatchesFull(int) > dim=16 PASSED

VectorUtilSupportTest > FloatDotProductTest > withOffsetMatchesFull(int) > dim=17 PASSED

VectorUtilSupportTest > FloatDotProductTest > withOffsetMatchesFull(int) > dim=31 PASSED

VectorUtilSupportTest > FloatDotProductTest > withOffsetMatchesFull(int) > dim=32 PASSED

VectorUtilSupportTest > FloatDotProductTest > withOffsetMatchesFull(int) > dim=33 PASSED

VectorUtilSupportTest > FloatDotProductTest > withOffsetMatchesFull(int) > dim=63 PASSED

VectorUtilSupportTest > FloatDotProductTest > withOffsetMatchesFull(int) > dim=64 PASSED

VectorUtilSupportTest > FloatDotProductTest > withOffsetMatchesFull(int) > dim=65 PASSED

VectorUtilSupportTest > FloatDotProductTest > withOffsetMatchesFull(int) > dim=127 PASSED

VectorUtilSupportTest > FloatDotProductTest > withOffsetMatchesFull(int) > dim=128 PASSED

VectorUtilSupportTest > FloatDotProductTest > withOffsetMatchesFull(int) > dim=129 PASSED

VectorUtilSupportTest > FloatDotProductTest > withOffsetMatchesFull(int) > dim=255 PASSED

VectorUtilSupportTest > FloatDotProductTest > withOffsetMatchesFull(int) > dim=256 PASSED

VectorUtilSupportTest > FloatDotProductTest > withOffsetMatchesFull(int) > dim=257 PASSED

VectorUtilSupportTest > FloatDotProductTest > withOffsetMatchesFull(int) > dim=300 PASSED

VectorUtilSupportTest > FloatDotProductTest > withOffsetMatchesFull(int) > dim=384 PASSED

VectorUtilSupportTest > FloatDotProductTest > withOffsetMatchesFull(int) > dim=511 PASSED

VectorUtilSupportTest > FloatDotProductTest > withOffsetMatchesFull(int) > dim=512 PASSED

VectorUtilSupportTest > FloatDotProductTest > withOffsetMatchesFull(int) > dim=513 PASSED

VectorUtilSupportTest > FloatDotProductTest > withOffsetMatchesFull(int) > dim=768 PASSED

VectorUtilSupportTest > FloatDotProductTest > withOffsetMatchesFull(int) > dim=1023 PASSED

VectorUtilSupportTest > FloatDotProductTest > withOffsetMatchesFull(int) > dim=1024 PASSED

VectorUtilSupportTest > FloatDotProductTest > withOffsetMatchesFull(int) > dim=1025 PASSED

VectorUtilSupportTest > FloatDotProductTest > withOffsetMatchesFull(int) > dim=1536 PASSED

VectorizationProviderTest > panamaActiveImpliesNoSilentFallback() PASSED

VectorizationProviderTest > providerNameIsNotEmpty() PASSED

VectorizationProviderTest > toggleSummaryReportsMappedKQuantLongOffsetPropertyWithoutChangingStartupPolicy() PASSED

VectorizationProviderTest > toggleSummaryReportsForcedScalarProperty() PASSED

VectorizationProviderTest > newScalarProviderReturnsScalar() PASSED

VectorizationProviderTest > isPanamaEnabledReturnsBooleanWithoutCrashing() PASSED

VectorizationProviderTest > scalarProviderProducesCorrectResults() PASSED

VectorizationProviderTest > runtimeCapabilitiesExposeStructuredProviderAndExecutorFacts() PASSED

VectorizationProviderTest > toggleSummaryExposesProviderAndKnobs() PASSED

VectorizationProviderTest > isForcedScalarReflectsSystemProperty() PASSED

VectorizationProviderTest > instanceIsNotNull() PASSED

KMeansTest > kEqualsOneReturnsSingleMeanCentroid() PASSED

KMeansTest > quantizationErrorRejectsInvalidAssignments() PASSED

KMeansTest > nearestCentroidAssignmentIsCorrect() PASSED

KMeansTest > quantizationErrorDecreasesWithMoreIterations() PASSED

KMeansTest > deterministicWithSameSeed() PASSED

KMeansTest > assignRejectsMismatchedDimensions() PASSED

KMeansTest > assignReturnsValidClusterIds() PASSED

KMeansTest > trainRejectsRaggedDataset() PASSED

Q8ColdHotDeterminismTest > q8_0128BitKernelIsBitIdenticalBeforeAndAfterCompilation() PASSED

KMeansTest > virtualThreadPathProducesSameResultAsSerial() PASSED

KMeansTest > trainProducesKCentroids() PASSED

KMeansTest > trainWithMoreClustersThanDistinctPointsReturnsFiniteCentroids() PASSED

KMeansTest > centroidsLieWithinDataDistribution() PASSED

KMeansTest > assignIsOptimal_forTrainedCentroids() PASSED

KMeansTest > kExceedingDatasetSizeThrows() PASSED

KMeansTest > eachCentroidIsClosestToAtLeastOneDataPoint() PASSED

KMeansTest > emptyDatasetThrows() PASSED

VectorUtilBatchTest > batchDotProduct_selfDotProduct_equalsSquaredNorm() PASSED

VectorUtilBatchTest > batchSquaredL2_matchesScalarResults() PASSED

VectorUtilBatchTest > batchDotProduct_emptyMatrix_noOp() PASSED

VectorUtilBatchTest > batchDotProduct_matchesScalarResults() PASSED

VectorUtilBatchTest > batchSquaredL2RejectsInvalidArguments() PASSED

VectorUtilBatchTest > matVecSquaredL2_variousRowCounts_matchesScalar(int) > [1] rows=1 PASSED

VectorUtilBatchTest > matVecSquaredL2_variousRowCounts_matchesScalar(int) > [2] rows=3 PASSED

VectorUtilBatchTest > matVecSquaredL2_variousRowCounts_matchesScalar(int) > [3] rows=4 PASSED

VectorUtilBatchTest > matVecSquaredL2_variousRowCounts_matchesScalar(int) > [4] rows=5 PASSED

VectorUtilBatchTest > matVecSquaredL2_variousRowCounts_matchesScalar(int) > [5] rows=7 PASSED

VectorUtilBatchTest > matVecSquaredL2_variousRowCounts_matchesScalar(int) > [6] rows=8 PASSED

VectorUtilBatchTest > matVecSquaredL2_variousRowCounts_matchesScalar(int) > [7] rows=32 PASSED

VectorUtilBatchTest > batchSquaredL2_sameVector_isZero() PASSED

VectorUtilBatchTest > rowMajorBatchDotProduct_emptyMatrix_noOp() PASSED

VectorUtilBatchTest > batchDotProductRejectsInvalidArguments() PASSED

VectorUtilBatchTest > matVecDot_partialSecondGroup_matchesScalar(int) > [1] rows=5 PASSED

VectorUtilBatchTest > matVecDot_partialSecondGroup_matchesScalar(int) > [2] rows=6 PASSED

VectorUtilBatchTest > matVecDot_partialSecondGroup_matchesScalar(int) > [3] rows=7 PASSED

VectorUtilBatchTest > matVecDot_tailOnly_matchesScalar(int) > [1] rows=1 PASSED

VectorUtilBatchTest > matVecDot_tailOnly_matchesScalar(int) > [2] rows=2 PASSED

VectorUtilBatchTest > matVecDot_tailOnly_matchesScalar(int) > [3] rows=3 PASSED

VectorUtilBatchTest > rowMajorBatchDotProduct_matchesMatrixRows() PASSED

VectorUtilBatchTest > matVecDot_oddDimension_matchesScalar(int) > [1] dim=1 PASSED

VectorUtilBatchTest > matVecDot_oddDimension_matchesScalar(int) > [2] dim=3 PASSED

VectorUtilBatchTest > matVecDot_oddDimension_matchesScalar(int) > [3] dim=5 PASSED

VectorUtilBatchTest > matVecDot_oddDimension_matchesScalar(int) > [4] dim=17 PASSED

VectorUtilBatchTest > matVecDot_oddDimension_matchesScalar(int) > [5] dim=33 PASSED

VectorUtilBatchTest > matVecDot_oddDimension_matchesScalar(int) > [6] dim=129 PASSED

VectorUtilBatchTest > matVecDot_oddDimension_matchesScalar(int) > [7] dim=257 PASSED

VectorUtilBatchTest > matVecDot_largeK_noTail() PASSED

Q8ColdHotDeterminismTest > q8_0256BitKernelIsBitIdenticalBeforeAndAfterCompilation() PASSED

RotatedCodebookMatrixTest > rejectsIncompatibleInputsOutputsAndPreparedActivations() PASSED

RotatedCodebookMatrixTest > preparedActivationCanBeReusedByCompatibleMatrices() PASSED

RotatedCodebookMatrixTest > parallelizesNeedleSizedProjectionMatricesButNotTinyRoutingMatrices() PASSED

RotatedCodebookMatrixTest > matchesFixturesGeneratedByNeedleReferenceCode(String, String) > CQ2 PASSED

RotatedCodebookMatrixTest > matchesFixturesGeneratedByNeedleReferenceCode(String, String) > CQ3 PASSED

RotatedCodebookMatrixTest > matchesFixturesGeneratedByNeedleReferenceCode(String, String) > CQ4 PASSED

RotatedCodebookMatrixTest > matchesFixturesGeneratedByNeedleReferenceCode(String, String) > ternary PASSED

RotatedCodebookMatrixTest > rejectsInvalidTernaryCrumbsWhenRead() PASSED

RotatedCodebookMatrixTest > rejectsInvalidGeometryAndStorageBeforeInference() PASSED

RotatedCodebookMatrixTest > rowSliceSharesStorageAndMatchesTheFullMatrix() PASSED

RotatedCodebookMatrixTest > decodedRowsReproduceNeedleReferenceDotProducts(String, String) > decode CQ2 PASSED

RotatedCodebookMatrixTest > decodedRowsReproduceNeedleReferenceDotProducts(String, String) > decode CQ3 PASSED

RotatedCodebookMatrixTest > decodedRowsReproduceNeedleReferenceDotProducts(String, String) > decode CQ4 PASSED

RotatedCodebookMatrixTest > decodedRowsReproduceNeedleReferenceDotProducts(String, String) > decode ternary PASSED

RotatedCodebookMatrixTest > readsCodesAndNormsFromMappedFileSlices(Path) PASSED

SimilarityFunctionTest > euclidean_farVectors_lowScore() PASSED

SimilarityFunctionTest > segmentCompare_matchesFloatArray_allMetrics() PASSED

SimilarityFunctionTest > cosine_resultInZeroOneRange() PASSED

SimilarityFunctionTest > euclidean_bytes_identicalIsOne() PASSED

SimilarityFunctionTest > euclidean_identicalVectors_scoreIsOne() PASSED

SimilarityFunctionTest > maxInnerProduct_positiveScore() PASSED

SimilarityFunctionTest > dotProduct_normalizedVectors_resultInZeroOneRange() PASSED

SimilarityFunctionTest > cosine_identicalDirection_highScore() PASSED

SimilarityFunctionTest > maxInnerProduct_negativeScore() PASSED

SimilarityFunctionTest > euclidean_resultInZeroOneRange() PASSED

SimilarityFunctionTest > segmentCompare_identicalVectors_matchesFloatArray() PASSED

SimilarityFunctionTest > dotProduct_sameDirection_highScore() PASSED

SimilarityFunctionTest > scaleMaxInnerProductScore_monotonicOrdering() PASSED

SimilarityFunctionTest > cosine_bytes_resultInZeroOneRange() PASSED

VectorEncodingTest > float32_bytesPerDimension() PASSED

VectorEncodingTest > binary_vectorByteSize() PASSED

VectorEncodingTest > float32_vectorByteSize() PASSED

VectorEncodingTest > int8_bytesPerDimension() PASSED

VectorEncodingTest > int8_vectorByteSize() PASSED

VectorEncodingTest > binary_bytesPerDimension() PASSED

VectorSpeciesConstantStructureTest > detectorFlagsInstanceAndNonFinalStaticSpeciesFields() PASSED

VectorSpeciesConstantStructureTest > noVectorSpeciesParametersOrMutableSpeciesFieldsInMainClasses() PASSED

VectorSpeciesConstantStructureTest > detectorFlagsSpeciesParameter() PASSED

VectorSpeciesConstantStructureTest > detectorAcceptsStaticFinalSpecies() PASSED

VectorUtilSupportProviderTest > defaultUnavailabilityCauseIsEmpty() PASSED

VectorUtilSupportProviderTest > allUnavailableFallsBackToScalarKernels() PASSED

VectorUtilSupportProviderTest > builtInScalarProviderIsAlwaysAvailable() PASSED

VectorUtilSupportProviderTest > emptyProviderListFallsBackToScalarKernels() PASSED

VectorUtilSupportProviderTest > serviceLoaderDiscoversBothBuiltInProviders() PASSED

VectorUtilSupportProviderTest > highestPriorityAvailableProviderWins() PASSED

VectorUtilSupportProviderTest > providerThatThrowsOnCreateIsSkipped() PASSED

VectorUtilSupportProviderTest > builtInPanamaProviderReportsAvailabilityWithoutThrowing() PASSED

VectorUtilSupportProviderTest > discoveryOrderBreaksPriorityTies() PASSED

VectorUtilSupportProviderTest > unavailableProvidersAreSkipped() PASSED

VectorUtilSupportProviderTest > providerReturningNullIsSkipped() PASSED

VectorUtilTest > assembleAndSum_unsignedByteWraparound() PASSED

VectorUtilTest > squareDistance_knownValues() PASSED

VectorUtilTest > cosine_parallelVectors() PASSED

VectorUtilTest > addScaledInPlace_withOffsets() PASSED

VectorUtilTest > causalDepthwiseConv1dSilu_updatesTapMajorHistoryAndSupportsInPlaceValues() PASSED

VectorUtilTest > subInPlace_knownValues() PASSED

VectorUtilTest > cosine_memorySegment_parallelVectors() PASSED

VectorUtilTest > addWeightedRowsInPlace_withOffsetsAndStride() PASSED

VectorUtilTest > batchAssembleAndSum_matchesScalar() PASSED

VectorUtilTest > scale_knownValues() PASSED

VectorUtilTest > exactBatchDotProductSupportsOffsetsAndStridedRows() PASSED

VectorUtilTest > l2normalize_knownValues() PASSED

VectorUtilTest > dotProduct_dimensionMismatchThrows() PASSED

VectorUtilTest > addWeightedRowsInPlace_rejectsInvalidArguments() PASSED

VectorUtilTest > addScaledInPlace_rejectsInvalidArguments() PASSED

VectorUtilTest > assembleAndSum_knownValues() PASSED

VectorUtilTest > squareDistance_dimensionMismatchThrows() PASSED

VectorUtilTest > hammingDistance_knownValues() PASSED

VectorUtilTest > sum_knownValues() PASSED

VectorUtilTest > sigmoidAndScaledSoftplus_withOffsets() PASSED

VectorUtilTest > swiGlu_supportsOutputAliasingUpInput() PASSED

VectorUtilTest > byteDotProduct_knownValues() PASSED

VectorUtilTest > swiGlu_withOffsets() PASSED

VectorUtilTest > batchAssembleAndSum_withOffsetAndPartialCount() PASSED

VectorUtilTest > cosine_orthogonalVectors() PASSED

VectorUtilTest > addInPlace_knownValues() PASSED

VectorUtilTest > dotProduct_knownValues() PASSED

VectorUtilTest > exactBatchDotProductRejectsInvalidRangesAndAliases() PASSED

VectorUtilTest > sigmoidAndScaledSoftplus_remainsFiniteForLargePositiveInputs() PASSED

VectorUtilTest > cosine_zeroNormVector_isNaN() PASSED

VectorUtilTest > cosine_memorySegment_matchesArrayVersion() PASSED

VectorUtilTest > dotProduct_withOffset() PASSED

CentroidIndexTest > routeResultsSortedByAscendingDistance_euclidean() PASSED

CentroidIndexTest > noSpillWhenGammaIsZero() PASSED

CentroidIndexTest > nearestCentroidIsAlwaysFirst() PASSED

CentroidIndexTest > dotProductMetric_nearestByHighestDot() PASSED

CentroidIndexTest > cosineMetricRoutesByDirectionNotMagnitude() PASSED

CentroidIndexTest > routeIdsAreUniqueAndWithinRange() PASSED

CentroidIndexTest > soarSpillExpandsResultsBeyondNprobe() PASSED

CentroidIndexTest > constructorRejectsRaggedCentroids() PASSED

CentroidIndexTest > routeRejectsNonPositiveNprobe() PASSED

CentroidIndexTest > routeReturnsNprobeIds() PASSED

CentroidIndexTest > dotProductSpillUsesScoreSpaceBoundary() PASSED

CentroidIndexTest > centroidCountAndDimension() PASSED

CentroidIndexTest > constructorDefensivelyCopiesCentroids() PASSED

CentroidIndexTest > nprobeEqualToKReturnsAllCentroids() PASSED

VectorUtilBatchCosineTest > batchCosine_floatArray_matchesPerRowCosine(int, int) > dim=8, count=1 PASSED

VectorUtilBatchCosineTest > batchCosine_floatArray_matchesPerRowCosine(int, int) > dim=8, count=3 PASSED

VectorUtilBatchCosineTest > batchCosine_floatArray_matchesPerRowCosine(int, int) > dim=8, count=4 PASSED

VectorUtilBatchCosineTest > batchCosine_floatArray_matchesPerRowCosine(int, int) > dim=8, count=7 PASSED

VectorUtilBatchCosineTest > batchCosine_floatArray_matchesPerRowCosine(int, int) > dim=8, count=64 PASSED

VectorUtilBatchCosineTest > batchCosine_floatArray_matchesPerRowCosine(int, int) > dim=64, count=1 PASSED

VectorUtilBatchCosineTest > batchCosine_floatArray_matchesPerRowCosine(int, int) > dim=64, count=3 PASSED

VectorUtilBatchCosineTest > batchCosine_floatArray_matchesPerRowCosine(int, int) > dim=64, count=4 PASSED

VectorUtilBatchCosineTest > batchCosine_floatArray_matchesPerRowCosine(int, int) > dim=64, count=7 PASSED

VectorUtilBatchCosineTest > batchCosine_floatArray_matchesPerRowCosine(int, int) > dim=64, count=64 PASSED

VectorUtilBatchCosineTest > batchCosine_floatArray_matchesPerRowCosine(int, int) > dim=128, count=1 PASSED

VectorUtilBatchCosineTest > batchCosine_floatArray_matchesPerRowCosine(int, int) > dim=128, count=3 PASSED

VectorUtilBatchCosineTest > batchCosine_floatArray_matchesPerRowCosine(int, int) > dim=128, count=4 PASSED

VectorUtilBatchCosineTest > batchCosine_floatArray_matchesPerRowCosine(int, int) > dim=128, count=7 PASSED

VectorUtilBatchCosineTest > batchCosine_floatArray_matchesPerRowCosine(int, int) > dim=128, count=64 PASSED

VectorUtilBatchCosineTest > batchCosine_floatArray_matchesPerRowCosine(int, int) > dim=768, count=1 PASSED

VectorUtilBatchCosineTest > batchCosine_floatArray_matchesPerRowCosine(int, int) > dim=768, count=3 PASSED

VectorUtilBatchCosineTest > batchCosine_floatArray_matchesPerRowCosine(int, int) > dim=768, count=4 PASSED

VectorUtilBatchCosineTest > batchCosine_floatArray_matchesPerRowCosine(int, int) > dim=768, count=7 PASSED

VectorUtilBatchCosineTest > batchCosine_floatArray_matchesPerRowCosine(int, int) > dim=768, count=64 PASSED

VectorUtilBatchCosineTest > batchCosine_zeroRow_matchesPerRowNaN() PASSED

VectorUtilBatchCosineTest > batchCosine_segments_matchPerRowCosineAndFloatArray(int, int) > dim=8, count=1 PASSED

VectorUtilBatchCosineTest > batchCosine_segments_matchPerRowCosineAndFloatArray(int, int) > dim=8, count=3 PASSED

VectorUtilBatchCosineTest > batchCosine_segments_matchPerRowCosineAndFloatArray(int, int) > dim=8, count=4 PASSED

VectorUtilBatchCosineTest > batchCosine_segments_matchPerRowCosineAndFloatArray(int, int) > dim=8, count=7 PASSED

VectorUtilBatchCosineTest > batchCosine_segments_matchPerRowCosineAndFloatArray(int, int) > dim=8, count=64 PASSED

VectorUtilBatchCosineTest > batchCosine_segments_matchPerRowCosineAndFloatArray(int, int) > dim=64, count=1 PASSED

VectorUtilBatchCosineTest > batchCosine_segments_matchPerRowCosineAndFloatArray(int, int) > dim=64, count=3 PASSED

VectorUtilBatchCosineTest > batchCosine_segments_matchPerRowCosineAndFloatArray(int, int) > dim=64, count=4 PASSED

VectorUtilBatchCosineTest > batchCosine_segments_matchPerRowCosineAndFloatArray(int, int) > dim=64, count=7 PASSED

VectorUtilBatchCosineTest > batchCosine_segments_matchPerRowCosineAndFloatArray(int, int) > dim=64, count=64 PASSED

VectorUtilBatchCosineTest > batchCosine_segments_matchPerRowCosineAndFloatArray(int, int) > dim=128, count=1 PASSED

VectorUtilBatchCosineTest > batchCosine_segments_matchPerRowCosineAndFloatArray(int, int) > dim=128, count=3 PASSED

VectorUtilBatchCosineTest > batchCosine_segments_matchPerRowCosineAndFloatArray(int, int) > dim=128, count=4 PASSED

VectorUtilBatchCosineTest > batchCosine_segments_matchPerRowCosineAndFloatArray(int, int) > dim=128, count=7 PASSED

VectorUtilBatchCosineTest > batchCosine_segments_matchPerRowCosineAndFloatArray(int, int) > dim=128, count=64 PASSED

VectorUtilBatchCosineTest > batchCosine_segments_matchPerRowCosineAndFloatArray(int, int) > dim=768, count=1 PASSED

VectorUtilBatchCosineTest > batchCosine_segments_matchPerRowCosineAndFloatArray(int, int) > dim=768, count=3 PASSED

VectorUtilBatchCosineTest > batchCosine_segments_matchPerRowCosineAndFloatArray(int, int) > dim=768, count=4 PASSED

VectorUtilBatchCosineTest > batchCosine_segments_matchPerRowCosineAndFloatArray(int, int) > dim=768, count=7 PASSED

VectorUtilBatchCosineTest > batchCosine_segments_matchPerRowCosineAndFloatArray(int, int) > dim=768, count=64 PASSED

VectorUtilSegmentBatchTest > batchDotProduct_segments_oddDimension_matchesScalar(int) > [1] dim=1 PASSED

VectorUtilSegmentBatchTest > batchDotProduct_segments_oddDimension_matchesScalar(int) > [2] dim=3 PASSED

VectorUtilSegmentBatchTest > batchDotProduct_segments_oddDimension_matchesScalar(int) > [3] dim=5 PASSED

VectorUtilSegmentBatchTest > batchDotProduct_segments_oddDimension_matchesScalar(int) > [4] dim=17 PASSED

VectorUtilSegmentBatchTest > batchDotProduct_segments_oddDimension_matchesScalar(int) > [5] dim=33 PASSED

VectorUtilSegmentBatchTest > batchDotProduct_segments_oddDimension_matchesScalar(int) > [6] dim=129 PASSED

VectorUtilSegmentBatchTest > batchDotProduct_segments_oddDimension_matchesScalar(int) > [7] dim=257 PASSED

VectorUtilSegmentBatchTest > validatesArguments() PASSED

VectorUtilSegmentBatchTest > batchDotProduct_segments_matchFloatArrayAndScalar(int, int) > dim=8, count=1 PASSED

VectorUtilSegmentBatchTest > batchDotProduct_segments_matchFloatArrayAndScalar(int, int) > dim=8, count=3 PASSED

VectorUtilSegmentBatchTest > batchDotProduct_segments_matchFloatArrayAndScalar(int, int) > dim=8, count=4 PASSED

VectorUtilSegmentBatchTest > batchDotProduct_segments_matchFloatArrayAndScalar(int, int) > dim=8, count=7 PASSED

VectorUtilSegmentBatchTest > batchDotProduct_segments_matchFloatArrayAndScalar(int, int) > dim=8, count=64 PASSED

VectorUtilSegmentBatchTest > batchDotProduct_segments_matchFloatArrayAndScalar(int, int) > dim=64, count=1 PASSED

VectorUtilSegmentBatchTest > batchDotProduct_segments_matchFloatArrayAndScalar(int, int) > dim=64, count=3 PASSED

VectorUtilSegmentBatchTest > batchDotProduct_segments_matchFloatArrayAndScalar(int, int) > dim=64, count=4 PASSED

VectorUtilSegmentBatchTest > batchDotProduct_segments_matchFloatArrayAndScalar(int, int) > dim=64, count=7 PASSED

VectorUtilSegmentBatchTest > batchDotProduct_segments_matchFloatArrayAndScalar(int, int) > dim=64, count=64 PASSED

VectorUtilSegmentBatchTest > batchDotProduct_segments_matchFloatArrayAndScalar(int, int) > dim=128, count=1 PASSED

VectorUtilSegmentBatchTest > batchDotProduct_segments_matchFloatArrayAndScalar(int, int) > dim=128, count=3 PASSED

VectorUtilSegmentBatchTest > batchDotProduct_segments_matchFloatArrayAndScalar(int, int) > dim=128, count=4 PASSED

VectorUtilSegmentBatchTest > batchDotProduct_segments_matchFloatArrayAndScalar(int, int) > dim=128, count=7 PASSED

VectorUtilSegmentBatchTest > batchDotProduct_segments_matchFloatArrayAndScalar(int, int) > dim=128, count=64 PASSED

VectorUtilSegmentBatchTest > batchDotProduct_segments_matchFloatArrayAndScalar(int, int) > dim=768, count=1 PASSED

VectorUtilSegmentBatchTest > batchDotProduct_segments_matchFloatArrayAndScalar(int, int) > dim=768, count=3 PASSED

VectorUtilSegmentBatchTest > batchDotProduct_segments_matchFloatArrayAndScalar(int, int) > dim=768, count=4 PASSED

VectorUtilSegmentBatchTest > batchDotProduct_segments_matchFloatArrayAndScalar(int, int) > dim=768, count=7 PASSED

VectorUtilSegmentBatchTest > batchDotProduct_segments_matchFloatArrayAndScalar(int, int) > dim=768, count=64 PASSED

VectorUtilSegmentBatchTest > batchSquaredL2_segments_matchFloatArrayAndScalar(int, int) > dim=8, count=1 PASSED

VectorUtilSegmentBatchTest > batchSquaredL2_segments_matchFloatArrayAndScalar(int, int) > dim=8, count=3 PASSED

VectorUtilSegmentBatchTest > batchSquaredL2_segments_matchFloatArrayAndScalar(int, int) > dim=8, count=4 PASSED

VectorUtilSegmentBatchTest > batchSquaredL2_segments_matchFloatArrayAndScalar(int, int) > dim=8, count=7 PASSED

VectorUtilSegmentBatchTest > batchSquaredL2_segments_matchFloatArrayAndScalar(int, int) > dim=8, count=64 PASSED

VectorUtilSegmentBatchTest > batchSquaredL2_segments_matchFloatArrayAndScalar(int, int) > dim=64, count=1 PASSED

VectorUtilSegmentBatchTest > batchSquaredL2_segments_matchFloatArrayAndScalar(int, int) > dim=64, count=3 PASSED

VectorUtilSegmentBatchTest > batchSquaredL2_segments_matchFloatArrayAndScalar(int, int) > dim=64, count=4 PASSED

VectorUtilSegmentBatchTest > batchSquaredL2_segments_matchFloatArrayAndScalar(int, int) > dim=64, count=7 PASSED

VectorUtilSegmentBatchTest > batchSquaredL2_segments_matchFloatArrayAndScalar(int, int) > dim=64, count=64 PASSED

VectorUtilSegmentBatchTest > batchSquaredL2_segments_matchFloatArrayAndScalar(int, int) > dim=128, count=1 PASSED

VectorUtilSegmentBatchTest > batchSquaredL2_segments_matchFloatArrayAndScalar(int, int) > dim=128, count=3 PASSED

VectorUtilSegmentBatchTest > batchSquaredL2_segments_matchFloatArrayAndScalar(int, int) > dim=128, count=4 PASSED

VectorUtilSegmentBatchTest > batchSquaredL2_segments_matchFloatArrayAndScalar(int, int) > dim=128, count=7 PASSED

VectorUtilSegmentBatchTest > batchSquaredL2_segments_matchFloatArrayAndScalar(int, int) > dim=128, count=64 PASSED

VectorUtilSegmentBatchTest > batchSquaredL2_segments_matchFloatArrayAndScalar(int, int) > dim=768, count=1 PASSED

VectorUtilSegmentBatchTest > batchSquaredL2_segments_matchFloatArrayAndScalar(int, int) > dim=768, count=3 PASSED

VectorUtilSegmentBatchTest > batchSquaredL2_segments_matchFloatArrayAndScalar(int, int) > dim=768, count=4 PASSED

VectorUtilSegmentBatchTest > batchSquaredL2_segments_matchFloatArrayAndScalar(int, int) > dim=768, count=7 PASSED

VectorUtilSegmentBatchTest > batchSquaredL2_segments_matchFloatArrayAndScalar(int, int) > dim=768, count=64 PASSED

VectorUtilSegmentBatchTest > zeroCount_isNoOp() PASSED

> Task :vectors-core:jacocoTestCoverageVerification

BUILD SUCCESSFUL in 46s
27 actionable tasks: 12 executed, 15 up-to-date
