build	Build + Test	﻿2026-10-04T13:34:44.9465397Z ##[group]Run ./gradlew spotlessCheck build -x :docs:build
build	Build + Test	2026-10-04T13:34:44.9465950Z ^[[36;1m./gradlew spotlessCheck build -x :docs:build^[[0m
build	Build + Test	2026-10-04T13:34:44.9528082Z shell: /usr/bin/bash -e {0}
build	Build + Test	2026-10-04T13:34:44.9528405Z env:
build	Build + Test	2026-10-04T13:34:44.9528800Z   JAVA_HOME: /opt/hostedtoolcache/Java_Temurin-Hotspot_jdk/25.0.4-1/x64
build	Build + Test	2026-10-04T13:34:44.9529383Z   JAVA_HOME_25_X64: /opt/hostedtoolcache/Java_Temurin-Hotspot_jdk/25.0.4-1/x64
build	Build + Test	2026-10-04T13:34:44.9529848Z   MAVEN_ARGS: -ntp
build	Build + Test	2026-10-04T13:34:44.9530154Z   GRADLE_ACTION_ID: gradle/actions/setup-gradle
build	Build + Test	2026-10-04T13:34:44.9530526Z   GRADLE_USER_HOME: /home/runner/.gradle
build	Build + Test	2026-10-04T13:34:44.9531078Z   GRADLE_BUILD_ACTION_SETUP_COMPLETED: true
build	Build + Test	2026-10-04T13:34:44.9531589Z   DEVELOCITY_INJECTION_INIT_SCRIPT_NAME: gradle-actions.inject-develocity.init.gradle
build	Build + Test	2026-10-04T13:34:44.9532150Z   DEVELOCITY_INJECTION_CUSTOM_VALUE: gradle-actions
build	Build + Test	2026-10-04T13:34:44.9532543Z   GITHUB_DEPENDENCY_GRAPH_ENABLED: false
build	Build + Test	2026-10-04T13:34:44.9532866Z ##[endgroup]
build	Build + Test	2026-10-04T13:34:46.1212213Z WARNING: A restricted method in java.lang.System has been called
build	Build + Test	2026-10-04T13:34:46.1215122Z WARNING: java.lang.System::load has been called by net.rubygrapefruit.platform.internal.NativeLibraryLoader in an unnamed module (file:/home/runner/.gradle/wrapper/dists/gradle-9.4.1-all/eckclv9s5vi9exbmnyvpg2a3h/gradle-9.4.1/lib/native-platform-0.22-milestone-29.jar)
build	Build + Test	2026-10-04T13:34:46.1218179Z WARNING: Use --enable-native-access=ALL-UNNAMED to avoid a warning for callers in this module
build	Build + Test	2026-10-04T13:34:46.1219489Z WARNING: Restricted methods will be blocked in a future release unless native access is enabled
build	Build + Test	2026-10-04T13:34:46.1220268Z 
build	Build + Test	2026-10-04T13:34:46.7511188Z Starting a Gradle Daemon (subsequent builds will be faster)
build	Build + Test	2026-10-04T13:35:04.3548465Z > Task :vectors:processResources NO-SOURCE
build	Build + Test	2026-10-04T13:35:04.3627851Z > Task :demos:compileJava NO-SOURCE
build	Build + Test	2026-10-04T13:35:04.3688175Z > Task :demos:processResources NO-SOURCE
build	Build + Test	2026-10-04T13:35:04.3709020Z > Task :demos:classes UP-TO-DATE
build	Build + Test	2026-10-04T13:35:04.4522153Z > Task :spotlessInternalRegisterDependencies
build	Build + Test	2026-10-04T13:35:04.5502955Z > Task :demos:jar
build	Build + Test	2026-10-04T13:35:04.5504561Z > Task :vectors:sourcesJar
build	Build + Test	2026-10-04T13:35:04.5505579Z > Task :vectors:spotlessJava FROM-CACHE
build	Build + Test	2026-10-04T13:35:04.5506495Z > Task :demos:spotlessJava FROM-CACHE
build	Build + Test	2026-10-04T13:35:04.5507647Z > Task :vectors:spotlessJavaCheck UP-TO-DATE
build	Build + Test	2026-10-04T13:35:04.5508739Z > Task :demos:spotlessJavaCheck UP-TO-DATE
build	Build + Test	2026-10-04T13:35:04.5509583Z > Task :vectors:spotlessCheck UP-TO-DATE
build	Build + Test	2026-10-04T13:35:04.5510377Z > Task :demos:spotlessCheck UP-TO-DATE
build	Build + Test	2026-10-04T13:35:04.6519035Z > Task :vectors-cache-jcache:spotlessJava FROM-CACHE
build	Build + Test	2026-10-04T13:35:04.6548050Z > Task :vectors-cache-jcache:spotlessJavaCheck UP-TO-DATE
build	Build + Test	2026-10-04T13:35:04.6581092Z > Task :vectors-cache-jcache:spotlessCheck UP-TO-DATE
build	Build + Test	2026-10-04T13:35:04.6597959Z > Task :vectors-cache:spotlessJava FROM-CACHE
build	Build + Test	2026-10-04T13:35:04.6620131Z > Task :vectors-cache:spotlessJavaCheck UP-TO-DATE
build	Build + Test	2026-10-04T13:35:04.6622124Z > Task :vectors-cache:spotlessCheck UP-TO-DATE
build	Build + Test	2026-10-04T13:35:04.6623143Z > Task :vectors-cache-langchain4j:spotlessJava FROM-CACHE
build	Build + Test	2026-10-04T13:35:04.6624197Z > Task :vectors-cache-langchain4j:spotlessJavaCheck UP-TO-DATE
build	Build + Test	2026-10-04T13:35:04.6625227Z > Task :vectors-cache-langchain4j:spotlessCheck UP-TO-DATE
build	Build + Test	2026-10-04T13:35:04.6626234Z > Task :vectors-cache-semantic-db:spotlessJava FROM-CACHE
build	Build + Test	2026-10-04T13:35:04.6627720Z > Task :vectors-cache-semantic-db:spotlessJavaCheck UP-TO-DATE
build	Build + Test	2026-10-04T13:35:04.6628958Z > Task :vectors-cache-semantic-db:spotlessCheck UP-TO-DATE
build	Build + Test	2026-10-04T13:35:04.6630147Z > Task :vectors-cache-semantic-langchain4j:spotlessJava FROM-CACHE
build	Build + Test	2026-10-04T13:35:04.6631823Z > Task :vectors-cache-semantic-langchain4j:spotlessJavaCheck UP-TO-DATE
build	Build + Test	2026-10-04T13:35:04.6680413Z > Task :vectors-cache-semantic-langchain4j:spotlessCheck UP-TO-DATE
build	Build + Test	2026-10-04T13:35:04.7513241Z > Task :vectors-cache-semantic-spring-ai:spotlessJava FROM-CACHE
build	Build + Test	2026-10-04T13:35:04.7514556Z > Task :vectors-cache-semantic-spring-ai:spotlessJavaCheck UP-TO-DATE
build	Build + Test	2026-10-04T13:35:04.7541076Z > Task :vectors-cache-semantic-spring-ai:spotlessCheck UP-TO-DATE
build	Build + Test	2026-10-04T13:35:04.7542227Z > Task :vectors-cache-spring-ai:spotlessJava FROM-CACHE
build	Build + Test	2026-10-04T13:35:04.7543462Z > Task :vectors-cache-spring-ai:spotlessJavaCheck UP-TO-DATE
build	Build + Test	2026-10-04T13:35:04.7544490Z > Task :vectors-cache-spring-ai:spotlessCheck UP-TO-DATE
build	Build + Test	2026-10-04T13:35:04.7558724Z > Task :vectors-bench:spotlessJava FROM-CACHE
build	Build + Test	2026-10-04T13:35:04.7577535Z > Task :vectors-bench:spotlessJavaCheck UP-TO-DATE
build	Build + Test	2026-10-04T13:35:04.7582226Z > Task :vectors-bench:spotlessCheck UP-TO-DATE
build	Build + Test	2026-10-04T13:35:04.7585269Z > Task :vectors-cluster:spotlessJava FROM-CACHE
build	Build + Test	2026-10-04T13:35:04.7669995Z > Task :vectors-cluster:spotlessJavaCheck UP-TO-DATE
build	Build + Test	2026-10-04T13:35:04.7672087Z > Task :vectors-cluster:spotlessCheck UP-TO-DATE
build	Build + Test	2026-10-04T13:35:04.7682789Z > Task :vectors-db-arrow:spotlessJava FROM-CACHE
build	Build + Test	2026-10-04T13:35:04.7683832Z > Task :vectors-db-arrow:spotlessJavaCheck UP-TO-DATE
build	Build + Test	2026-10-04T13:35:04.7684906Z > Task :vectors-db-arrow:spotlessCheck UP-TO-DATE
build	Build + Test	2026-10-04T13:35:04.7685860Z > Task :vectors-db-jackson:spotlessJava FROM-CACHE
build	Build + Test	2026-10-04T13:35:04.7687116Z > Task :vectors-db-jackson:spotlessJavaCheck UP-TO-DATE
build	Build + Test	2026-10-04T13:35:04.7688119Z > Task :vectors-db-jackson:spotlessCheck UP-TO-DATE
build	Build + Test	2026-10-04T13:35:04.8530813Z > Task :vectors-distributed:spotlessJava FROM-CACHE
build	Build + Test	2026-10-04T13:35:04.8542689Z > Task :vectors-gpu:spotlessJava FROM-CACHE
build	Build + Test	2026-10-04T13:35:04.8572716Z > Task :vectors-distributed:spotlessJavaCheck UP-TO-DATE
build	Build + Test	2026-10-04T13:35:04.8587717Z > Task :vectors-distributed:spotlessCheck UP-TO-DATE
build	Build + Test	2026-10-04T13:35:04.8617676Z > Task :vectors-gpu:spotlessJavaCheck UP-TO-DATE
build	Build + Test	2026-10-04T13:35:04.8647586Z > Task :vectors-gpu:spotlessCheck UP-TO-DATE
build	Build + Test	2026-10-04T13:35:04.8648350Z > Task :vectors-hybrid:spotlessJava FROM-CACHE
build	Build + Test	2026-10-04T13:35:04.8677631Z > Task :vectors-hybrid:spotlessJavaCheck UP-TO-DATE
build	Build + Test	2026-10-04T13:35:04.8707640Z > Task :vectors-hybrid:spotlessCheck UP-TO-DATE
build	Build + Test	2026-10-04T13:35:04.8710880Z > Task :vectors-ingest:spotlessJava FROM-CACHE
build	Build + Test	2026-10-04T13:35:04.8737758Z > Task :vectors-ingest:spotlessJavaCheck UP-TO-DATE
build	Build + Test	2026-10-04T13:35:04.9504877Z > Task :vectors-ingest:spotlessCheck UP-TO-DATE
build	Build + Test	2026-10-04T13:35:04.9527804Z > Task :vectors-ivf:spotlessJava FROM-CACHE
build	Build + Test	2026-10-04T13:35:04.9528626Z > Task :vectors-ivf:spotlessJavaCheck UP-TO-DATE
build	Build + Test	2026-10-04T13:35:04.9529349Z > Task :vectors-ivf:spotlessCheck UP-TO-DATE
build	Build + Test	2026-10-04T13:35:04.9530069Z > Task :vectors-jakarta-batch:spotlessJava FROM-CACHE
build	Build + Test	2026-10-04T13:35:04.9530851Z > Task :vectors-jakarta-batch:spotlessJavaCheck UP-TO-DATE
build	Build + Test	2026-10-04T13:35:04.9531688Z > Task :vectors-jakarta-batch:spotlessCheck UP-TO-DATE
build	Build + Test	2026-10-04T13:35:04.9532441Z > Task :vectors-langchain4j:spotlessJava FROM-CACHE
build	Build + Test	2026-10-04T13:35:04.9533217Z > Task :vectors-langchain4j:spotlessJavaCheck UP-TO-DATE
build	Build + Test	2026-10-04T13:35:04.9534005Z > Task :vectors-langchain4j:spotlessCheck UP-TO-DATE
build	Build + Test	2026-10-04T13:35:05.0529269Z > Task :vectors-optimizer:spotlessJava FROM-CACHE
build	Build + Test	2026-10-04T13:35:05.0557818Z > Task :vectors-optimizer:spotlessJavaCheck UP-TO-DATE
build	Build + Test	2026-10-04T13:35:05.0587702Z > Task :vectors-optimizer:spotlessCheck UP-TO-DATE
build	Build + Test	2026-10-04T13:35:05.0588854Z > Task :vectors-quantization:spotlessJava FROM-CACHE
build	Build + Test	2026-10-04T13:35:05.0617840Z > Task :vectors-quantization:spotlessJavaCheck UP-TO-DATE
build	Build + Test	2026-10-04T13:35:05.0647795Z > Task :vectors-quantization:spotlessCheck UP-TO-DATE
build	Build + Test	2026-10-04T13:35:05.0648930Z > Task :vectors-router:spotlessJava FROM-CACHE
build	Build + Test	2026-10-04T13:35:05.0677770Z > Task :vectors-router:spotlessJavaCheck UP-TO-DATE
build	Build + Test	2026-10-04T13:35:05.0707701Z > Task :vectors-router:spotlessCheck UP-TO-DATE
build	Build + Test	2026-10-04T13:35:05.0737898Z > Task :vectors-server:spotlessJava FROM-CACHE
build	Build + Test	2026-10-04T13:35:05.0807998Z > Task :vectors-server:spotlessJavaCheck UP-TO-DATE
build	Build + Test	2026-10-04T13:35:05.0821020Z > Task :vectors-server:spotlessCheck UP-TO-DATE
build	Build + Test	2026-10-04T13:35:05.1539726Z > Task :vectors-server-client:spotlessJava FROM-CACHE
build	Build + Test	2026-10-04T13:35:05.1547832Z > Task :vectors-server-client:spotlessJavaCheck UP-TO-DATE
build	Build + Test	2026-10-04T13:35:05.1550665Z > Task :vectors-server-client:spotlessCheck UP-TO-DATE
build	Build + Test	2026-10-04T13:35:05.1551543Z > Task :vectors-spring-ai:spotlessJava FROM-CACHE
build	Build + Test	2026-10-04T13:35:05.1552429Z > Task :vectors-spring-ai:spotlessJavaCheck UP-TO-DATE
build	Build + Test	2026-10-04T13:35:05.1553271Z > Task :vectors-spring-ai:spotlessCheck UP-TO-DATE
build	Build + Test	2026-10-04T13:35:05.1554093Z > Task :vectors-spring-batch:spotlessJava FROM-CACHE
build	Build + Test	2026-10-04T13:35:05.1554980Z > Task :vectors-spring-batch:spotlessJavaCheck UP-TO-DATE
build	Build + Test	2026-10-04T13:35:05.1555886Z > Task :vectors-spring-batch:spotlessCheck UP-TO-DATE
build	Build + Test	2026-10-04T13:35:05.1557377Z > Task :vectors-spring-boot-starter:spotlessJava FROM-CACHE
build	Build + Test	2026-10-04T13:35:05.1558365Z > Task :vectors-spring-boot-starter:spotlessJavaCheck UP-TO-DATE
build	Build + Test	2026-10-04T13:35:05.1559340Z > Task :vectors-spring-boot-starter:spotlessCheck UP-TO-DATE
build	Build + Test	2026-10-04T13:35:05.1560229Z > Task :vectors-storage:spotlessJava FROM-CACHE
build	Build + Test	2026-10-04T13:35:05.1561089Z > Task :vectors-storage:spotlessJavaCheck UP-TO-DATE
build	Build + Test	2026-10-04T13:35:05.1561922Z > Task :vectors-storage:spotlessCheck UP-TO-DATE
build	Build + Test	2026-10-04T13:35:05.1562729Z > Task :vectors-storage-s3:spotlessJava FROM-CACHE
build	Build + Test	2026-10-04T13:35:05.1563586Z > Task :vectors-storage-s3:spotlessJavaCheck UP-TO-DATE
build	Build + Test	2026-10-04T13:35:05.1564418Z > Task :vectors-storage-s3:spotlessCheck UP-TO-DATE
build	Build + Test	2026-10-04T13:35:05.1565249Z > Task :vectors-studio-core:spotlessJava FROM-CACHE
build	Build + Test	2026-10-04T13:35:05.2528558Z > Task :vectors-studio-core:spotlessJavaCheck UP-TO-DATE
build	Build + Test	2026-10-04T13:35:05.2558072Z > Task :vectors-studio-core:spotlessCheck UP-TO-DATE
build	Build + Test	2026-10-04T13:35:05.2587992Z > Task :vectors-studio-distributed:spotlessJava FROM-CACHE
build	Build + Test	2026-10-04T13:35:05.2616692Z > Task :vectors-studio-distributed:spotlessJavaCheck UP-TO-DATE
build	Build + Test	2026-10-04T13:35:05.2618398Z > Task :vectors-studio-distributed:spotlessCheck UP-TO-DATE
build	Build + Test	2026-10-04T13:35:05.2619478Z > Task :vectors-studio-sidecart:spotlessJava FROM-CACHE
build	Build + Test	2026-10-04T13:35:05.2620598Z > Task :vectors-studio-sidecart:spotlessJavaCheck UP-TO-DATE
build	Build + Test	2026-10-04T13:35:05.2621647Z > Task :vectors-studio-sidecart:spotlessCheck UP-TO-DATE
build	Build + Test	2026-10-04T13:35:05.2622645Z > Task :vectors-studio-web:spotlessJava FROM-CACHE
build	Build + Test	2026-10-04T13:35:05.2623616Z > Task :vectors-studio-web:spotlessJavaCheck UP-TO-DATE
build	Build + Test	2026-10-04T13:35:05.2624588Z > Task :vectors-studio-web:spotlessCheck UP-TO-DATE
build	Build + Test	2026-10-04T13:35:05.2625533Z > Task :vectors-text-h2:spotlessJava FROM-CACHE
build	Build + Test	2026-10-04T13:35:05.2626472Z > Task :vectors-text-h2:spotlessJavaCheck UP-TO-DATE
build	Build + Test	2026-10-04T13:35:05.2627644Z > Task :vectors-text-h2:spotlessCheck UP-TO-DATE
build	Build + Test	2026-10-04T13:35:05.2628500Z > Task :vectors-vamana:spotlessJava FROM-CACHE
build	Build + Test	2026-10-04T13:35:05.2629355Z > Task :vectors-vamana:spotlessJavaCheck UP-TO-DATE
build	Build + Test	2026-10-04T13:35:05.2630311Z > Task :vectors-vamana:spotlessCheck UP-TO-DATE
build	Build + Test	2026-10-04T13:35:05.3498923Z > Task :vectors-vcr-core:spotlessJava FROM-CACHE
build	Build + Test	2026-10-04T13:35:05.3537687Z > Task :vectors-vcr-core:spotlessJavaCheck UP-TO-DATE
build	Build + Test	2026-10-04T13:35:05.3557419Z > Task :vectors-vcr-core:spotlessCheck UP-TO-DATE
build	Build + Test	2026-10-04T13:35:05.3558132Z > Task :vectors-vcr-junit5:spotlessJava FROM-CACHE
build	Build + Test	2026-10-04T13:35:05.3558848Z > Task :vectors-vcr-junit5:spotlessJavaCheck UP-TO-DATE
build	Build + Test	2026-10-04T13:35:05.3559581Z > Task :vectors-vcr-junit5:spotlessCheck UP-TO-DATE
build	Build + Test	2026-10-04T13:35:05.3560304Z > Task :vectors-vcr-langchain4j:spotlessJava FROM-CACHE
build	Build + Test	2026-10-04T13:35:05.3561054Z > Task :vectors-vcr-langchain4j:spotlessJavaCheck UP-TO-DATE
build	Build + Test	2026-10-04T13:35:05.3561854Z > Task :vectors-vcr-langchain4j:spotlessCheck UP-TO-DATE
build	Build + Test	2026-10-04T13:35:05.3562613Z > Task :vectors-vcr-semantic-db:spotlessJava FROM-CACHE
build	Build + Test	2026-10-04T13:35:05.3563430Z > Task :vectors-vcr-semantic-db:spotlessJavaCheck UP-TO-DATE
build	Build + Test	2026-10-04T13:35:05.3564227Z > Task :vectors-vcr-semantic-db:spotlessCheck UP-TO-DATE
build	Build + Test	2026-10-04T13:35:05.3565031Z > Task :vectors-vcr-serde-avaje:spotlessJava FROM-CACHE
build	Build + Test	2026-10-04T13:35:05.3587425Z > Task :vectors-vcr-serde-avaje:spotlessJavaCheck UP-TO-DATE
build	Build + Test	2026-10-04T13:35:05.3589173Z > Task :vectors-vcr-serde-avaje:spotlessCheck UP-TO-DATE
build	Build + Test	2026-10-04T13:35:05.3589963Z > Task :vectors-vcr-serde-jackson:spotlessJava FROM-CACHE
build	Build + Test	2026-10-04T13:35:05.3590779Z > Task :vectors-vcr-serde-jackson:spotlessJavaCheck UP-TO-DATE
build	Build + Test	2026-10-04T13:35:05.3591609Z > Task :vectors-vcr-serde-jackson:spotlessCheck UP-TO-DATE
build	Build + Test	2026-10-04T13:35:05.3592386Z > Task :vectors-vcr-spring-ai:spotlessJava FROM-CACHE
build	Build + Test	2026-10-04T13:35:05.3593143Z > Task :vectors-vcr-spring-ai:spotlessJavaCheck UP-TO-DATE
build	Build + Test	2026-10-04T13:35:05.3593910Z > Task :vectors-vcr-spring-ai:spotlessCheck UP-TO-DATE
build	Build + Test	2026-10-04T13:35:05.4515129Z > Task :vectors-vcr-testng:spotlessJava FROM-CACHE
build	Build + Test	2026-10-04T13:35:05.4540707Z > Task :vectors-vcr-testng:spotlessJavaCheck UP-TO-DATE
build	Build + Test	2026-10-04T13:35:05.4554506Z > Task :vectors-vcr-testng:spotlessCheck UP-TO-DATE
build	Build + Test	2026-10-04T13:35:05.4587502Z > Task :demos:embedding-cache:spotlessJava FROM-CACHE
build	Build + Test	2026-10-04T13:35:05.4617739Z > Task :demos:embedding-cache:spotlessJavaCheck UP-TO-DATE
build	Build + Test	2026-10-04T13:35:05.4619007Z > Task :demos:embedding-cache:spotlessCheck UP-TO-DATE
build	Build + Test	2026-10-04T13:35:05.4658103Z > Task :demos:langchain4j-rag:spotlessJava FROM-CACHE
build	Build + Test	2026-10-04T13:35:05.4687711Z > Task :demos:langchain4j-rag:spotlessJavaCheck UP-TO-DATE
build	Build + Test	2026-10-04T13:35:05.4697155Z > Task :demos:langchain4j-rag:spotlessCheck UP-TO-DATE
build	Build + Test	2026-10-04T13:35:05.4717647Z > Task :demos:optimizer-tutorial:spotlessJava FROM-CACHE
build	Build + Test	2026-10-04T13:35:05.4778478Z > Task :demos:optimizer-tutorial:spotlessJavaCheck UP-TO-DATE
build	Build + Test	2026-10-04T13:35:05.4779728Z > Task :demos:optimizer-tutorial:spotlessCheck UP-TO-DATE
build	Build + Test	2026-10-04T13:35:05.4807820Z > Task :demos:quickstart:spotlessJava FROM-CACHE
build	Build + Test	2026-10-04T13:35:05.4838189Z > Task :demos:quickstart:spotlessJavaCheck UP-TO-DATE
build	Build + Test	2026-10-04T13:35:05.4854141Z > Task :demos:quickstart:spotlessCheck UP-TO-DATE
build	Build + Test	2026-10-04T13:35:05.4881075Z > Task :demos:rag-multimodal:spotlessJava FROM-CACHE
build	Build + Test	2026-10-04T13:35:05.4909307Z > Task :demos:rag-multimodal:spotlessJavaCheck UP-TO-DATE
build	Build + Test	2026-10-04T13:35:05.4927602Z > Task :demos:rag-multimodal:spotlessCheck UP-TO-DATE
build	Build + Test	2026-10-04T13:35:05.4954904Z > Task :demos:rerank-after-retrieval:spotlessJava FROM-CACHE
build	Build + Test	2026-10-04T13:35:05.4977499Z > Task :demos:rerank-after-retrieval:spotlessJavaCheck UP-TO-DATE
build	Build + Test	2026-10-04T13:35:05.5039349Z > Task :demos:rerank-after-retrieval:spotlessCheck UP-TO-DATE
build	Build + Test	2026-10-04T13:35:05.5091140Z > Task :demos:semantic-cache:spotlessJava FROM-CACHE
build	Build + Test	2026-10-04T13:35:05.5137973Z > Task :demos:semantic-cache:spotlessJavaCheck UP-TO-DATE
build	Build + Test	2026-10-04T13:35:05.5170565Z > Task :demos:semantic-cache:spotlessCheck UP-TO-DATE
build	Build + Test	2026-10-04T13:35:05.5519239Z > Task :demos:server-client:spotlessJava FROM-CACHE
build	Build + Test	2026-10-04T13:35:05.5520243Z > Task :demos:server-client:spotlessJavaCheck UP-TO-DATE
build	Build + Test	2026-10-04T13:35:05.5578160Z > Task :demos:server-client:spotlessCheck UP-TO-DATE
build	Build + Test	2026-10-04T13:35:05.5596161Z > Task :demos:spring-ai-rag:spotlessJava FROM-CACHE
build	Build + Test	2026-10-04T13:35:05.5648301Z > Task :demos:spring-ai-rag:spotlessJavaCheck UP-TO-DATE
build	Build + Test	2026-10-04T13:35:05.5657692Z > Task :demos:spring-ai-rag:spotlessCheck UP-TO-DATE
build	Build + Test	2026-10-04T13:35:05.5671251Z > Task :demos:studio-r2-sidecart:spotlessJava FROM-CACHE
build	Build + Test	2026-10-04T13:35:05.5697704Z > Task :demos:studio-r2-sidecart:spotlessJavaCheck UP-TO-DATE
build	Build + Test	2026-10-04T13:35:05.5719042Z > Task :demos:studio-r2-sidecart:spotlessCheck UP-TO-DATE
build	Build + Test	2026-10-04T13:35:05.5747636Z > Task :demos:vcr-e2e:spotlessJava FROM-CACHE
build	Build + Test	2026-10-04T13:35:05.5757710Z > Task :demos:vcr-e2e:spotlessJavaCheck UP-TO-DATE
build	Build + Test	2026-10-04T13:35:05.5767787Z > Task :demos:vcr-e2e:spotlessCheck UP-TO-DATE
build	Build + Test	2026-10-04T13:35:05.5768639Z > Task :compileJava NO-SOURCE
build	Build + Test	2026-10-04T13:35:05.5769383Z > Task :processResources NO-SOURCE
build	Build + Test	2026-10-04T13:35:05.5770113Z > Task :classes UP-TO-DATE
build	Build + Test	2026-10-04T13:35:05.5770752Z > Task :jar
build	Build + Test	2026-10-04T13:35:05.5771305Z > Task :assemble
build	Build + Test	2026-10-04T13:35:05.5771930Z > Task :compileTestJava NO-SOURCE
build	Build + Test	2026-10-04T13:35:05.5772672Z > Task :processTestResources NO-SOURCE
build	Build + Test	2026-10-04T13:35:05.5773442Z > Task :testClasses UP-TO-DATE
build	Build + Test	2026-10-04T13:35:05.5774851Z > Task :test NO-SOURCE
build	Build + Test	2026-10-04T13:35:05.5775556Z > Task :check UP-TO-DATE
build	Build + Test	2026-10-04T13:35:05.5776208Z > Task :build
build	Build + Test	2026-10-04T13:35:06.9495096Z > Task :demos:startScripts
build	Build + Test	2026-10-04T13:35:06.9568427Z > Task :demos:distTar
build	Build + Test	2026-10-04T13:35:07.0500879Z > Task :demos:distZip
build	Build + Test	2026-10-04T13:35:07.1508766Z > Task :demos:assemble
build	Build + Test	2026-10-04T13:35:07.1577893Z > Task :demos:compileTestJava NO-SOURCE
build	Build + Test	2026-10-04T13:35:07.1587583Z > Task :demos:processTestResources NO-SOURCE
build	Build + Test	2026-10-04T13:35:07.1637773Z > Task :demos:testClasses UP-TO-DATE
build	Build + Test	2026-10-04T13:35:07.1668150Z > Task :demos:test NO-SOURCE
build	Build + Test	2026-10-04T13:35:07.1697548Z > Task :demos:check UP-TO-DATE
build	Build + Test	2026-10-04T13:35:07.1747940Z > Task :demos:build
build	Build + Test	2026-10-04T13:35:07.1757497Z > Task :vectors:processTestResources NO-SOURCE
build	Build + Test	2026-10-04T13:35:07.1817934Z > Task :vectors-ivf:processResources NO-SOURCE
build	Build + Test	2026-10-04T13:35:07.1847526Z > Task :vectors-quantization:processResources NO-SOURCE
build	Build + Test	2026-10-04T13:35:07.1876476Z > Task :vectors-storage:processResources NO-SOURCE
build	Build + Test	2026-10-04T13:35:07.1933230Z > Task :vectors-vamana:processResources NO-SOURCE
build	Build + Test	2026-10-04T13:35:07.1977760Z > Task :vectors-bench:processResources NO-SOURCE
build	Build + Test	2026-10-04T13:35:07.2494008Z > Task :vectors-bench:sourcesJar
build	Build + Test	2026-10-04T13:35:07.2494567Z > Task :vectors-bench:processTestResources
build	Build + Test	2026-10-04T13:35:07.3558068Z > Task :vectors-cache:compileJava FROM-CACHE
build	Build + Test	2026-10-04T13:35:07.4498964Z > Task :vectors-cache-jcache:compileJava FROM-CACHE
build	Build + Test	2026-10-04T13:35:07.4500163Z > Task :vectors-bench:processJmhResources NO-SOURCE
build	Build + Test	2026-10-04T13:35:07.4528377Z > Task :vectors-distributed:processResources NO-SOURCE
build	Build + Test	2026-10-04T13:35:07.4554176Z > Task :vectors-storage-s3:processResources NO-SOURCE
build	Build + Test	2026-10-04T13:35:07.4577772Z > Task :vectors-cache:processResources NO-SOURCE
build	Build + Test	2026-10-04T13:35:07.5523748Z > Task :vectors-cache:classes UP-TO-DATE
build	Build + Test	2026-10-04T13:35:07.5548031Z > Task :vectors-cache:jar
build	Build + Test	2026-10-04T13:35:07.6558040Z > Task :vectors-cache:javadoc FROM-CACHE
build	Build + Test	2026-10-04T13:35:07.9500698Z > Task :vectors-cache:javadocJar
build	Build + Test	2026-10-04T13:35:07.9568133Z > Task :vectors-cache:sourcesJar
build	Build + Test	2026-10-04T13:35:07.9628261Z > Task :vectors-cache:assemble
build	Build + Test	2026-10-04T13:35:08.0542968Z > Task :vectors-cache:compileTestJava FROM-CACHE
build	Build + Test	2026-10-04T13:35:08.0558240Z > Task :vectors-cache:processTestResources NO-SOURCE
build	Build + Test	2026-10-04T13:35:08.0559286Z > Task :vectors-cache:testClasses UP-TO-DATE
build	Build + Test	2026-10-04T13:35:08.0560114Z > Task :vectors-cache:test FROM-CACHE
build	Build + Test	2026-10-04T13:35:08.1618333Z > Task :vectors-cache:jacocoTestCoverageVerification FROM-CACHE
build	Build + Test	2026-10-04T13:35:08.1707959Z > Task :vectors-cache:spotbugsMain FROM-CACHE
build	Build + Test	2026-10-04T13:35:08.1737904Z > Task :vectors-cache:spotbugsTest SKIPPED
build	Build + Test	2026-10-04T13:35:08.1794593Z > Task :vectors-cache:check UP-TO-DATE
build	Build + Test	2026-10-04T13:35:08.1858088Z > Task :vectors-cache:build
build	Build + Test	2026-10-04T13:35:08.1941519Z > Task :vectors-cache-jcache:processResources NO-SOURCE
build	Build + Test	2026-10-04T13:35:08.1987999Z > Task :vectors-cache-jcache:classes UP-TO-DATE
build	Build + Test	2026-10-04T13:35:08.2548107Z > Task :vectors-cache-jcache:jar
build	Build + Test	2026-10-04T13:35:08.3558692Z > Task :vectors-cache-jcache:javadoc FROM-CACHE
build	Build + Test	2026-10-04T13:35:08.6500373Z > Task :vectors-cache-jcache:javadocJar
build	Build + Test	2026-10-04T13:35:08.6527809Z > Task :vectors-cache-jcache:sourcesJar
build	Build + Test	2026-10-04T13:35:08.6554311Z > Task :vectors-cache-jcache:assemble
build	Build + Test	2026-10-04T13:35:08.7530697Z > Task :vectors-cache-jcache:compileTestJava FROM-CACHE
build	Build + Test	2026-10-04T13:35:08.7556572Z > Task :vectors-cache-jcache:processTestResources NO-SOURCE
build	Build + Test	2026-10-04T13:35:08.7568156Z > Task :vectors-cache-jcache:testClasses UP-TO-DATE
build	Build + Test	2026-10-04T13:35:08.7597515Z > Task :vectors-cache-jcache:test FROM-CACHE
build	Build + Test	2026-10-04T13:35:08.7628085Z > Task :vectors-cache-jcache:jacocoTestCoverageVerification FROM-CACHE
build	Build + Test	2026-10-04T13:35:08.8498204Z > Task :vectors-cache-jcache:spotbugsMain FROM-CACHE
build	Build + Test	2026-10-04T13:35:08.8575044Z > Task :vectors-cache-jcache:spotbugsTest SKIPPED
build	Build + Test	2026-10-04T13:35:08.8607926Z > Task :vectors-cache-jcache:check UP-TO-DATE
build	Build + Test	2026-10-04T13:35:08.8608851Z > Task :vectors-cache-jcache:build
build	Build + Test	2026-10-04T13:35:08.8610151Z > Task :vectors-cache-langchain4j:compileJava FROM-CACHE
build	Build + Test	2026-10-04T13:35:08.8611168Z > Task :vectors-cache-langchain4j:processResources NO-SOURCE
build	Build + Test	2026-10-04T13:35:08.8612115Z > Task :vectors-cache-langchain4j:classes UP-TO-DATE
build	Build + Test	2026-10-04T13:35:08.8612949Z > Task :vectors-cache-langchain4j:jar
build	Build + Test	2026-10-04T13:35:09.0549154Z > Task :vectors-cache-langchain4j:javadoc FROM-CACHE
build	Build + Test	2026-10-04T13:35:09.0569613Z > Task :vectors-hnsw:spotlessJava
build	Build + Test	2026-10-04T13:35:09.0608672Z > Task :vectors-hnsw:spotlessJavaCheck
build	Build + Test	2026-10-04T13:35:09.0638593Z > Task :vectors-hnsw:spotlessCheck
build	Build + Test	2026-10-04T13:35:09.0711655Z > Task :vectors-hnsw:processResources NO-SOURCE
build	Build + Test	2026-10-04T13:35:09.0759003Z > Task :vectors-cache-semantic-db:processResources NO-SOURCE
build	Build + Test	2026-10-04T13:35:09.0874651Z > Task :vectors-cache-semantic-db:sourcesJar
build	Build + Test	2026-10-04T13:35:09.0875838Z > Task :vectors-cache-semantic-db:processTestResources NO-SOURCE
build	Build + Test	2026-10-04T13:35:09.1519177Z > Task :vectors-cache-semantic-langchain4j:compileJava FROM-CACHE
build	Build + Test	2026-10-04T13:35:09.1598297Z > Task :vectors-cache-semantic-langchain4j:processResources NO-SOURCE
build	Build + Test	2026-10-04T13:35:09.1648544Z > Task :vectors-cache-semantic-langchain4j:classes UP-TO-DATE
build	Build + Test	2026-10-04T13:35:09.1689621Z > Task :vectors-cache-semantic-langchain4j:jar
build	Build + Test	2026-10-04T13:35:09.2556763Z > Task :vectors-cache-semantic-langchain4j:javadoc FROM-CACHE
build	Build + Test	2026-10-04T13:35:09.4509926Z > Task :vectors-cache-langchain4j:javadocJar
build	Build + Test	2026-10-04T13:35:09.5558117Z > Task :vectors-cache-langchain4j:sourcesJar
build	Build + Test	2026-10-04T13:35:09.5579031Z > Task :vectors-cache-langchain4j:assemble
build	Build + Test	2026-10-04T13:35:09.5638996Z > Task :vectors-cache-langchain4j:compileTestJava FROM-CACHE
build	Build + Test	2026-10-04T13:35:09.6493379Z > Task :vectors-cache-langchain4j:processTestResources NO-SOURCE
build	Build + Test	2026-10-04T13:35:09.6507679Z > Task :vectors-cache-langchain4j:testClasses UP-TO-DATE
build	Build + Test	2026-10-04T13:35:09.6520291Z > Task :vectors-cache-langchain4j:test FROM-CACHE
build	Build + Test	2026-10-04T13:35:09.6520887Z > Task :vectors-cache-langchain4j:jacocoTestCoverageVerification FROM-CACHE
build	Build + Test	2026-10-04T13:35:09.7558249Z > Task :vectors-cache-semantic-langchain4j:javadocJar
build	Build + Test	2026-10-04T13:35:09.7618775Z > Task :vectors-cache-langchain4j:spotbugsMain FROM-CACHE
build	Build + Test	2026-10-04T13:35:09.7637954Z > Task :vectors-cache-langchain4j:spotbugsTest SKIPPED
build	Build + Test	2026-10-04T13:35:09.7668438Z > Task :vectors-cache-langchain4j:check UP-TO-DATE
build	Build + Test	2026-10-04T13:35:09.7669576Z > Task :vectors-cache-langchain4j:build
build	Build + Test	2026-10-04T13:35:09.7698261Z > Task :vectors-cache-semantic-langchain4j:sourcesJar
build	Build + Test	2026-10-04T13:35:09.7728124Z > Task :vectors-cache-semantic-langchain4j:assemble
build	Build + Test	2026-10-04T13:35:09.8517068Z > Task :vectors-cache-semantic-langchain4j:compileTestJava FROM-CACHE
build	Build + Test	2026-10-04T13:35:09.8553114Z > Task :vectors-cache-semantic-langchain4j:processTestResources NO-SOURCE
build	Build + Test	2026-10-04T13:35:09.8588561Z > Task :vectors-cache-semantic-langchain4j:testClasses UP-TO-DATE
build	Build + Test	2026-10-04T13:35:09.8601608Z > Task :vectors-cache-semantic-spring-ai:compileJava FROM-CACHE
build	Build + Test	2026-10-04T13:35:09.8630067Z > Task :vectors-cache-semantic-langchain4j:test FROM-CACHE
build	Build + Test	2026-10-04T13:35:09.8657981Z > Task :vectors-cache-semantic-spring-ai:processResources NO-SOURCE
build	Build + Test	2026-10-04T13:35:09.8667138Z > Task :vectors-cache-semantic-spring-ai:classes UP-TO-DATE
build	Build + Test	2026-10-04T13:35:09.9505465Z > Task :vectors-cache-semantic-langchain4j:jacocoTestCoverageVerification FROM-CACHE
build	Build + Test	2026-10-04T13:35:09.9558047Z > Task :vectors-cache-semantic-spring-ai:jar
build	Build + Test	2026-10-04T13:35:09.9617913Z > Task :vectors-cache-semantic-langchain4j:spotbugsMain FROM-CACHE
build	Build + Test	2026-10-04T13:35:09.9658083Z > Task :vectors-cache-semantic-langchain4j:spotbugsTest SKIPPED
build	Build + Test	2026-10-04T13:35:09.9707789Z > Task :vectors-cache-semantic-langchain4j:check UP-TO-DATE
build	Build + Test	2026-10-04T13:35:09.9720155Z > Task :vectors-cache-semantic-langchain4j:build
build	Build + Test	2026-10-04T13:35:09.9797863Z > Task :vectors-cache-spring-ai:compileJava FROM-CACHE
build	Build + Test	2026-10-04T13:35:09.9821210Z > Task :vectors-cache-spring-ai:processResources NO-SOURCE
build	Build + Test	2026-10-04T13:35:09.9847579Z > Task :vectors-cache-spring-ai:classes UP-TO-DATE
build	Build + Test	2026-10-04T13:35:10.0543154Z > Task :vectors-cache-spring-ai:jar
build	Build + Test	2026-10-04T13:35:10.0568423Z > Task :vectors-cache-semantic-spring-ai:javadoc FROM-CACHE
build	Build + Test	2026-10-04T13:35:10.0598543Z > Task :vectors-cache-spring-ai:javadoc FROM-CACHE
build	Build + Test	2026-10-04T13:35:10.3493096Z > Task :vectors-cache-spring-ai:javadocJar
build	Build + Test	2026-10-04T13:35:10.3564579Z > Task :vectors-cache-spring-ai:sourcesJar
build	Build + Test	2026-10-04T13:35:10.3621555Z > Task :vectors-cache-spring-ai:assemble
build	Build + Test	2026-10-04T13:35:10.3678890Z > Task :vectors-cache-spring-ai:compileTestJava FROM-CACHE
build	Build + Test	2026-10-04T13:35:10.3728322Z > Task :vectors-cache-spring-ai:processTestResources NO-SOURCE
build	Build + Test	2026-10-04T13:35:10.3737602Z > Task :vectors-cache-spring-ai:testClasses UP-TO-DATE
build	Build + Test	2026-10-04T13:35:10.4548220Z > Task :vectors-cache-spring-ai:test FROM-CACHE
build	Build + Test	2026-10-04T13:35:10.4569030Z > Task :vectors-cache-spring-ai:jacocoTestCoverageVerification FROM-CACHE
build	Build + Test	2026-10-04T13:35:10.4587931Z > Task :vectors-cache-semantic-spring-ai:javadocJar
build	Build + Test	2026-10-04T13:35:10.4622744Z > Task :vectors-cache-spring-ai:spotbugsMain FROM-CACHE
build	Build + Test	2026-10-04T13:35:10.4667754Z > Task :vectors-cache-spring-ai:spotbugsTest SKIPPED
build	Build + Test	2026-10-04T13:35:10.4720610Z > Task :vectors-cache-spring-ai:check UP-TO-DATE
build	Build + Test	2026-10-04T13:35:10.4778650Z > Task :vectors-cache-spring-ai:build
build	Build + Test	2026-10-04T13:35:10.4779995Z > Task :vectors-cluster:processResources NO-SOURCE
build	Build + Test	2026-10-04T13:35:10.4808495Z > Task :vectors-cache-semantic-spring-ai:sourcesJar
build	Build + Test	2026-10-04T13:35:10.4827348Z > Task :vectors-cache-semantic-spring-ai:assemble
build	Build + Test	2026-10-04T13:35:10.4846155Z > Task :vectors-cluster:sourcesJar
build	Build + Test	2026-10-04T13:35:10.4857968Z > Task :vectors-cluster:processTestResources NO-SOURCE
build	Build + Test	2026-10-04T13:35:10.5519990Z > Task :vectors-gpu:processResources
build	Build + Test	2026-10-04T13:35:10.5560369Z > Task :vectors-db-arrow:processResources NO-SOURCE
build	Build + Test	2026-10-04T13:35:10.5577845Z > Task :vectors-db-arrow:sourcesJar
build	Build + Test	2026-10-04T13:35:10.5608056Z > Task :vectors-db-arrow:processTestResources NO-SOURCE
build	Build + Test	2026-10-04T13:35:10.5615887Z > Task :vectors-db-jackson:processResources
build	Build + Test	2026-10-04T13:35:10.5668079Z > Task :vectors-cache-semantic-spring-ai:compileTestJava FROM-CACHE
build	Build + Test	2026-10-04T13:35:10.5669265Z > Task :vectors-db-jackson:sourcesJar
build	Build + Test	2026-10-04T13:35:10.5697999Z > Task :vectors-cache-semantic-spring-ai:processTestResources NO-SOURCE
build	Build + Test	2026-10-04T13:35:10.5710153Z > Task :vectors-cache-semantic-spring-ai:testClasses UP-TO-DATE
build	Build + Test	2026-10-04T13:35:10.5757985Z > Task :vectors-db-jackson:processTestResources NO-SOURCE
build	Build + Test	2026-10-04T13:35:10.5759235Z > Task :vectors-distributed:sourcesJar
build	Build + Test	2026-10-04T13:35:10.5788009Z > Task :vectors-distributed:processTestResources NO-SOURCE
build	Build + Test	2026-10-04T13:35:10.5809770Z > Task :vectors-gpu:sourcesJar
build	Build + Test	2026-10-04T13:35:10.5817554Z > Task :vectors-gpu:processTestResources NO-SOURCE
build	Build + Test	2026-10-04T13:35:10.5818431Z > Task :vectors-cache-semantic-spring-ai:test FROM-CACHE
build	Build + Test	2026-10-04T13:35:10.5819204Z > Task :vectors-hnsw:sourcesJar
build	Build + Test	2026-10-04T13:35:10.6508374Z > Task :vectors-cache-semantic-spring-ai:jacocoTestCoverageVerification FROM-CACHE
build	Build + Test	2026-10-04T13:35:10.6558212Z > Task :vectors-hnsw:processTestResources NO-SOURCE
build	Build + Test	2026-10-04T13:35:10.6567654Z > Task :vectors-hybrid:processResources NO-SOURCE
build	Build + Test	2026-10-04T13:35:10.6627934Z > Task :vectors-cache-semantic-spring-ai:spotbugsMain FROM-CACHE
build	Build + Test	2026-10-04T13:35:10.6688208Z > Task :vectors-cache-semantic-spring-ai:spotbugsTest SKIPPED
build	Build + Test	2026-10-04T13:35:10.6718293Z > Task :vectors-cache-semantic-spring-ai:check UP-TO-DATE
build	Build + Test	2026-10-04T13:35:10.6767937Z > Task :vectors-cache-semantic-spring-ai:build
build	Build + Test	2026-10-04T13:35:10.6789046Z > Task :vectors-ingest:processResources NO-SOURCE
build	Build + Test	2026-10-04T13:35:10.6821149Z > Task :vectors-ingest:sourcesJar
build	Build + Test	2026-10-04T13:35:10.6822633Z > Task :vectors-ingest:processTestResources NO-SOURCE
build	Build + Test	2026-10-04T13:35:10.6823543Z > Task :vectors-hybrid:sourcesJar
build	Build + Test	2026-10-04T13:35:10.6824435Z > Task :vectors-hybrid:processTestResources NO-SOURCE
build	Build + Test	2026-10-04T13:35:10.6825284Z > Task :vectors-ivf:sourcesJar
build	Build + Test	2026-10-04T13:35:10.6825954Z > Task :vectors-jakarta-batch:processResources NO-SOURCE
build	Build + Test	2026-10-04T13:35:10.6826705Z > Task :vectors-ivf:processTestResources NO-SOURCE
build	Build + Test	2026-10-04T13:35:10.6827980Z > Task :vectors-langchain4j:processResources NO-SOURCE
build	Build + Test	2026-10-04T13:35:10.6828609Z > Task :vectors-jakarta-batch:sourcesJar
build	Build + Test	2026-10-04T13:35:10.6829292Z > Task :vectors-jakarta-batch:processTestResources NO-SOURCE
build	Build + Test	2026-10-04T13:35:10.6829970Z > Task :vectors-langchain4j:sourcesJar
build	Build + Test	2026-10-04T13:35:10.6830681Z > Task :vectors-langchain4j:processTestResources NO-SOURCE
build	Build + Test	2026-10-04T13:35:10.6831490Z > Task :vectors-optimizer:processResources NO-SOURCE
build	Build + Test	2026-10-04T13:35:10.6832211Z > Task :vectors-router:processResources NO-SOURCE
build	Build + Test	2026-10-04T13:35:10.7496577Z > Task :vectors-optimizer:sourcesJar
build	Build + Test	2026-10-04T13:35:10.7497461Z > Task :vectors-optimizer:processTestResources NO-SOURCE
build	Build + Test	2026-10-04T13:35:10.7498087Z > Task :vectors-quantization:sourcesJar
build	Build + Test	2026-10-04T13:35:10.7501521Z > Task :vectors-quantization:processTestResources NO-SOURCE
build	Build + Test	2026-10-04T13:35:10.7502528Z > Task :vectors-server:processResources NO-SOURCE
build	Build + Test	2026-10-04T13:35:10.7503436Z > Task :vectors-router:sourcesJar
build	Build + Test	2026-10-04T13:35:10.7504446Z > Task :vectors-router:processTestResources NO-SOURCE
build	Build + Test	2026-10-04T13:35:10.7505476Z > Task :vectors-text-h2:processResources
build	Build + Test	2026-10-04T13:35:10.7518479Z > Task :vectors-server-client:processResources NO-SOURCE
build	Build + Test	2026-10-04T13:35:10.8520962Z > Task :vectors-server-client:sourcesJar
build	Build + Test	2026-10-04T13:35:10.8578027Z > Task :vectors-server-client:processTestResources NO-SOURCE
build	Build + Test	2026-10-04T13:35:10.8604289Z > Task :vectors-spring-ai:processResources NO-SOURCE
build	Build + Test	2026-10-04T13:35:10.8649937Z > Task :vectors-server:sourcesJar
build	Build + Test	2026-10-04T13:35:10.8688103Z > Task :vectors-server:processTestResources NO-SOURCE
build	Build + Test	2026-10-04T13:35:10.8728270Z > Task :vectors-spring-batch:processResources NO-SOURCE
build	Build + Test	2026-10-04T13:35:10.8788118Z > Task :vectors-spring-ai:sourcesJar
build	Build + Test	2026-10-04T13:35:10.8820668Z > Task :vectors-spring-ai:processTestResources NO-SOURCE
build	Build + Test	2026-10-04T13:35:10.8852729Z > Task :vectors-spring-batch:sourcesJar
build	Build + Test	2026-10-04T13:35:10.8888031Z > Task :vectors-spring-batch:processTestResources NO-SOURCE
build	Build + Test	2026-10-04T13:35:10.8889308Z > Task :vectors-spring-boot-starter:processResources
build	Build + Test	2026-10-04T13:35:10.8918399Z > Task :vectors-spring-boot-starter:sourcesJar
build	Build + Test	2026-10-04T13:35:10.8948016Z > Task :vectors-spring-boot-starter:processTestResources NO-SOURCE
build	Build + Test	2026-10-04T13:35:10.8978046Z > Task :vectors-storage-s3:sourcesJar
build	Build + Test	2026-10-04T13:35:10.8979020Z > Task :vectors-storage:sourcesJar
build	Build + Test	2026-10-04T13:35:10.9002172Z > Task :vectors-storage:processTestResources NO-SOURCE
build	Build + Test	2026-10-04T13:35:10.9022201Z > Task :vectors-storage-s3:processTestResources NO-SOURCE
build	Build + Test	2026-10-04T13:35:10.9548510Z > Task :vectors-studio-core:processResources NO-SOURCE
build	Build + Test	2026-10-04T13:35:10.9578298Z > Task :vectors-studio-distributed:processResources
build	Build + Test	2026-10-04T13:35:10.9608429Z > Task :vectors-studio-core:sourcesJar
build	Build + Test	2026-10-04T13:35:10.9668444Z > Task :vectors-studio-distributed:sourcesJar
build	Build + Test	2026-10-04T13:35:10.9697916Z > Task :vectors-studio-core:processTestResources NO-SOURCE
build	Build + Test	2026-10-04T13:35:10.9758126Z > Task :vectors-studio-distributed:processTestResources NO-SOURCE
build	Build + Test	2026-10-04T13:35:10.9787953Z > Task :vectors-studio-sidecart:processResources NO-SOURCE
build	Build + Test	2026-10-04T13:35:10.9848028Z > Task :vectors-studio-sidecart:sourcesJar
build	Build + Test	2026-10-04T13:35:10.9877844Z > Task :vectors-studio-web:processResources
build	Build + Test	2026-10-04T13:35:10.9922841Z > Task :vectors-studio-sidecart:processTestResources NO-SOURCE
build	Build + Test	2026-10-04T13:35:11.0511315Z > Task :vectors-text-h2:sourcesJar
build	Build + Test	2026-10-04T13:35:11.0528001Z > Task :vectors-text-h2:processTestResources NO-SOURCE
build	Build + Test	2026-10-04T13:35:11.0558076Z > Task :vectors-vamana:sourcesJar
build	Build + Test	2026-10-04T13:35:11.0574477Z > Task :vectors-vamana:processTestResources NO-SOURCE
build	Build + Test	2026-10-04T13:35:11.0575636Z > Task :vectors-vcr-core:processResources NO-SOURCE
build	Build + Test	2026-10-04T13:35:11.0576517Z > Task :vectors-studio-web:sourcesJar
build	Build + Test	2026-10-04T13:35:11.0577694Z > Task :vectors-studio-web:processTestResources NO-SOURCE
build	Build + Test	2026-10-04T13:35:11.0578568Z > Task :vectors-vcr-core:sourcesJar
build	Build + Test	2026-10-04T13:35:11.0579393Z > Task :vectors-vcr-junit5:processResources NO-SOURCE
build	Build + Test	2026-10-04T13:35:11.0580726Z > Task :vectors-vcr-core:processTestResources
build	Build + Test	2026-10-04T13:35:11.0581548Z > Task :vectors-vcr-junit5:sourcesJar
build	Build + Test	2026-10-04T13:35:11.0582351Z > Task :vectors-vcr-serde-avaje:processResources
build	Build + Test	2026-10-04T13:35:11.1515068Z > Task :vectors-vcr-junit5:processTestResources
build	Build + Test	2026-10-04T13:35:11.1568330Z > Task :vectors-vcr-langchain4j:processResources
build	Build + Test	2026-10-04T13:35:11.1597887Z > Task :vectors-vcr-semantic-db:processResources NO-SOURCE
build	Build + Test	2026-10-04T13:35:11.1643078Z > Task :vectors-vcr-langchain4j:sourcesJar
build	Build + Test	2026-10-04T13:35:11.1707854Z > Task :vectors-vcr-semantic-db:sourcesJar
build	Build + Test	2026-10-04T13:35:11.1761917Z > Task :vectors-vcr-semantic-db:processTestResources NO-SOURCE
build	Build + Test	2026-10-04T13:35:11.1818423Z > Task :vectors-vcr-langchain4j:processTestResources NO-SOURCE
build	Build + Test	2026-10-04T13:35:11.1857735Z > Task :vectors-vcr-serde-jackson:processResources
build	Build + Test	2026-10-04T13:35:11.1888545Z > Task :vectors-vcr-serde-avaje:sourcesJar
build	Build + Test	2026-10-04T13:35:11.1917763Z > Task :vectors-vcr-serde-avaje:processTestResources NO-SOURCE
build	Build + Test	2026-10-04T13:35:11.1947620Z > Task :vectors-vcr-serde-jackson:sourcesJar
build	Build + Test	2026-10-04T13:35:11.1977674Z > Task :vectors-vcr-spring-ai:processResources
build	Build + Test	2026-10-04T13:35:11.1978943Z > Task :vectors-vcr-serde-jackson:processTestResources NO-SOURCE
build	Build + Test	2026-10-04T13:35:11.2494553Z > Task :vectors-vcr-testng:processResources
build	Build + Test	2026-10-04T13:35:11.2507671Z > Task :vectors-vcr-spring-ai:sourcesJar
build	Build + Test	2026-10-04T13:35:11.2537841Z > Task :vectors-vcr-spring-ai:processTestResources NO-SOURCE
build	Build + Test	2026-10-04T13:35:11.2567722Z > Task :vectors-vcr-testng:sourcesJar
build	Build + Test	2026-10-04T13:35:11.2597513Z > Task :vectors-vcr-testng:processTestResources
build	Build + Test	2026-10-04T13:35:11.2658122Z > Task :demos:langchain4j-rag:processResources NO-SOURCE
build	Build + Test	2026-10-04T13:35:11.2674237Z > Task :demos:langchain4j-rag:processTestResources NO-SOURCE
build	Build + Test	2026-10-04T13:35:11.2748146Z > Task :demos:embedding-cache:compileJava FROM-CACHE
build	Build + Test	2026-10-04T13:35:11.2807976Z > Task :demos:embedding-cache:processResources NO-SOURCE
build	Build + Test	2026-10-04T13:35:11.2824595Z > Task :demos:embedding-cache:classes UP-TO-DATE
build	Build + Test	2026-10-04T13:35:11.2887824Z > Task :demos:optimizer-tutorial:processResources
build	Build + Test	2026-10-04T13:35:11.2927153Z > Task :demos:optimizer-tutorial:processTestResources NO-SOURCE
build	Build + Test	2026-10-04T13:35:11.2977853Z > Task :demos:quickstart:processResources NO-SOURCE
build	Build + Test	2026-10-04T13:35:11.3007609Z > Task :demos:quickstart:processTestResources NO-SOURCE
build	Build + Test	2026-10-04T13:35:11.3037749Z > Task :demos:embedding-cache:jar
build	Build + Test	2026-10-04T13:35:11.3067559Z > Task :demos:rag-multimodal:processResources
build	Build + Test	2026-10-04T13:35:11.3508343Z > Task :demos:rag-multimodal:processTestResources
build	Build + Test	2026-10-04T13:35:11.3545117Z > Task :demos:rerank-after-retrieval:processResources NO-SOURCE
build	Build + Test	2026-10-04T13:35:11.3587978Z > Task :demos:rerank-after-retrieval:processTestResources NO-SOURCE
build	Build + Test	2026-10-04T13:35:11.3617697Z > Task :demos:semantic-cache:processResources NO-SOURCE
build	Build + Test	2026-10-04T13:35:11.3634938Z > Task :demos:semantic-cache:processTestResources NO-SOURCE
build	Build + Test	2026-10-04T13:35:11.3711714Z > Task :demos:server-client:processResources NO-SOURCE
build	Build + Test	2026-10-04T13:35:11.4528143Z > Task :demos:server-client:processTestResources NO-SOURCE
build	Build + Test	2026-10-04T13:35:11.4565540Z > Task :demos:spring-ai-rag:processResources NO-SOURCE
build	Build + Test	2026-10-04T13:35:11.4567573Z > Task :demos:spring-ai-rag:processTestResources NO-SOURCE
build	Build + Test	2026-10-04T13:35:11.4598032Z > Task :demos:studio-r2-sidecart:processResources NO-SOURCE
build	Build + Test	2026-10-04T13:35:11.4627969Z > Task :demos:studio-r2-sidecart:processTestResources NO-SOURCE
build	Build + Test	2026-10-04T13:35:11.4658036Z > Task :demos:vcr-e2e:processResources NO-SOURCE
build	Build + Test	2026-10-04T13:35:11.4659369Z > Task :demos:vcr-e2e:processTestResources
build	Build + Test	2026-10-04T13:35:11.4688058Z > Task :demos:embedding-cache:startScripts
build	Build + Test	2026-10-04T13:35:11.5508810Z > Task :demos:embedding-cache:distTar
build	Build + Test	2026-10-04T13:35:11.8508099Z > Task :demos:embedding-cache:distZip
build	Build + Test	2026-10-04T13:35:11.8509325Z > Task :demos:embedding-cache:assemble
build	Build + Test	2026-10-04T13:35:11.8538151Z > Task :demos:embedding-cache:compileTestJava FROM-CACHE
build	Build + Test	2026-10-04T13:35:11.9493333Z > Task :demos:embedding-cache:processTestResources NO-SOURCE
build	Build + Test	2026-10-04T13:35:11.9512881Z > Task :demos:embedding-cache:testClasses UP-TO-DATE
build	Build + Test	2026-10-04T13:35:11.9537863Z > Task :demos:embedding-cache:test FROM-CACHE
build	Build + Test	2026-10-04T13:35:11.9568205Z > Task :demos:embedding-cache:check UP-TO-DATE
build	Build + Test	2026-10-04T13:35:11.9570731Z > Task :demos:embedding-cache:build
build	Build + Test	2026-10-04T13:35:12.3499971Z > Task :vectors-core:compileJava
build	Build + Test	2026-10-04T13:35:12.9539436Z > Task :vectors-db-jackson:compileJava
build	Build + Test	2026-10-04T13:35:12.9575520Z > Task :vectors-db-jackson:classes
build	Build + Test	2026-10-04T13:35:13.0507941Z > Task :vectors-db-jackson:jar
build	Build + Test	2026-10-04T13:35:14.4498117Z > Task :vectors-storage:compileJava
build	Build + Test	2026-10-04T13:35:14.7508177Z > Task :vectors-db:spotlessJava
build	Build + Test	2026-10-04T13:35:14.7554105Z > Task :vectors-db:spotlessJavaCheck
build	Build + Test	2026-10-04T13:35:14.7558355Z > Task :vectors-db:spotlessCheck
build	Build + Test	2026-10-04T13:35:14.8541227Z > Task :vectors-gpu:compileJava
build	Build + Test	2026-10-04T13:35:14.8583433Z > Task :vectors-db:processResources NO-SOURCE
build	Build + Test	2026-10-04T13:35:14.8607614Z > Task :vectors-storage:classes
build	Build + Test	2026-10-04T13:35:14.9508074Z > Task :vectors-storage:jar
build	Build + Test	2026-10-04T13:35:14.9558245Z > Task :vectors-storage-s3:compileJava NO-SOURCE
build	Build + Test	2026-10-04T13:35:14.9587745Z > Task :vectors-storage-s3:classes UP-TO-DATE
build	Build + Test	2026-10-04T13:35:14.9620534Z > Task :vectors-storage-s3:jar
build	Build + Test	2026-10-04T13:35:15.0522127Z 
build	Build + Test	2026-10-04T13:35:15.0560401Z warning: [incubating] using incubating module(s): jdk.incubator.vector
build	Build + Test	2026-10-04T13:35:15.0561329Z > Task :vectors-db-jackson:javadoc
build	Build + Test	2026-10-04T13:35:15.0624043Z warning: [incubating] using incubating module(s): jdk.incubator.vector
build	Build + Test	2026-10-04T13:35:15.1497426Z 
build	Build + Test	2026-10-04T13:35:15.1568175Z > Task :vectors-db:sourcesJar
build	Build + Test	2026-10-04T13:35:15.1637997Z > Task :vectors-db:processTestResources NO-SOURCE
build	Build + Test	2026-10-04T13:35:15.1718949Z > Task :vectors-gpu:classes
build	Build + Test	2026-10-04T13:35:15.1778082Z > Task :vectors-gpu:jar
build	Build + Test	2026-10-04T13:35:16.3555406Z > Task :vectors-quantization:compileJava
build	Build + Test	2026-10-04T13:35:17.1498031Z 2 warnings
build	Build + Test	2026-10-04T13:35:17.1498389Z 
build	Build + Test	2026-10-04T13:35:17.1512089Z > Task :vectors-db-jackson:javadoc
build	Build + Test	2026-10-04T13:35:17.2538205Z warning: [incubating] using incubating module(s): jdk.incubator.vector
build	Build + Test	2026-10-04T13:35:17.2538927Z 
build	Build + Test	2026-10-04T13:35:17.2593136Z warning: [incubating] using incubating module(s): jdk.incubator.vector
build	Build + Test	2026-10-04T13:35:17.2594195Z > Task :vectors-hnsw:compileJava
build	Build + Test	2026-10-04T13:35:17.2617347Z 
build	Build + Test	2026-10-04T13:35:17.2637712Z > Task :vectors-gpu:javadoc
build	Build + Test	2026-10-04T13:35:18.0502323Z 
build	Build + Test	2026-10-04T13:35:18.0537423Z > Task :vectors-ivf:compileJava
build	Build + Test	2026-10-04T13:35:18.0582828Z > Task :vectors-hnsw:classes
build	Build + Test	2026-10-04T13:35:18.1516311Z > Task :vectors-hnsw:jar
build	Build + Test	2026-10-04T13:35:18.1541545Z > Task :vectors-ivf:classes
build	Build + Test	2026-10-04T13:35:18.1626324Z > Task :vectors-ivf:jar
build	Build + Test	2026-10-04T13:35:18.1688341Z > Task :vectors-quantization:classes
build	Build + Test	2026-10-04T13:35:18.2509843Z > Task :vectors-quantization:jar
build	Build + Test	2026-10-04T13:35:18.2568070Z > Task :vectors-vamana:compileJava
build	Build + Test	2026-10-04T13:35:18.3502989Z > Task :vectors-core:spotlessJava
build	Build + Test	2026-10-04T13:35:18.3548708Z > Task :vectors-core:spotlessJavaCheck
build	Build + Test	2026-10-04T13:35:18.3576647Z > Task :vectors-core:spotlessCheck
build	Build + Test	2026-10-04T13:35:18.4507932Z > Task :vectors-core:processResources
build	Build + Test	2026-10-04T13:35:18.4559354Z > Task :vectors-core:classes
build	Build + Test	2026-10-04T13:35:18.5498186Z > Task :vectors-core:jar
build	Build + Test	2026-10-04T13:35:18.5517974Z > Task :vectors-vamana:classes
build	Build + Test	2026-10-04T13:35:18.5558477Z > Task :vectors-vamana:jar
build	Build + Test	2026-10-04T13:35:18.5578096Z > Task :vectors-db-jackson:javadocJar
build	Build + Test	2026-10-04T13:35:18.5587846Z > Task :vectors-db-jackson:assemble
build	Build + Test	2026-10-04T13:35:18.5618106Z > Task :vectors-db-jackson:compileTestJava NO-SOURCE
build	Build + Test	2026-10-04T13:35:18.5647936Z > Task :vectors-db-jackson:testClasses UP-TO-DATE
build	Build + Test	2026-10-04T13:35:18.5650157Z > Task :vectors-db-jackson:test NO-SOURCE
build	Build + Test	2026-10-04T13:35:18.5676125Z > Task :vectors-db-jackson:jacocoTestCoverageVerification SKIPPED
build	Build + Test	2026-10-04T13:35:19.1507364Z 
build	Build + Test	2026-10-04T13:35:19.1508505Z 2 warnings
build	Build + Test	2026-10-04T13:35:19.1550540Z > Task :vectors-gpu:javadoc
build	Build + Test	2026-10-04T13:35:19.1569042Z 
build	Build + Test	2026-10-04T13:35:19.1608184Z > Task :vectors-db-jackson:spotbugsTest SKIPPED
build	Build + Test	2026-10-04T13:35:19.5527954Z > Task :vectors-gpu:javadocJar
build	Build + Test	2026-10-04T13:35:19.5576455Z > Task :vectors-gpu:assemble
build	Build + Test	2026-10-04T13:35:21.0497761Z warning: [incubating] using incubating module(s): jdk.incubator.vector
build	Build + Test	2026-10-04T13:35:21.0498475Z 
build	Build + Test	2026-10-04T13:35:21.0585637Z > Task :vectors-core:javadoc
build	Build + Test	2026-10-04T13:35:21.0608092Z warning: [incubating] using incubating module(s): jdk.incubator.vector
build	Build + Test	2026-10-04T13:35:23.9529661Z 
build	Build + Test	2026-10-04T13:35:23.9647013Z > Task :vectors-db:compileJava
build	Build + Test	2026-10-04T13:35:23.9717716Z > Task :vectors:compileJava NO-SOURCE
build	Build + Test	2026-10-04T13:35:23.9768020Z > Task :vectors:classes UP-TO-DATE
build	Build + Test	2026-10-04T13:35:24.0598112Z > Task :vectors:jar
build	Build + Test	2026-10-04T13:35:24.0627781Z > Task :vectors:javadoc NO-SOURCE
build	Build + Test	2026-10-04T13:35:24.0628451Z > Task :vectors:javadocJar
build	Build + Test	2026-10-04T13:35:24.0628988Z > Task :vectors:assemble
build	Build + Test	2026-10-04T13:35:24.0629556Z > Task :vectors:compileTestJava NO-SOURCE
build	Build + Test	2026-10-04T13:35:24.0630175Z > Task :vectors:testClasses UP-TO-DATE
build	Build + Test	2026-10-04T13:35:24.0630713Z > Task :vectors-db:classes
build	Build + Test	2026-10-04T13:35:24.2564304Z > Task :vectors-db:jar
build	Build + Test	2026-10-04T13:35:24.2655066Z > Task :vectors:test NO-SOURCE
build	Build + Test	2026-10-04T13:35:24.2775921Z > Task :vectors:jacocoTestCoverageVerification SKIPPED
build	Build + Test	2026-10-04T13:35:24.3568304Z > Task :vectors:spotbugsMain NO-SOURCE
build	Build + Test	2026-10-04T13:35:24.3579910Z > Task :vectors:spotbugsTest SKIPPED
build	Build + Test	2026-10-04T13:35:24.3627809Z > Task :vectors:check UP-TO-DATE
build	Build + Test	2026-10-04T13:35:24.3667756Z > Task :vectors:build
build	Build + Test	2026-10-04T13:35:25.5552673Z > Task :vectors-distributed:compileJava
build	Build + Test	2026-10-04T13:35:28.6497828Z > Task :vectors-bench:compileJava
build	Build + Test	2026-10-04T13:35:28.7497395Z > Task :vectors-bench:classes
build	Build + Test	2026-10-04T13:35:28.7528020Z > Task :vectors-bench:jar
build	Build + Test	2026-10-04T13:35:29.0516666Z 2 warnings
build	Build + Test	2026-10-04T13:35:29.0517262Z 
build	Build + Test	2026-10-04T13:35:29.0568043Z > Task :vectors-core:javadoc
build	Build + Test	2026-10-04T13:35:29.6577526Z 
build	Build + Test	2026-10-04T13:35:29.6698240Z > Task :vectors-db-jackson:spotbugsMain
build	Build + Test	2026-10-04T13:35:29.7507953Z > Task :vectors-distributed:classes
build	Build + Test	2026-10-04T13:35:29.8511380Z > Task :vectors-distributed:jar
build	Build + Test	2026-10-04T13:35:29.9508265Z > Task :vectors-cache-semantic-db:compileJava
build	Build + Test	2026-10-04T13:35:29.9537787Z > Task :vectors-cache-semantic-db:classes
build	Build + Test	2026-10-04T13:35:29.9538772Z > Task :vectors-cache-semantic-db:jar
build	Build + Test	2026-10-04T13:35:30.0492399Z > Task :vectors-cluster:compileJava
build	Build + Test	2026-10-04T13:35:30.0497594Z > Task :vectors-cluster:classes
build	Build + Test	2026-10-04T13:35:30.1538314Z > Task :vectors-cluster:jar
build	Build + Test	2026-10-04T13:35:31.3543115Z warning: [incubating] using incubating module(s): jdk.incubator.vector
build	Build + Test	2026-10-04T13:35:31.3543855Z 
build	Build + Test	2026-10-04T13:35:31.3615884Z warning: [incubating] using incubating module(s): jdk.incubator.vector
build	Build + Test	2026-10-04T13:35:31.3616726Z > Task :vectors-bench:javadoc
build	Build + Test	2026-10-04T13:35:31.6517369Z 
build	Build + Test	2026-10-04T13:35:31.6532674Z > Task :vectors-gpu:spotbugsMain
build	Build + Test	2026-10-04T13:35:31.9498179Z warning: [incubating] using incubating module(s): jdk.incubator.vector
build	Build + Test	2026-10-04T13:35:31.9498904Z 
build	Build + Test	2026-10-04T13:35:31.9564710Z warning: [incubating] using incubating module(s): jdk.incubator.vector
build	Build + Test	2026-10-04T13:35:31.9565619Z > Task :vectors-cache-semantic-db:javadoc
build	Build + Test	2026-10-04T13:35:32.5520180Z warning: [incubating] using incubating module(s): jdk.incubator.vector
build	Build + Test	2026-10-04T13:35:32.5520878Z 
build	Build + Test	2026-10-04T13:35:32.5548034Z warning: [incubating] using incubating module(s): jdk.incubator.vector
build	Build + Test	2026-10-04T13:35:32.5577745Z > Task :vectors-core:javadocJar
build	Build + Test	2026-10-04T13:35:32.5607391Z 
build	Build + Test	2026-10-04T13:35:32.5661697Z > Task :vectors-cluster:javadoc
build	Build + Test	2026-10-04T13:35:32.6508369Z 
build	Build + Test	2026-10-04T13:35:32.6587960Z > Task :vectors-core:sourcesJar
build	Build + Test	2026-10-04T13:35:32.6654366Z > Task :vectors-core:assemble
build	Build + Test	2026-10-04T13:35:34.6518508Z 2 warnings
build	Build + Test	2026-10-04T13:35:34.6518892Z 
build	Build + Test	2026-10-04T13:35:34.6574355Z > Task :vectors-cluster:javadoc
build	Build + Test	2026-10-04T13:35:34.8493973Z 2 warnings
build	Build + Test	2026-10-04T13:35:34.8494331Z 
build	Build + Test	2026-10-04T13:35:34.8547882Z > Task :vectors-cache-semantic-db:javadoc
build	Build + Test	2026-10-04T13:35:35.2497363Z 
build	Build + Test	2026-10-04T13:35:35.2527740Z > Task :vectors-cluster:javadocJar
build	Build + Test	2026-10-04T13:35:35.2597951Z > Task :vectors-cluster:assemble
build	Build + Test	2026-10-04T13:35:35.4520000Z > Task :vectors-cache-semantic-db:javadocJar
build	Build + Test	2026-10-04T13:35:35.4572739Z > Task :vectors-cache-semantic-db:assemble
build	Build + Test	2026-10-04T13:35:35.9495873Z 2 warnings
build	Build + Test	2026-10-04T13:35:35.9496534Z > Task :vectors-cache-semantic-db:compileTestJava
build	Build + Test	2026-10-04T13:35:35.9540654Z > Task :vectors-cache-semantic-db:testClasses
build	Build + Test	2026-10-04T13:35:35.9575430Z 
build	Build + Test	2026-10-04T13:35:35.9625443Z > Task :vectors-bench:javadoc
build	Build + Test	2026-10-04T13:35:37.1537327Z 
build	Build + Test	2026-10-04T13:35:37.1597882Z > Task :vectors-bench:javadocJar
build	Build + Test	2026-10-04T13:35:37.1627791Z > Task :vectors-bench:assemble
build	Build + Test	2026-10-04T13:35:37.8528296Z WARNING: Using incubator modules: jdk.incubator.vector
build	Build + Test	2026-10-04T13:35:37.8528924Z 
build	Build + Test	2026-10-04T13:35:37.8541057Z > Task :vectors-cache-semantic-db:test
build	Build + Test	2026-10-04T13:35:38.0511806Z 
build	Build + Test	2026-10-04T13:35:38.0535054Z > Task :vectors-bench:compileTestJava
build	Build + Test	2026-10-04T13:35:38.0588216Z > Task :vectors-bench:testClasses
build	Build + Test	2026-10-04T13:35:38.3526614Z > Task :vectors-core:compileTestJava
build	Build + Test	2026-10-04T13:35:38.8571018Z > Task :vectors-cluster:compileTestJava
build	Build + Test	2026-10-04T13:35:38.8684815Z > Task :vectors-cluster:testClasses
build	Build + Test	2026-10-04T13:35:38.8748276Z > Task :vectors-cluster:spotbugsTest SKIPPED
build	Build + Test	2026-10-04T13:35:40.0492627Z > Task :vectors-bench:compileJmhJava
build	Build + Test	2026-10-04T13:35:40.0508084Z > Task :vectors-bench:jmhClasses
build	Build + Test	2026-10-04T13:35:40.8518167Z WARNING: Using incubator modules: jdk.incubator.vector
build	Build + Test	2026-10-04T13:35:40.8518705Z 
build	Build + Test	2026-10-04T13:35:40.8618122Z > Task :vectors-cluster:test
build	Build + Test	2026-10-04T13:35:43.0507558Z 
build	Build + Test	2026-10-04T13:35:43.0538214Z > Task :vectors-cache-semantic-db:test
build	Build + Test	2026-10-04T13:35:43.0627332Z 
build	Build + Test	2026-10-04T13:35:43.0682552Z VectorDbSemanticCacheTest > putAllDoesNotCommitWhenAdmissionRejectsEveryEntry() PASSED
build	Build + Test	2026-10-04T13:35:43.0747276Z 
build	Build + Test	2026-10-04T13:35:43.0798271Z VectorDbSemanticCacheTest > filtersInsideTheSearchRatherThanAfterIt() PASSED
build	Build + Test	2026-10-04T13:35:43.0868824Z 
build	Build + Test	2026-10-04T13:35:43.0928639Z VectorDbSemanticCacheTest > admissionPolicyDefaultsToAllowAll() PASSED
build	Build + Test	2026-10-04T13:35:43.0977585Z 
build	Build + Test	2026-10-04T13:35:43.1068306Z VectorDbSemanticCacheTest > putAndExactGetRoundTrip() PASSED
build	Build + Test	2026-10-04T13:35:43.1127616Z 
build	Build + Test	2026-10-04T13:35:43.1164096Z VectorDbSemanticCacheTest > anUnfilteredLookupStillSeesEntriesThatCarryAttributes() PASSED
build	Build + Test	2026-10-04T13:35:43.1247845Z 
build	Build + Test	2026-10-04T13:35:43.1308332Z VectorDbSemanticCacheTest > belowThresholdReturnsMiss() PASSED
build	Build + Test	2026-10-04T13:35:43.1387415Z 
build	Build + Test	2026-10-04T13:35:43.1431724Z VectorDbSemanticCacheTest > invalidateRemovesEntry() PASSED
build	Build + Test	2026-10-04T13:35:43.1517948Z 
build	Build + Test	2026-10-04T13:35:43.1568320Z VectorDbSemanticCacheTest > nearDuplicateLookupReturnsMatchAboveThreshold() PASSED
build	Build + Test	2026-10-04T13:35:43.1612246Z 
build	Build + Test	2026-10-04T13:35:43.1698362Z VectorDbSemanticCacheTest > invalidateAllClearsEverything() PASSED
build	Build + Test	2026-10-04T13:35:43.1787512Z 
build	Build + Test	2026-10-04T13:35:43.1848244Z VectorDbSemanticCacheTest > returnsSeveralNeighboursForTopK() PASSED
build	Build + Test	2026-10-04T13:35:43.1907746Z 
build	Build + Test	2026-10-04T13:35:43.1958710Z VectorDbSemanticCacheTest > reportsAMissWhenNoNeighbourSatisfiesTheFilter() PASSED
build	Build + Test	2026-10-04T13:35:43.2007404Z 
build	Build + Test	2026-10-04T13:35:43.2042207Z VectorDbSemanticCacheTest > storesAndReturnsEntryAttributes() PASSED
build	Build + Test	2026-10-04T13:35:43.2067414Z 
build	Build + Test	2026-10-04T13:35:43.2097556Z VectorDbSemanticCacheTest > statsTrackHitsAndMisses() PASSED
build	Build + Test	2026-10-04T13:35:43.2177573Z 
build	Build + Test	2026-10-04T13:35:43.2218112Z VectorDbSemanticCacheTest > lookupOnEmptyCacheReturnsMiss() PASSED
build	Build + Test	2026-10-04T13:35:43.2223675Z 
build	Build + Test	2026-10-04T13:35:43.2279323Z VectorDbSemanticCacheTest > putAllCommitsAcceptedEntriesOnce() PASSED
build	Build + Test	2026-10-04T13:35:43.2342320Z 
build	Build + Test	2026-10-04T13:35:43.2369715Z VectorDbSemanticCacheTest > AdmissionPolicyTests > putWithAdmissionPolicyRejectsRefusal() PASSED
build	Build + Test	2026-10-04T13:35:43.2398912Z 
build	Build + Test	2026-10-04T13:35:43.2429134Z VectorDbSemanticCacheTest > AdmissionPolicyTests > putWithAdmissionPolicyAcceptsNormalResponse() PASSED
build	Build + Test	2026-10-04T13:35:43.2457508Z 
build	Build + Test	2026-10-04T13:35:43.2508411Z VectorDbSemanticCacheTest > AdmissionPolicyTests > rejectionCountTrackedInStats() PASSED
build	Build + Test	2026-10-04T13:35:45.7507554Z 
build	Build + Test	2026-10-04T13:35:45.7578412Z > Task :vectors-cluster:test
build	Build + Test	2026-10-04T13:35:45.7711055Z 
build	Build + Test	2026-10-04T13:35:45.7772407Z ClusterPartialCommitRecoveryTest > midFanOutCommitFailurePropagatesAndRetrySucceeds() PASSED
build	Build + Test	2026-10-04T13:35:46.5539828Z 
build	Build + Test	2026-10-04T13:35:46.5556528Z ClusterVectorCollectionTest > filteredSearchSpansAllShards() PASSED
build	Build + Test	2026-10-04T13:35:46.6517595Z 
build	Build + Test	2026-10-04T13:35:46.6598567Z ClusterVectorCollectionTest > singleShardClusterPassesThroughToUnderlyingSearch() PASSED
build	Build + Test	2026-10-04T13:35:46.6667521Z 
build	Build + Test	2026-10-04T13:35:46.6748332Z ClusterVectorCollectionTest > rejectsHeterogeneousShards() PASSED
build	Build + Test	2026-10-04T13:35:46.7507365Z 
build	Build + Test	2026-10-04T13:35:46.7548401Z ClusterVectorCollectionTest > deleteWhereFansOutAcrossShards() PASSED
build	Build + Test	2026-10-04T13:35:46.7609067Z 
build	Build + Test	2026-10-04T13:35:46.7668210Z ClusterVectorCollectionTest > upsertReplacesOnOwningShard() PASSED
build	Build + Test	2026-10-04T13:35:47.0491842Z 
build	Build + Test	2026-10-04T13:35:47.0558681Z > Task :vectors-cluster:spotbugsMain
build	Build + Test	2026-10-04T13:35:47.0671536Z > Task :vectors-bench:spotbugsTest SKIPPED
build	Build + Test	2026-10-04T13:35:48.0510417Z 
build	Build + Test	2026-10-04T13:35:48.0558110Z > Task :vectors-cluster:test
build	Build + Test	2026-10-04T13:35:48.0657837Z 
build	Build + Test	2026-10-04T13:35:48.0691108Z ClusterVectorCollectionTest > shardsAreIndependentlyDurableAcrossReopen(Path) PASSED
build	Build + Test	2026-10-04T13:35:48.0777366Z 
build	Build + Test	2026-10-04T13:35:48.0890354Z ClusterVectorCollectionTest > searchMatchesSingleCollectionGroundTruth() PASSED
build	Build + Test	2026-10-04T13:35:48.0967423Z 
build	Build + Test	2026-10-04T13:35:48.1058524Z ClusterVectorCollectionTest > documentsArePartitionedAcrossShardsAndRetrievable() PASSED
build	Build + Test	2026-10-04T13:35:48.1125905Z 
build	Build + Test	2026-10-04T13:35:48.1208275Z ClusterVectorCollectionTest > deleteRoutesToOwningShardAndRemovesFromSearch() PASSED
build	Build + Test	2026-10-04T13:35:48.1272120Z 
build	Build + Test	2026-10-04T13:35:48.1350343Z ConsistentHashRouterTest > allKeysRouteWithinRange() PASSED
build	Build + Test	2026-10-04T13:35:48.1450367Z 
build	Build + Test	2026-10-04T13:35:48.1543563Z ConsistentHashRouterTest > rejectsInvalidArguments() PASSED
build	Build + Test	2026-10-04T13:35:48.1657463Z 
build	Build + Test	2026-10-04T13:35:48.1728247Z ConsistentHashRouterTest > routingIsDeterministicAcrossInstances() PASSED
build	Build + Test	2026-10-04T13:35:48.1792188Z 
build	Build + Test	2026-10-04T13:35:48.1898380Z ConsistentHashRouterTest > growingShardCountRemapsOnlyASmallFraction() PASSED
build	Build + Test	2026-10-04T13:35:48.1977299Z 
build	Build + Test	2026-10-04T13:35:48.1978181Z ConsistentHashRouterTest > distributionIsRoughlyBalanced() PASSED
build	Build + Test	2026-10-04T13:35:48.1978822Z 
build	Build + Test	2026-10-04T13:35:48.1979264Z ConsistentHashRouterTest > singleShardRoutesEverythingToZero() PASSED
build	Build + Test	2026-10-04T13:35:49.0528259Z WARNING: Using incubator modules: jdk.incubator.vector
build	Build + Test	2026-10-04T13:35:49.0528857Z 
build	Build + Test	2026-10-04T13:35:49.0597552Z > Task :vectors-bench:test
build	Build + Test	2026-10-04T13:35:49.7507268Z 
build	Build + Test	2026-10-04T13:35:49.7538410Z > Task :vectors-cache-semantic-db:jacocoTestCoverageVerification
build	Build + Test	2026-10-04T13:35:52.0527348Z 
build	Build + Test	2026-10-04T13:35:52.0618104Z > Task :vectors-bench:test
build	Build + Test	2026-10-04T13:35:52.0647341Z 
build	Build + Test	2026-10-04T13:35:52.0789229Z BigAnnLoader > published Cohere Wikipedia files > reads the 5,000 x 768 query set SKIPPED
build	Build + Test	2026-10-04T13:35:52.0894234Z 
build	Build + Test	2026-10-04T13:35:52.0995188Z BigAnnLoader > published Cohere Wikipedia files > reads the published ground truth as 5,000 x 100 ids SKIPPED
build	Build + Test	2026-10-04T13:35:52.7537367Z 
build	Build + Test	2026-10-04T13:35:52.7628226Z BigAnnLoader > synthetic files > rejectsTruncatedGroundTruthIds(Path) PASSED
build	Build + Test	2026-10-04T13:35:52.7629008Z 
build	Build + Test	2026-10-04T13:35:52.7718223Z BigAnnLoader > synthetic files > reads a prefix when given an explicit count PASSED
build	Build + Test	2026-10-04T13:35:52.7817364Z 
build	Build + Test	2026-10-04T13:35:52.7913346Z BigAnnLoader > synthetic files > fails loudly when the header disagrees with the file length PASSED
build	Build + Test	2026-10-04T13:35:52.8538961Z 
build	Build + Test	2026-10-04T13:35:52.8592649Z BigAnnLoader > synthetic files > round-trips a hand-written vector file PASSED
build	Build + Test	2026-10-04T13:35:52.8667328Z 
build	Build + Test	2026-10-04T13:35:52.8718324Z BigAnnLoader > synthetic files > rejectsTruncatedPrefixAndWrongDimension(Path) PASSED
build	Build + Test	2026-10-04T13:35:52.9507627Z 
build	Build + Test	2026-10-04T13:35:52.9625067Z CheckpointStoreTest > rowsWithDifferentSearchParamsAreTrackedIndependently(Path) PASSED
build	Build + Test	2026-10-04T13:35:53.0497290Z 
build	Build + Test	2026-10-04T13:35:53.0642588Z CheckpointStoreTest > markerFileSignalsCompletedBuildSweep(Path) PASSED
build	Build + Test	2026-10-04T13:35:53.0647282Z 
build	Build + Test	2026-10-04T13:35:53.0748249Z CheckpointStoreTest > markRowCompletedIsReflectedInIsRowCompleted(Path) PASSED
build	Build + Test	2026-10-04T13:35:53.0897820Z 
build	Build + Test	2026-10-04T13:35:53.0938310Z CheckpointStoreTest > csvParserHandlesQuotedFieldsContainingCommas(Path) PASSED
build	Build + Test	2026-10-04T13:35:53.1007320Z 
build	Build + Test	2026-10-04T13:35:53.1073176Z CheckpointStoreTest > appendedRowIsDetectedByFreshStore(Path) PASSED
build	Build + Test	2026-10-04T13:35:53.1157298Z 
build	Build + Test	2026-10-04T13:35:53.1289276Z CheckpointStoreTest > freshStoreReportsNothingCompleted(Path) PASSED
build	Build + Test	2026-10-04T13:35:54.2527354Z 
build	Build + Test	2026-10-04T13:35:54.2618527Z DefaultCollectionReplayBenchmarkTest > preservesNormalizedCosineConfiguration() PASSED
build	Build + Test	2026-10-04T13:35:55.4511512Z 
build	Build + Test	2026-10-04T13:35:55.4618460Z DefaultCollectionReplayBenchmarkTest > replaysCachedVectorsAndTextWithoutModifyingSource() PASSED
build	Build + Test	2026-10-04T13:35:57.4527316Z 
build	Build + Test	2026-10-04T13:35:57.4558564Z TieredIvfRecallQpsBenchmarkTest > recallIsMonotonicNonDecreasingInNprobe() PASSED
build	Build + Test	2026-10-04T13:35:58.0491429Z 
build	Build + Test	2026-10-04T13:35:58.0548673Z PairwiseMultiplyAddKernelsTest > signedShortPairsProduceIntSums() PASSED
build	Build + Test	2026-10-04T13:35:58.5496344Z 
build	Build + Test	2026-10-04T13:35:58.5528539Z PairwiseMultiplyAddKernelsTest > unsignedSignedBytePairsProduceSaturatedShortSums() PASSED
build	Build + Test	2026-10-04T13:35:59.1527363Z 
build	Build + Test	2026-10-04T13:35:59.1588493Z PairwiseMultiplyAddKernelsTest > signedShortPairsProduceIntSumsAt256Bits() PASSED
build	Build + Test	2026-10-04T13:36:00.0517396Z 
build	Build + Test	2026-10-04T13:36:00.0608396Z PairwiseMultiplyAddKernelsTest > unsignedSignedBytePairsProduceSaturatedShortSumsAt256Bits() PASSED
build	Build + Test	2026-10-04T13:36:00.2527282Z 
build	Build + Test	2026-10-04T13:36:00.2578489Z Q8TiledMatmulKernelsTest > everyTwoDimensionalTileMatchesTheProductionKernelIncludingTails() PASSED
build	Build + Test	2026-10-04T13:36:00.7517272Z 
build	Build + Test	2026-10-04T13:36:00.7548831Z SignedByteDotProductKernelsTest > currentAndPairwiseKernelsMatchScalarAcrossRandomSignedByteBlocks() PASSED
build	Build + Test	2026-10-04T13:36:00.8501060Z 
build	Build + Test	2026-10-04T13:36:00.8538192Z PreparedQ8WeightsTest > preparedWeightsMatchTheInterleavedVectorUtilKernel() PASSED
build	Build + Test	2026-10-04T13:36:01.1514985Z 
build	Build + Test	2026-10-04T13:36:01.1618139Z > Task :vectors-cache-semantic-db:spotbugsTest SKIPPED
build	Build + Test	2026-10-04T13:36:01.1707790Z > Task :vectors-cluster:check
build	Build + Test	2026-10-04T13:36:01.1742582Z > Task :vectors-cluster:build
build	Build + Test	2026-10-04T13:36:01.1857895Z > Task :vectors-core:processTestResources
build	Build + Test	2026-10-04T13:36:01.1958180Z > Task :vectors-core:testClasses
build	Build + Test	2026-10-04T13:36:02.9508316Z > Task :vectors-cache-semantic-db:spotbugsMain
build	Build + Test	2026-10-04T13:36:02.9547810Z > Task :vectors-cache-semantic-db:check
build	Build + Test	2026-10-04T13:36:02.9602788Z > Task :vectors-cache-semantic-db:build
build	Build + Test	2026-10-04T13:36:03.1508284Z WARNING: Using incubator modules: jdk.incubator.vector
build	Build + Test	2026-10-04T13:36:03.1508961Z 
build	Build + Test	2026-10-04T13:36:03.1578142Z > Task :vectors-core:test
build	Build + Test	2026-10-04T13:36:08.1518120Z The following classes needed for analysis were missing:
build	Build + Test	2026-10-04T13:36:08.1578377Z   com.integrallis.vectors.bench.jvm.Q8TiledMatmulKernels
build	Build + Test	2026-10-04T13:36:08.1579059Z 
build	Build + Test	2026-10-04T13:36:08.1617948Z > Task :vectors-bench:spotbugsJmh
build	Build + Test	2026-10-04T13:36:08.1648089Z   com.integrallis.vectors.bench.jvm.Q8TiledMatmulKernels$Workspace
build	Build + Test	2026-10-04T13:36:08.1649105Z   com.integrallis.vectors.bench.jvm.PairwiseMultiplyAddKernels
build	Build + Test	2026-10-04T13:36:08.1650049Z   com.integrallis.vectors.bench.jvm.SignedByteDotProductKernels
build	Build + Test	2026-10-04T13:36:08.1650962Z   com.integrallis.vectors.bench.q8.PreparedQ8Weights
build	Build + Test	2026-10-04T13:36:08.1651899Z warning: [incubating] using incubating module(s): jdk.incubator.vector
build	Build + Test	2026-10-04T13:36:08.1652881Z warning: [incubating] using incubating module(s): jdk.incubator.vector
build	Build + Test	2026-10-04T13:36:08.1653583Z 
build	Build + Test	2026-10-04T13:36:08.1768040Z > Task :vectors-db-arrow:compileJava NO-SOURCE
build	Build + Test	2026-10-04T13:36:08.1797851Z > Task :vectors-db-arrow:classes UP-TO-DATE
build	Build + Test	2026-10-04T13:36:08.1887692Z 
build	Build + Test	2026-10-04T13:36:08.1927174Z > Task :vectors-db:javadoc
build	Build + Test	2026-10-04T13:36:08.2515322Z 
build	Build + Test	2026-10-04T13:36:08.2547937Z > Task :vectors-db-arrow:jar
build	Build + Test	2026-10-04T13:36:08.2698337Z > Task :vectors-db-arrow:javadoc NO-SOURCE
build	Build + Test	2026-10-04T13:36:08.2748001Z > Task :vectors-db-arrow:javadocJar
build	Build + Test	2026-10-04T13:36:08.2868202Z > Task :vectors-db-arrow:assemble
build	Build + Test	2026-10-04T13:36:08.2938156Z > Task :vectors-db-arrow:compileTestJava NO-SOURCE
build	Build + Test	2026-10-04T13:36:08.3047279Z > Task :vectors-db-arrow:testClasses UP-TO-DATE
build	Build + Test	2026-10-04T13:36:08.3108013Z > Task :vectors-db-arrow:test NO-SOURCE
build	Build + Test	2026-10-04T13:36:08.3218174Z > Task :vectors-db-arrow:jacocoTestCoverageVerification SKIPPED
build	Build + Test	2026-10-04T13:36:08.3517876Z > Task :vectors-db-arrow:spotbugsMain NO-SOURCE
build	Build + Test	2026-10-04T13:36:08.3608004Z > Task :vectors-db-arrow:spotbugsTest SKIPPED
build	Build + Test	2026-10-04T13:36:08.3668014Z > Task :vectors-db-arrow:check UP-TO-DATE
build	Build + Test	2026-10-04T13:36:08.3760697Z > Task :vectors-db-arrow:build
build	Build + Test	2026-10-04T13:36:08.3887967Z > Task :vectors-db-jackson:check
build	Build + Test	2026-10-04T13:36:08.3948017Z > Task :vectors-db-jackson:build
build	Build + Test	2026-10-04T13:36:09.2502900Z 
build	Build + Test	2026-10-04T13:36:09.2567970Z > Task :vectors-core:test
build	Build + Test	2026-10-04T13:36:09.2597336Z 
build	Build + Test	2026-10-04T13:36:09.2598223Z BFloat16MatrixTest > multipliesKnownBfloat16BitPatternsWithFloatAccumulation() PASSED
build	Build + Test	2026-10-04T13:36:09.3497358Z 
build	Build + Test	2026-10-04T13:36:09.3620509Z BFloat16MatrixTest > readsFromMappedStorage(Path) PASSED
build	Build + Test	2026-10-04T13:36:09.4517379Z 
build	Build + Test	2026-10-04T13:36:09.4548337Z BFloat16MatrixTest > multipliesLargeRowCountsWithSequentialMemoryAccess() PASSED
build	Build + Test	2026-10-04T13:36:09.4587482Z 
build	Build + Test	2026-10-04T13:36:09.4670213Z BFloat16MatrixTest > multipliesBatchMajorActivationsIntoAnOffsetOutputRegion() PASSED
build	Build + Test	2026-10-04T13:36:09.4727653Z 
build	Build + Test	2026-10-04T13:36:09.4778568Z BFloat16MatrixTest > slicesRowsWithoutCopyingAndReadsIndividualValues() PASSED
build	Build + Test	2026-10-04T13:36:10.9507253Z 
build	Build + Test	2026-10-04T13:36:10.9585059Z BFloat16MatrixTest > sharedLargeBatchMatchesIndependentMatrixVectorProductsExactly() PASSED
build	Build + Test	2026-10-04T13:36:10.9717381Z 
build	Build + Test	2026-10-04T13:36:10.9748420Z BFloat16MatrixTest > rejectsBadGeometryStorageAndInvocation() PASSED
build	Build + Test	2026-10-04T13:36:10.9807319Z 
build	Build + Test	2026-10-04T13:36:10.9838249Z BFloat16MatrixTest > multipliesCompleteVectorBlocksAndScalarTail() PASSED
build	Build + Test	2026-10-04T13:36:10.9917507Z 
build	Build + Test	2026-10-04T13:36:10.9998191Z BFloat16MatrixTest > preservesSubnormalAndRoundedReferenceValues() PASSED
build	Build + Test	2026-10-04T13:36:11.0492798Z 
build	Build + Test	2026-10-04T13:36:11.0578439Z CoreValueTypesTest > documentFactoriesAndMetadataValuesPreserveTheirContracts() PASSED
build	Build + Test	2026-10-04T13:36:11.1512235Z 
build	Build + Test	2026-10-04T13:36:11.1628426Z CoreValueTypesTest > filterFactoriesBuildTheFullTypedAst() PASSED
build	Build + Test	2026-10-04T13:36:11.1777618Z 
build	Build + Test	2026-10-04T13:36:11.1838465Z CoreValueTypesTest > filterNodesRejectInvalidStructureAndCopyLists() PASSED
build	Build + Test	2026-10-04T13:36:13.0517361Z 
build	Build + Test	2026-10-04T13:36:13.0561109Z > Task :vectors-bench:spotbugsMain
build	Build + Test	2026-10-04T13:36:15.8512148Z warning: [incubating] using incubating module(s): jdk.incubator.vector
build	Build + Test	2026-10-04T13:36:15.8512840Z 
build	Build + Test	2026-10-04T13:36:15.8559280Z warning: [incubating] using incubating module(s): jdk.incubator.vector
build	Build + Test	2026-10-04T13:36:15.8560209Z > Task :vectors-distributed:javadoc
build	Build + Test	2026-10-04T13:36:15.8648015Z 2 warnings
build	Build + Test	2026-10-04T13:36:15.8648422Z 
build	Build + Test	2026-10-04T13:36:15.8682269Z > Task :vectors-core:test
build	Build + Test	2026-10-04T13:36:15.8716195Z 
build	Build + Test	2026-10-04T13:36:15.8775037Z CosineAllocationTest > compiledCosinePreservesStartingRevisionBitsAtVectorBoundariesAndTails() PASSED
build	Build + Test	2026-10-04T13:36:16.1500933Z 2 warnings
build	Build + Test	2026-10-04T13:36:16.1501806Z 
build	Build + Test	2026-10-04T13:36:16.1502241Z > Task :vectors-bench:check
build	Build + Test	2026-10-04T13:36:16.1527843Z > Task :vectors-bench:build
build	Build + Test	2026-10-04T13:36:16.1557360Z 
build	Build + Test	2026-10-04T13:36:16.1577717Z > Task :vectors-db:javadoc
build	Build + Test	2026-10-04T13:36:16.2493487Z 
build	Build + Test	2026-10-04T13:36:16.2494340Z > Task :vectors-distributed:javadocJar
build	Build + Test	2026-10-04T13:36:16.2495268Z > Task :vectors-distributed:assemble
build	Build + Test	2026-10-04T13:36:16.3492363Z > Task :vectors-gpu:compileTestJava
build	Build + Test	2026-10-04T13:36:16.8494154Z > Task :vectors-db:javadocJar
build	Build + Test	2026-10-04T13:36:16.8516440Z > Task :vectors-db:assemble
build	Build + Test	2026-10-04T13:36:17.0493200Z > Task :vectors-distributed:compileTestJava
build	Build + Test	2026-10-04T13:36:17.0547981Z > Task :vectors-distributed:testClasses
build	Build + Test	2026-10-04T13:36:17.0559398Z > Task :vectors-distributed:spotbugsTest SKIPPED
build	Build + Test	2026-10-04T13:36:17.9492192Z 
build	Build + Test	2026-10-04T13:36:17.9493479Z > Task :vectors-core:test
build	Build + Test	2026-10-04T13:36:17.9537375Z 
build	Build + Test	2026-10-04T13:36:17.9555011Z CosineAllocationTest > warmedCosineDoesNotAllocateATemporaryArrayPerPair() PASSED
build	Build + Test	2026-10-04T13:36:24.4497983Z WARNING: Using incubator modules: jdk.incubator.vector
build	Build + Test	2026-10-04T13:36:24.4498569Z 
build	Build + Test	2026-10-04T13:36:24.4574824Z > Task :vectors-distributed:test
build	Build + Test	2026-10-04T13:36:24.4637568Z 
build	Build + Test	2026-10-04T13:36:24.4689017Z DistributedAggregateFaultToleranceTest > oneNodeThrows_failsFastWithPartialSignal() PASSED
build	Build + Test	2026-10-04T13:36:24.4745049Z 
build	Build + Test	2026-10-04T13:36:24.4758519Z DistributedAggregateFaultToleranceTest > slowNode_isBoundedByTimeout() PASSED
build	Build + Test	2026-10-04T13:36:24.4797712Z 
build	Build + Test	2026-10-04T13:36:24.4858601Z DistributedAggregateFaultToleranceTest > allNodesHealthy_returnsExactSum() PASSED
build	Build + Test	2026-10-04T13:36:24.4887479Z 
build	Build + Test	2026-10-04T13:36:24.4940665Z DistributedVectorCollectionTest > gossipMembership_joinAndLeaveEvents() PASSED
build	Build + Test	2026-10-04T13:36:24.4997452Z 
build	Build + Test	2026-10-04T13:36:24.5028244Z DistributedVectorCollectionTest > singleNodePassthrough() PASSED
build	Build + Test	2026-10-04T13:36:24.5057596Z 
build	Build + Test	2026-10-04T13:36:24.5118527Z DistributedVectorCollectionTest > buoyIndexGossip_idempotentAnnouncement() PASSED
build	Build + Test	2026-10-04T13:36:24.5164049Z 
build	Build + Test	2026-10-04T13:36:24.5208519Z DistributedVectorCollectionTest > nodeFailureReturnsPartialResults() PASSED
build	Build + Test	2026-10-04T13:36:24.5237559Z 
build	Build + Test	2026-10-04T13:36:24.5288274Z DistributedVectorCollectionTest > addSearchConsistency_3nodes() PASSED
build	Build + Test	2026-10-04T13:36:24.5347691Z 
build	Build + Test	2026-10-04T13:36:24.5378420Z DistributedVectorCollectionTest > filteredSearchHonorsFilterAcrossNodes() PASSED
build	Build + Test	2026-10-04T13:36:24.5437509Z 
build	Build + Test	2026-10-04T13:36:24.5462596Z DistributedVectorCollectionTest > authenticatedNodeCallsUseConfiguredBearerToken() PASSED
build	Build + Test	2026-10-04T13:36:24.5518248Z 
build	Build + Test	2026-10-04T13:36:24.5548656Z DistributedVectorCollectionTest > wrongNodeBearerTokenIsRejectedByDistributedClients() PASSED
build	Build + Test	2026-10-04T13:36:24.5607524Z 
build	Build + Test	2026-10-04T13:36:24.5638327Z DistributedVectorCollectionTest > buoyIndexGossip_rejectsStaleGeneration() PASSED
build	Build + Test	2026-10-04T13:36:24.5687513Z 
build	Build + Test	2026-10-04T13:36:24.5718388Z DistributedVectorCollectionTest > buoyIndexGossipConverges() PASSED
build	Build + Test	2026-10-04T13:36:24.5764442Z 
build	Build + Test	2026-10-04T13:36:24.5805662Z DistributedVectorCollectionTest > deletePropagatesToSearchResults() PASSED
build	Build + Test	2026-10-04T13:36:24.5865494Z 
build	Build + Test	2026-10-04T13:36:24.5918256Z ScatterGatherExecutorTest > singleNodeClusterWorksAsPassthrough() PASSED
build	Build + Test	2026-10-04T13:36:24.5947756Z 
build	Build + Test	2026-10-04T13:36:24.6008177Z ScatterGatherExecutorTest > allNodesTimeOutReturnsEmpty() PASSED
build	Build + Test	2026-10-04T13:36:24.6067052Z 
build	Build + Test	2026-10-04T13:36:24.6118143Z ScatterGatherExecutorTest > partialTimeoutReturnsPartialResults() PASSED
build	Build + Test	2026-10-04T13:36:24.6197493Z 
build	Build + Test	2026-10-04T13:36:24.6248124Z ScatterGatherExecutorTest > scatterGatherAcross3Nodes_returnsTopK() PASSED
build	Build + Test	2026-10-04T13:36:24.6352679Z 
build	Build + Test	2026-10-04T13:36:24.6358305Z TestDistributedClusterFactoryTest > ScatterGatherSearch > searchAcrossNodesReturnsResults() PASSED
build	Build + Test	2026-10-04T13:36:24.6437286Z 
build	Build + Test	2026-10-04T13:36:24.6497945Z TestDistributedClusterFactoryTest > ClusterCreation > fiveNodeClusterWorks() PASSED
build	Build + Test	2026-10-04T13:36:24.6567239Z 
build	Build + Test	2026-10-04T13:36:24.6618321Z TestDistributedClusterFactoryTest > ClusterCreation > createsClusterWithCorrectNodeCount() PASSED
build	Build + Test	2026-10-04T13:36:24.6678276Z 
build	Build + Test	2026-10-04T13:36:24.6758163Z TestDistributedClusterFactoryTest > ClusterCreation > singleNodeClusterWorks() PASSED
build	Build + Test	2026-10-04T13:36:24.6827293Z 
build	Build + Test	2026-10-04T13:36:24.6898290Z TopKMergerTest > mergeDeduplicatesByHighestScoreAndSortsDescending() PASSED
build	Build + Test	2026-10-04T13:36:24.6932382Z 
build	Build + Test	2026-10-04T13:36:24.6975774Z TopKMergerTest > mergeWithNonPositiveKReturnsEmpty() PASSED
build	Build + Test	2026-10-04T13:36:24.7007119Z 
build	Build + Test	2026-10-04T13:36:24.7034977Z TopKMergerTest > mergeWithMaxIntegerKDoesNotOverflowHeapCapacity() PASSED
build	Build + Test	2026-10-04T13:36:24.7112246Z 
build	Build + Test	2026-10-04T13:36:24.7217952Z > Task :vectors-gpu:testClasses
build	Build + Test	2026-10-04T13:36:24.7253942Z > Task :vectors-gpu:spotbugsTest SKIPPED
build	Build + Test	2026-10-04T13:36:24.7508107Z > Task :vectors-db:compileTestJava
build	Build + Test	2026-10-04T13:36:24.7617897Z > Task :vectors-db:testClasses
build	Build + Test	2026-10-04T13:36:25.3492892Z 
build	Build + Test	2026-10-04T13:36:25.3548055Z > Task :vectors-core:test
build	Build + Test	2026-10-04T13:36:25.3567316Z 
build	Build + Test	2026-10-04T13:36:25.3588409Z CosineAllocationTest > interpretedCosinePreservesStartingRevisionBitsAtVectorBoundariesAndTails() PASSED
build	Build + Test	2026-10-04T13:36:25.3637506Z 
build	Build + Test	2026-10-04T13:36:25.3669063Z DocumentsTest > andAppendsPrebuiltDocuments() PASSED
build	Build + Test	2026-10-04T13:36:25.3737567Z 
build	Build + Test	2026-10-04T13:36:25.3745927Z DocumentsTest > emptyFactoryThenAdds() PASSED
build	Build + Test	2026-10-04T13:36:25.3807556Z 
build	Build + Test	2026-10-04T13:36:25.3816444Z DocumentsTest > iteratesInInsertionOrder() PASSED
build	Build + Test	2026-10-04T13:36:25.3871050Z 
build	Build + Test	2026-10-04T13:36:25.3897883Z DocumentsTest > isAListOfDocument() PASSED
build	Build + Test	2026-10-04T13:36:25.3927283Z 
build	Build + Test	2026-10-04T13:36:25.3942173Z DocumentsTest > varargsFactoryWrapsExistingDocuments() PASSED
build	Build + Test	2026-10-04T13:36:25.3992510Z 
build	Build + Test	2026-10-04T13:36:25.4048511Z DocumentsTest > seedFactoryThenFluentAddsBuildInOrder() PASSED
build	Build + Test	2026-10-04T13:36:25.4084350Z 
build	Build + Test	2026-10-04T13:36:25.4128212Z EmbeddingProvenanceTest > a bare vector is allowed and simply carries no provenance PASSED
build	Build + Test	2026-10-04T13:36:25.4167492Z 
build	Build + Test	2026-10-04T13:36:25.4538660Z EmbeddingProvenanceTest > staleness is decidable: changed content stops matching PASSED
build	Build + Test	2026-10-04T13:36:25.4599587Z 
build	Build + Test	2026-10-04T13:36:25.4601288Z EmbeddingProvenanceTest > a recipe accepts a document that carries provenance, by text or by hash PASSED
build	Build + Test	2026-10-04T13:36:25.4602287Z 
build	Build + Test	2026-10-04T13:36:25.4602908Z EmbeddingProvenanceTest > length prefixing stops adjacent fields colliding PASSED
build	Build + Test	2026-10-04T13:36:25.4603705Z 
build	Build + Test	2026-10-04T13:36:25.4604548Z EmbeddingProvenanceTest > attestation distinguishes a verifiable model from one we were merely told about PASSED
build	Build + Test	2026-10-04T13:36:25.4636422Z 
build	Build + Test	2026-10-04T13:36:25.4637905Z EmbeddingProvenanceTest > recipeHash is stable across map ordering, so it can be compared across versions PASSED
build	Build + Test	2026-10-04T13:36:25.4639027Z 
build	Build + Test	2026-10-04T13:36:25.4639876Z EmbeddingProvenanceTest > the recipe's prefixes are asymmetric, which is the point of holding them centrally PASSED
build	Build + Test	2026-10-04T13:36:25.4640998Z 
build	Build + Test	2026-10-04T13:36:25.4641702Z EmbeddingProvenanceTest > every component that changes the vector changes the recipe hash PASSED
build	Build + Test	2026-10-04T13:36:25.4642605Z 
build	Build + Test	2026-10-04T13:36:25.4643227Z EmbeddingProvenanceTest > a malformed supplied hash is rejected, not stored PASSED
build	Build + Test	2026-10-04T13:36:25.4644064Z 
build	Build + Test	2026-10-04T13:36:25.4644969Z EmbeddingProvenanceTest > a recipe refuses a document with no provenance, and says why PASSED
build	Build + Test	2026-10-04T13:36:25.4646234Z 
build	Build + Test	2026-10-04T13:36:25.4647223Z EmbeddingProvenanceTest > a document always has a hash, derived from its text when one is given PASSED
build	Build + Test	2026-10-04T13:36:25.5547703Z 
build	Build + Test	2026-10-04T13:36:25.5567225Z EmbeddingProvenanceTest > source may be omitted deliberately, in which case the hash carries the provenance PASSED
build	Build + Test	2026-10-04T13:36:27.1517292Z 
build	Build + Test	2026-10-04T13:36:27.1588734Z F32ExecutionMatrixColdHotTest > ownedF32ExecutionIsBitIdenticalBeforeAndAfterCompilationAt128Bits() PASSED
build	Build + Test	2026-10-04T13:36:28.7497351Z 
build	Build + Test	2026-10-04T13:36:28.7553962Z F32ExecutionMatrixColdHotTest > ownedF32ExecutionIsBitIdenticalBeforeAndAfterCompilationAt256Bits() PASSED
build	Build + Test	2026-10-04T13:36:29.1498428Z WARNING: A restricted method in java.lang.foreign.SymbolLookup has been called
build	Build + Test	2026-10-04T13:36:29.1511962Z 
build	Build + Test	2026-10-04T13:36:29.1519456Z WARNING: java.lang.foreign.SymbolLookup::libraryLookup has been called by com.nvidia.cuvs.internal.common.NativeLibraryUtils in an unnamed module (file:/home/runner/.gradle/caches/modules-2/files-2.1/com.nvidia.cuvs/cuvs-java/25.10.0/885ad074984741128c7cc723851e790711f91a6e/cuvs-java-25.10.0.jar)
build	Build + Test	2026-10-04T13:36:29.1545816Z 
build	Build + Test	2026-10-04T13:36:29.1567318Z WARNING: Use --enable-native-access=ALL-UNNAMED to avoid a warning for callers in this module
build	Build + Test	2026-10-04T13:36:29.1568257Z > Task :vectors-gpu:test
build	Build + Test	2026-10-04T13:36:29.1609357Z WARNING: Restricted methods will be blocked in a future release unless native access is enabled
build	Build + Test	2026-10-04T13:36:29.1637667Z 
build	Build + Test	2026-10-04T13:36:29.1639005Z WARNING: Using incubator modules: jdk.incubator.vector
build	Build + Test	2026-10-04T13:36:29.8547307Z 
build	Build + Test	2026-10-04T13:36:29.8638570Z GpuDetectionTest > gpuProvider_exposesSameAvailabilityAsBackend() PASSED
build	Build + Test	2026-10-04T13:36:29.9497617Z WARNING: Using incubator modules: jdk.incubator.vector
build	Build + Test	2026-10-04T13:36:29.9498162Z 
build	Build + Test	2026-10-04T13:36:29.9527946Z GpuDetectionTest > availabilityFactoryMethods_roundTrip() PASSED
build	Build + Test	2026-10-04T13:36:29.9557354Z 
build	Build + Test	2026-10-04T13:36:29.9618385Z GpuDetectionTest > cuvsBackend_reportsUnavailable_whenNativeLibraryMissing() PASSED
build	Build + Test	2026-10-04T13:36:29.9677275Z 
build	Build + Test	2026-10-04T13:36:29.9738196Z GpuProviderTest > resolveReturnsUnavailableWhenNoBackendMatches() PASSED
build	Build + Test	2026-10-04T13:36:29.9767178Z 
build	Build + Test	2026-10-04T13:36:29.9888041Z > Task :vectors-distributed:spotbugsMain
build	Build + Test	2026-10-04T13:36:29.9957949Z > Task :vectors-distributed:check
build	Build + Test	2026-10-04T13:36:30.0007850Z > Task :vectors-distributed:build
build	Build + Test	2026-10-04T13:36:30.0067725Z 
build	Build + Test	2026-10-04T13:36:30.0129030Z > Task :vectors-db:test
build	Build + Test	2026-10-04T13:36:30.3492223Z 
build	Build + Test	2026-10-04T13:36:30.3584871Z > Task :vectors-gpu:test
build	Build + Test	2026-10-04T13:36:30.3657426Z 
build	Build + Test	2026-10-04T13:36:30.3718412Z GpuProviderTest > resolveReturnsSelectedBackendWithoutSecondDetectCall() PASSED
build	Build + Test	2026-10-04T13:36:30.3757270Z 
build	Build + Test	2026-10-04T13:36:30.3810147Z > Task :vectors-gpu:check
build	Build + Test	2026-10-04T13:36:30.3852170Z > Task :vectors-gpu:build
build	Build + Test	2026-10-04T13:36:30.6503019Z > Task :vectors-hybrid:compileJava
build	Build + Test	2026-10-04T13:36:30.6567893Z > Task :vectors-hybrid:classes
build	Build + Test	2026-10-04T13:36:30.6598394Z > Task :vectors-hybrid:jar
build	Build + Test	2026-10-04T13:36:30.7547934Z 
build	Build + Test	2026-10-04T13:36:30.7608083Z > Task :vectors-core:test
build	Build + Test	2026-10-04T13:36:30.7608541Z 
build	Build + Test	2026-10-04T13:36:30.7728576Z F32ExecutionMatrixColdHotTest > ownedF32ExecutionIsBitIdenticalBeforeAndAfterCompilationAt64Bits() PASSED
build	Build + Test	2026-10-04T13:36:30.7757241Z 
build	Build + Test	2026-10-04T13:36:30.7788405Z F32ExecutionMatrixTest > ownsLittleEndianF32WeightsCopiedFromForeignMemory() PASSED
build	Build + Test	2026-10-04T13:36:30.7835014Z 
build	Build + Test	2026-10-04T13:36:30.7847691Z F32ExecutionMatrixTest > rejectsInvalidGeometryAndStorage() PASSED
build	Build + Test	2026-10-04T13:36:30.7848669Z 
build	Build + Test	2026-10-04T13:36:30.7849502Z F32ExecutionMatrixTest > ownsAndMultipliesARowMajorExecutionCopyForBatchAndRowTails() PASSED
build	Build + Test	2026-10-04T13:36:30.7850495Z 
build	Build + Test	2026-10-04T13:36:30.7868531Z FusedSimilaritySegmentTest > validatesArguments(SimilarityFunction) > [1] sim=EUCLIDEAN PASSED
build	Build + Test	2026-10-04T13:36:30.7897276Z 
build	Build + Test	2026-10-04T13:36:30.7918436Z FusedSimilaritySegmentTest > validatesArguments(SimilarityFunction) > [2] sim=DOT_PRODUCT PASSED
build	Build + Test	2026-10-04T13:36:30.7919550Z 
build	Build + Test	2026-10-04T13:36:30.7920312Z FusedSimilaritySegmentTest > validatesArguments(SimilarityFunction) > [3] sim=COSINE PASSED
build	Build + Test	2026-10-04T13:36:30.7921374Z 
build	Build + Test	2026-10-04T13:36:30.7922544Z FusedSimilaritySegmentTest > validatesArguments(SimilarityFunction) > [4] sim=MAXIMUM_INNER_PRODUCT PASSED
build	Build + Test	2026-10-04T13:36:30.7923881Z 
build	Build + Test	2026-10-04T13:36:30.7925256Z FusedSimilaritySegmentTest > bulkCompareSegments_matchesFloatArrayAndScalar(SimilarityFunction) > [1] sim=EUCLIDEAN PASSED
build	Build + Test	2026-10-04T13:36:30.7959006Z 
build	Build + Test	2026-10-04T13:36:30.7978195Z FusedSimilaritySegmentTest > bulkCompareSegments_matchesFloatArrayAndScalar(SimilarityFunction) > [2] sim=DOT_PRODUCT PASSED
build	Build + Test	2026-10-04T13:36:30.8000898Z 
build	Build + Test	2026-10-04T13:36:30.8002040Z FusedSimilaritySegmentTest > bulkCompareSegments_matchesFloatArrayAndScalar(SimilarityFunction) > [3] sim=COSINE PASSED
build	Build + Test	2026-10-04T13:36:30.8003257Z 
build	Build + Test	2026-10-04T13:36:30.8004350Z FusedSimilaritySegmentTest > bulkCompareSegments_matchesFloatArrayAndScalar(SimilarityFunction) > [4] sim=MAXIMUM_INNER_PRODUCT PASSED
build	Build + Test	2026-10-04T13:36:30.8005668Z 
build	Build + Test	2026-10-04T13:36:30.8006419Z FusedSimilaritySegmentTest > zeroCount_isNoOp(SimilarityFunction) > [1] sim=EUCLIDEAN PASSED
build	Build + Test	2026-10-04T13:36:30.8040692Z 
build	Build + Test	2026-10-04T13:36:30.8080352Z FusedSimilaritySegmentTest > zeroCount_isNoOp(SimilarityFunction) > [2] sim=DOT_PRODUCT PASSED
build	Build + Test	2026-10-04T13:36:30.8091790Z 
build	Build + Test	2026-10-04T13:36:30.8110221Z FusedSimilaritySegmentTest > zeroCount_isNoOp(SimilarityFunction) > [3] sim=COSINE PASSED
build	Build + Test	2026-10-04T13:36:30.8138657Z 
build	Build + Test	2026-10-04T13:36:30.8168362Z FusedSimilaritySegmentTest > zeroCount_isNoOp(SimilarityFunction) > [4] sim=MAXIMUM_INNER_PRODUCT PASSED
build	Build + Test	2026-10-04T13:36:30.8192974Z 
build	Build + Test	2026-10-04T13:36:30.8195439Z FusedSimilarityTest > everySimilarityMatchesItsScalarComparison() PASSED
build	Build + Test	2026-10-04T13:36:30.8196303Z 
build	Build + Test	2026-10-04T13:36:30.8196715Z FusedSimilarityTest > zeroCountIsAllowed() PASSED
build	Build + Test	2026-10-04T13:36:30.8197729Z 
build	Build + Test	2026-10-04T13:36:30.8198261Z FusedSimilarityTest > validatesEveryInputBoundary() PASSED
build	Build + Test	2026-10-04T13:36:30.9537448Z 
build	Build + Test	2026-10-04T13:36:30.9568261Z GgufBandGemmTest > defaultEntryPointRunsTheReportedKernel() PASSED
build	Build + Test	2026-10-04T13:36:30.9597205Z 
build	Build + Test	2026-10-04T13:36:30.9648067Z GgufBandGemmTest > rejectsUnknownKernelNames() PASSED
build	Build + Test	2026-10-04T13:36:36.6491674Z 
build	Build + Test	2026-10-04T13:36:36.6518013Z warning: [incubating] using incubating module(s): jdk.incubator.vector
build	Build + Test	2026-10-04T13:36:36.6519414Z GgufBandGemmTest > propertySelectsBandAndCapabilitiesReportItInAFreshJvm(int, String) > maxBits=256 tile=4x4 PASSED
build	Build + Test	2026-10-04T13:36:36.6522037Z 
build	Build + Test	2026-10-04T13:36:36.6547648Z warning: [incubating] using incubating module(s): jdk.incubator.vector
build	Build + Test	2026-10-04T13:36:36.6548703Z > Task :vectors-hybrid:javadoc
build	Build + Test	2026-10-04T13:36:36.6575637Z 
build	Build + Test	2026-10-04T13:36:36.6577559Z 2 warnings
build	Build + Test	2026-10-04T13:36:36.6607773Z > Task :vectors-db:test
build	Build + Test	2026-10-04T13:36:36.6627118Z 
build	Build + Test	2026-10-04T13:36:36.6668004Z AppendToDecodedGraphTest > appendingToADecodedGraphIsAsGoodAsAppendingToTheOriginal() PASSED
build	Build + Test	2026-10-04T13:36:36.7497729Z 
build	Build + Test	2026-10-04T13:36:36.7568943Z AsyncBatchIngestorTest > directSubmitBatchesAndCommitsAll() PASSED
build	Build + Test	2026-10-04T13:36:36.7602066Z 
build	Build + Test	2026-10-04T13:36:36.7641451Z AsyncBatchIngestorTest > failedAddCompletesExceptionally() PASSED
build	Build + Test	2026-10-04T13:36:36.8491779Z 
build	Build + Test	2026-10-04T13:36:36.8492721Z warning: [incubating] using incubating module(s): jdk.incubator.vector
build	Build + Test	2026-10-04T13:36:36.8508112Z warning: [incubating] using incubating module(s): jdk.incubator.vector
build	Build + Test	2026-10-04T13:36:36.8537873Z 2 warnings
build	Build + Test	2026-10-04T13:36:36.8547623Z > Task :vectors-hnsw:javadoc
build	Build + Test	2026-10-04T13:36:37.1547490Z 
build	Build + Test	2026-10-04T13:36:37.1589387Z > Task :vectors-hnsw:javadocJar
build	Build + Test	2026-10-04T13:36:37.1728804Z > Task :vectors-hnsw:assemble
build	Build + Test	2026-10-04T13:36:37.2507908Z > Task :vectors-hybrid:javadocJar
build	Build + Test	2026-10-04T13:36:37.2508689Z > Task :vectors-hybrid:assemble
build	Build + Test	2026-10-04T13:36:37.5498595Z > Task :vectors-hybrid:compileTestJava
build	Build + Test	2026-10-04T13:36:37.5588150Z > Task :vectors-hybrid:testClasses
build	Build + Test	2026-10-04T13:36:38.4568302Z > Task :vectors-hnsw:compileTestJava
build	Build + Test	2026-10-04T13:36:38.5494927Z > Task :vectors-hnsw:testClasses
build	Build + Test	2026-10-04T13:36:38.7547482Z 
build	Build + Test	2026-10-04T13:36:38.7589329Z > Task :vectors-db:test
build	Build + Test	2026-10-04T13:36:38.7669304Z 
build	Build + Test	2026-10-04T13:36:38.7703219Z AsyncBatchIngestorTest > persistentTokenCarriesGenerationNumber(Path) PASSED
build	Build + Test	2026-10-04T13:36:38.7767492Z 
build	Build + Test	2026-10-04T13:36:38.7820719Z AsyncBatchIngestorTest > reactiveFlowPublisherPath() PASSED
build	Build + Test	2026-10-04T13:36:38.7869123Z 
build	Build + Test	2026-10-04T13:36:38.7923895Z CommitAppendsHnswGraphTest > upsertsAcrossGenerationsReturnTheNewVector(Path) PASSED
build	Build + Test	2026-10-04T13:36:42.8548138Z WARNING: Using incubator modules: jdk.incubator.vector
build	Build + Test	2026-10-04T13:36:42.8548755Z 
build	Build + Test	2026-10-04T13:36:42.8567497Z > Task :vectors-hybrid:test
build	Build + Test	2026-10-04T13:36:42.8627205Z 
build	Build + Test	2026-10-04T13:36:42.8678117Z HybridSearchTest > emptyRetrieverProducesNoResults() PASSED
build	Build + Test	2026-10-04T13:36:42.8682803Z 
build	Build + Test	2026-10-04T13:36:42.8727958Z HybridSearchTest > singleRetrieverPassesThrough() PASSED
build	Build + Test	2026-10-04T13:36:42.8747205Z 
build	Build + Test	2026-10-04T13:36:42.8799978Z HybridSearchTest > nullFusionThrows() PASSED
build	Build + Test	2026-10-04T13:36:42.8801162Z 
build	Build + Test	2026-10-04T13:36:42.8827890Z HybridSearchTest > multipleRetrieversRunInParallel() PASSED
build	Build + Test	2026-10-04T13:36:42.8858552Z 
build	Build + Test	2026-10-04T13:36:42.8867734Z HybridSearchTest > noRetrieversThrows() PASSED
build	Build + Test	2026-10-04T13:36:42.8897404Z 
build	Build + Test	2026-10-04T13:36:42.8911846Z MaximalMarginalRelevanceTest > kZeroOrEmptyCandidates_returnsEmpty() PASSED
build	Build + Test	2026-10-04T13:36:42.8937286Z 
build	Build + Test	2026-10-04T13:36:42.8969525Z MaximalMarginalRelevanceTest > euclidean_fusedPath_lowLambdaPromotesDiverseDoc() PASSED
build	Build + Test	2026-10-04T13:36:42.8997221Z 
build	Build + Test	2026-10-04T13:36:42.9010141Z MaximalMarginalRelevanceTest > lowLambda_promotesDiverseDocOverRedundantNeighbor() PASSED
build	Build + Test	2026-10-04T13:36:42.9027465Z 
build	Build + Test	2026-10-04T13:36:42.9058151Z MaximalMarginalRelevanceTest > invalidLambda_throws() PASSED
build	Build + Test	2026-10-04T13:36:42.9067195Z 
build	Build + Test	2026-10-04T13:36:42.9118082Z MaximalMarginalRelevanceTest > k1_returnsSingleMostRelevant() PASSED
build	Build + Test	2026-10-04T13:36:42.9137368Z 
build	Build + Test	2026-10-04T13:36:42.9169533Z MaximalMarginalRelevanceTest > lambdaOne_isPureRelevanceOrder() PASSED
build	Build + Test	2026-10-04T13:36:42.9177330Z 
build	Build + Test	2026-10-04T13:36:42.9225413Z MaximalMarginalRelevanceTest > kGreaterThanCandidates_clampsToCandidateCount() PASSED
build	Build + Test	2026-10-04T13:36:42.9231066Z 
build	Build + Test	2026-10-04T13:36:42.9257952Z MaximalMarginalRelevanceTest > highLambda_keepsRedundantNeighborAheadOfDiverseDoc() PASSED
build	Build + Test	2026-10-04T13:36:42.9287225Z 
build	Build + Test	2026-10-04T13:36:42.9294897Z MaximalMarginalRelevanceTest > selectingAll_returnsPermutationOfIndices() PASSED
build	Build + Test	2026-10-04T13:36:42.9317457Z 
build	Build + Test	2026-10-04T13:36:42.9351365Z RRFFusionTest > tieBreakingByIdForDeterminism() PASSED
build	Build + Test	2026-10-04T13:36:42.9357272Z 
build	Build + Test	2026-10-04T13:36:42.9380025Z RRFFusionTest > kZeroReturnsEmpty() PASSED
build	Build + Test	2026-10-04T13:36:42.9407736Z 
build	Build + Test	2026-10-04T13:36:42.9447968Z RRFFusionTest > emptyResultLists() PASSED
build	Build + Test	2026-10-04T13:36:42.9457192Z 
build	Build + Test	2026-10-04T13:36:42.9491144Z RRFFusionTest > invalidSmoothingKThrows() PASSED
build	Build + Test	2026-10-04T13:36:42.9507345Z 
build	Build + Test	2026-10-04T13:36:42.9537914Z RRFFusionTest > disjointResultSets() PASSED
build	Build + Test	2026-10-04T13:36:42.9567168Z 
build	Build + Test	2026-10-04T13:36:42.9593181Z RRFFusionTest > rankBasedScoring() PASSED
build	Build + Test	2026-10-04T13:36:42.9597447Z 
build	Build + Test	2026-10-04T13:36:42.9627902Z RRFFusionTest > kLimitsResults() PASSED
build	Build + Test	2026-10-04T13:36:42.9665255Z 
build	Build + Test	2026-10-04T13:36:42.9697856Z ScoredIdTest > rejectsNullId() PASSED
build	Build + Test	2026-10-04T13:36:42.9707510Z 
build	Build + Test	2026-10-04T13:36:42.9737844Z ScoredIdTest > rejectsNaNScore() PASSED
build	Build + Test	2026-10-04T13:36:42.9767168Z 
build	Build + Test	2026-10-04T13:36:42.9768438Z ScoredIdTest > aNaNFromAnyRetrieverCannotReachFusion() PASSED
build	Build + Test	2026-10-04T13:36:42.9797485Z 
build	Build + Test	2026-10-04T13:36:42.9818014Z ScoredIdTest > acceptsFiniteAndInfiniteScores() PASSED
build	Build + Test	2026-10-04T13:36:42.9881255Z 
build	Build + Test	2026-10-04T13:36:42.9899094Z WeightedFusionTest > nonPositiveWeightThrows() PASSED
build	Build + Test	2026-10-04T13:36:42.9940067Z 
build	Build + Test	2026-10-04T13:36:42.9968007Z WeightedFusionTest > equalWeightsMinMaxNormalization() PASSED
build	Build + Test	2026-10-04T13:36:42.9997196Z 
build	Build + Test	2026-10-04T13:36:42.9998164Z WeightedFusionTest > unequalWeightsBoostRetriever() PASSED
build	Build + Test	2026-10-04T13:36:43.0034321Z 
build	Build + Test	2026-10-04T13:36:43.0057819Z WeightedFusionTest > mismatchedListCountThrows() PASSED
build	Build + Test	2026-10-04T13:36:43.0087146Z 
build	Build + Test	2026-10-04T13:36:43.0104345Z WeightedFusionTest > singleSourceDegenerateCase() PASSED
build	Build + Test	2026-10-04T13:36:43.0127212Z 
build	Build + Test	2026-10-04T13:36:43.0147980Z WeightedFusionTest > emptyWeightsThrows() PASSED
build	Build + Test	2026-10-04T13:36:43.0177335Z 
build	Build + Test	2026-10-04T13:36:43.0208159Z TextIndexSpiFactoryTest > defaultPersistentCreateAllowsExplicitInMemoryMode() PASSED
build	Build + Test	2026-10-04T13:36:43.0210685Z 
build	Build + Test	2026-10-04T13:36:43.0238284Z TextIndexSpiFactoryTest > defaultPersistentCreateFailsFastWhenDataDirIsProvided(Path) PASSED
build	Build + Test	2026-10-04T13:36:43.0267197Z 
build	Build + Test	2026-10-04T13:36:43.0297719Z > Task :vectors-core:test
build	Build + Test	2026-10-04T13:36:43.0298405Z 
build	Build + Test	2026-10-04T13:36:43.0328436Z GgufBandGemmTest > propertySelectsBandAndCapabilitiesReportItInAFreshJvm(int, String) > maxBits=128 tile=3x3 PASSED
build	Build + Test	2026-10-04T13:36:43.1492856Z WARNING: Using incubator modules: jdk.incubator.vector
build	Build + Test	2026-10-04T13:36:43.1493426Z 
build	Build + Test	2026-10-04T13:36:43.1493976Z > Task :vectors-hybrid:jacocoTestCoverageVerification
build	Build + Test	2026-10-04T13:36:43.1547611Z 
build	Build + Test	2026-10-04T13:36:43.1588290Z > Task :vectors-hnsw:test
build	Build + Test	2026-10-04T13:36:43.6497368Z 
build	Build + Test	2026-10-04T13:36:43.6518272Z AsyncVectorPrefetcherTest > outOfRangeOrdinal_isNotSubmitted() PASSED
build	Build + Test	2026-10-04T13:36:43.6577452Z 
build	Build + Test	2026-10-04T13:36:43.6638337Z AsyncVectorPrefetcherTest > failingSinkItselfDoesNotPropagateOrCorruptCounters() PASSED
build	Build + Test	2026-10-04T13:36:43.6639422Z 
build	Build + Test	2026-10-04T13:36:43.6698340Z AsyncVectorPrefetcherTest > touchFailure_isObservableViaCounterAndSink() PASSED
build	Build + Test	2026-10-04T13:36:43.6757415Z 
build	Build + Test	2026-10-04T13:36:43.6795582Z AsyncVectorPrefetcherTest > inRangeOrdinal_isSubmittedAndCounted() PASSED
build	Build + Test	2026-10-04T13:36:44.6537311Z 
build	Build + Test	2026-10-04T13:36:44.6568323Z ConcurrentHnswGraphBuilderAppendTest > mismatchedInputsAreRejected() PASSED
build	Build + Test	2026-10-04T13:36:45.6514914Z 
build	Build + Test	2026-10-04T13:36:45.6528228Z ConcurrentHnswGraphBuilderAppendTest > carriedOverEdgesSurvive() PASSED
build	Build + Test	2026-10-04T13:36:46.7522542Z 
build	Build + Test	2026-10-04T13:36:46.7625654Z ConcurrentHnswGraphBuilderAppendTest > appendedNodesAreReachableFromTheGraph() PASSED
build	Build + Test	2026-10-04T13:36:54.9517950Z 
build	Build + Test	2026-10-04T13:36:54.9577838Z > Task :vectors-hybrid:spotbugsMain
build	Build + Test	2026-10-04T13:36:54.9607640Z > Task :vectors-hybrid:spotbugsTest SKIPPED
build	Build + Test	2026-10-04T13:36:54.9661293Z > Task :vectors-hybrid:check
build	Build + Test	2026-10-04T13:36:54.9697991Z > Task :vectors-hybrid:build
build	Build + Test	2026-10-04T13:36:54.9742802Z 
build	Build + Test	2026-10-04T13:36:54.9777784Z > Task :vectors-core:test
build	Build + Test	2026-10-04T13:36:54.9842120Z 
build	Build + Test	2026-10-04T13:36:54.9861205Z GgufBandGemmTest > propertySelectsBandAndCapabilitiesReportItInAFreshJvm(int, String) > maxBits=128 tile=4x4 PASSED
build	Build + Test	2026-10-04T13:36:54.9957391Z 
build	Build + Test	2026-10-04T13:36:54.9968506Z GgufBandGemmTest > bandMatchesExactReferenceAndIntegerKernelsWithinBounds(Format, int, int, int) > Q4_K batch=1 rows=1 cols=256 PASSED
build	Build + Test	2026-10-04T13:36:55.0043814Z 
build	Build + Test	2026-10-04T13:36:55.0058400Z GgufBandGemmTest > bandMatchesExactReferenceAndIntegerKernelsWithinBounds(Format, int, int, int) > Q4_K batch=1 rows=7 cols=256 PASSED
build	Build + Test	2026-10-04T13:36:55.0127194Z 
build	Build + Test	2026-10-04T13:36:55.0148513Z GgufBandGemmTest > bandMatchesExactReferenceAndIntegerKernelsWithinBounds(Format, int, int, int) > Q4_K batch=2 rows=5 cols=512 PASSED
build	Build + Test	2026-10-04T13:36:55.0237174Z 
build	Build + Test	2026-10-04T13:36:55.0238672Z GgufBandGemmTest > bandMatchesExactReferenceAndIntegerKernelsWithinBounds(Format, int, int, int) > Q4_K batch=3 rows=3 cols=768 PASSED
build	Build + Test	2026-10-04T13:36:55.0267209Z 
build	Build + Test	2026-10-04T13:36:55.0268226Z GgufBandGemmTest > bandMatchesExactReferenceAndIntegerKernelsWithinBounds(Format, int, int, int) > Q4_K batch=4 rows=97 cols=768 PASSED
build	Build + Test	2026-10-04T13:36:55.0269254Z 
build	Build + Test	2026-10-04T13:36:55.0270064Z GgufBandGemmTest > bandMatchesExactReferenceAndIntegerKernelsWithinBounds(Format, int, int, int) > Q4_K batch=5 rows=13 cols=2560 PASSED
build	Build + Test	2026-10-04T13:36:55.0271161Z 
build	Build + Test	2026-10-04T13:36:55.0272073Z GgufBandGemmTest > bandMatchesExactReferenceAndIntegerKernelsWithinBounds(Format, int, int, int) > Q4_K batch=7 rows=200 cols=1280 PASSED
build	Build + Test	2026-10-04T13:36:55.0273177Z 
build	Build + Test	2026-10-04T13:36:55.0274110Z GgufBandGemmTest > bandMatchesExactReferenceAndIntegerKernelsWithinBounds(Format, int, int, int) > Q4_K batch=11 rows=64 cols=256 PASSED
build	Build + Test	2026-10-04T13:36:55.0275227Z 
build	Build + Test	2026-10-04T13:36:55.0276153Z GgufBandGemmTest > bandMatchesExactReferenceAndIntegerKernelsWithinBounds(Format, int, int, int) > Q4_K batch=1 rows=130 cols=2560 PASSED
build	Build + Test	2026-10-04T13:36:55.0277461Z 
build	Build + Test	2026-10-04T13:36:55.0278346Z GgufBandGemmTest > bandMatchesExactReferenceAndIntegerKernelsWithinBounds(Format, int, int, int) > Q4_K batch=5 rows=512 cols=2560 PASSED
build	Build + Test	2026-10-04T13:36:55.0279440Z 
build	Build + Test	2026-10-04T13:36:55.0280331Z GgufBandGemmTest > bandMatchesExactReferenceAndIntegerKernelsWithinBounds(Format, int, int, int) > Q6_K batch=1 rows=1 cols=256 PASSED
build	Build + Test	2026-10-04T13:36:55.0281416Z 
build	Build + Test	2026-10-04T13:36:55.0282377Z GgufBandGemmTest > bandMatchesExactReferenceAndIntegerKernelsWithinBounds(Format, int, int, int) > Q6_K batch=1 rows=7 cols=256 PASSED
build	Build + Test	2026-10-04T13:36:55.0283490Z 
build	Build + Test	2026-10-04T13:36:55.0284402Z GgufBandGemmTest > bandMatchesExactReferenceAndIntegerKernelsWithinBounds(Format, int, int, int) > Q6_K batch=2 rows=5 cols=512 PASSED
build	Build + Test	2026-10-04T13:36:55.0285481Z 
build	Build + Test	2026-10-04T13:36:55.0286401Z GgufBandGemmTest > bandMatchesExactReferenceAndIntegerKernelsWithinBounds(Format, int, int, int) > Q6_K batch=3 rows=3 cols=768 PASSED
build	Build + Test	2026-10-04T13:36:55.0287759Z 
build	Build + Test	2026-10-04T13:36:55.0288697Z GgufBandGemmTest > bandMatchesExactReferenceAndIntegerKernelsWithinBounds(Format, int, int, int) > Q6_K batch=4 rows=97 cols=768 PASSED
build	Build + Test	2026-10-04T13:36:55.0289764Z 
build	Build + Test	2026-10-04T13:36:55.0290679Z GgufBandGemmTest > bandMatchesExactReferenceAndIntegerKernelsWithinBounds(Format, int, int, int) > Q6_K batch=5 rows=13 cols=2560 PASSED
build	Build + Test	2026-10-04T13:36:55.0292217Z 
build	Build + Test	2026-10-04T13:36:55.0293131Z GgufBandGemmTest > bandMatchesExactReferenceAndIntegerKernelsWithinBounds(Format, int, int, int) > Q6_K batch=7 rows=200 cols=1280 PASSED
build	Build + Test	2026-10-04T13:36:55.0294228Z 
build	Build + Test	2026-10-04T13:36:55.0295127Z GgufBandGemmTest > bandMatchesExactReferenceAndIntegerKernelsWithinBounds(Format, int, int, int) > Q6_K batch=11 rows=64 cols=256 PASSED
build	Build + Test	2026-10-04T13:36:55.0296216Z 
build	Build + Test	2026-10-04T13:36:55.0387609Z GgufBandGemmTest > bandMatchesExactReferenceAndIntegerKernelsWithinBounds(Format, int, int, int) > Q6_K batch=1 rows=130 cols=2560 PASSED
build	Build + Test	2026-10-04T13:36:55.4547492Z 
build	Build + Test	2026-10-04T13:36:55.4608774Z GgufBandGemmTest > bandMatchesExactReferenceAndIntegerKernelsWithinBounds(Format, int, int, int) > Q6_K batch=5 rows=512 cols=2560 PASSED
build	Build + Test	2026-10-04T13:36:55.4697203Z 
build	Build + Test	2026-10-04T13:36:55.4741546Z GgufBandGemmTest > bandMatchesExactReferenceAndIntegerKernelsWithinBounds(Format, int, int, int) > Q8_0 batch=1 rows=1 cols=32 PASSED
build	Build + Test	2026-10-04T13:36:55.4787247Z 
build	Build + Test	2026-10-04T13:36:55.4838608Z GgufBandGemmTest > bandMatchesExactReferenceAndIntegerKernelsWithinBounds(Format, int, int, int) > Q8_0 batch=2 rows=3 cols=96 PASSED
build	Build + Test	2026-10-04T13:36:55.4887086Z 
build	Build + Test	2026-10-04T13:36:55.4938356Z GgufBandGemmTest > bandMatchesExactReferenceAndIntegerKernelsWithinBounds(Format, int, int, int) > Q8_0 batch=5 rows=7 cols=544 PASSED
build	Build + Test	2026-10-04T13:36:55.6492423Z 
build	Build + Test	2026-10-04T13:36:55.6493257Z > Task :vectors-ingest:compileJava
build	Build + Test	2026-10-04T13:36:55.6517631Z > Task :vectors-ingest:classes
build	Build + Test	2026-10-04T13:36:55.6547345Z > Task :vectors-ingest:jar
build	Build + Test	2026-10-04T13:36:55.6577073Z 
build	Build + Test	2026-10-04T13:36:55.6577552Z > Task :vectors-db:test
build	Build + Test	2026-10-04T13:36:55.6619862Z 
build	Build + Test	2026-10-04T13:36:55.6648099Z CommitAppendsHnswGraphTest > inMemoryBatchedCommitsRetrieveWhatASingleCommitRetrieves() PASSED
build	Build + Test	2026-10-04T13:36:55.6677221Z 
build	Build + Test	2026-10-04T13:36:55.6688440Z CommitAppendsHnswGraphTest > deletesStillApplyAcrossAppendedGenerations(Path) PASSED
build	Build + Test	2026-10-04T13:37:00.5517652Z 
build	Build + Test	2026-10-04T13:37:00.5621272Z CommitAppendsHnswGraphTest > batchedCommitsRetrieveWhatASingleCommitRetrieves(Path) PASSED
build	Build + Test	2026-10-04T13:37:01.0517970Z warning: [incubating] using incubating module(s): jdk.incubator.vector
build	Build + Test	2026-10-04T13:37:01.0518656Z 
build	Build + Test	2026-10-04T13:37:01.0550469Z > Task :vectors-ingest:javadoc
build	Build + Test	2026-10-04T13:37:01.0577658Z warning: [incubating] using incubating module(s): jdk.incubator.vector
build	Build + Test	2026-10-04T13:37:01.0578305Z 
build	Build + Test	2026-10-04T13:37:01.0607595Z 2 warnings
build	Build + Test	2026-10-04T13:37:01.0608110Z > Task :vectors-core:test
build	Build + Test	2026-10-04T13:37:01.0637162Z 
build	Build + Test	2026-10-04T13:37:01.0668350Z GgufBandGemmTest > bandMatchesExactReferenceAndIntegerKernelsWithinBounds(Format, int, int, int) > Q8_0 batch=4 rows=97 cols=1024 PASSED
build	Build + Test	2026-10-04T13:37:01.0697046Z 
build	Build + Test	2026-10-04T13:37:01.0728202Z GgufBandGemmTest > bandMatchesExactReferenceAndIntegerKernelsWithinBounds(Format, int, int, int) > Q8_0 batch=7 rows=33 cols=2048 PASSED
build	Build + Test	2026-10-04T13:37:01.0757006Z 
build	Build + Test	2026-10-04T13:37:01.0788088Z GgufBandGemmTest > bandMatchesExactReferenceAndIntegerKernelsWithinBounds(Format, int, int, int) > Q8_0 batch=1 rows=200 cols=2560 PASSED
build	Build + Test	2026-10-04T13:37:01.0817026Z 
build	Build + Test	2026-10-04T13:37:01.0878430Z GgufBandGemmTest > bandMatchesExactReferenceAndIntegerKernelsWithinBounds(Format, int, int, int) > Q8_0 batch=3 rows=1600 cols=2560 PASSED
build	Build + Test	2026-10-04T13:37:01.0879708Z 
build	Build + Test	2026-10-04T13:37:01.0938017Z GgufBatchDispatchTest > routingPredicateSwitchesExactlyAtTheThreshold() PASSED
build	Build + Test	2026-10-04T13:37:01.0977193Z 
build	Build + Test	2026-10-04T13:37:01.1000702Z GgufBatchDispatchTest > singleMatrixEntryPointRoutesByBatchAtTheBoundary(Format) > [1] format=Q4_K PASSED
build	Build + Test	2026-10-04T13:37:01.1027189Z 
build	Build + Test	2026-10-04T13:37:01.1058468Z GgufBatchDispatchTest > singleMatrixEntryPointRoutesByBatchAtTheBoundary(Format) > [2] format=Q6_K PASSED
build	Build + Test	2026-10-04T13:37:01.1059853Z 
build	Build + Test	2026-10-04T13:37:01.1104828Z GgufBatchDispatchTest > singleMatrixEntryPointRoutesByBatchAtTheBoundary(Format) > [3] format=Q8_0 PASSED
build	Build + Test	2026-10-04T13:37:01.1147172Z 
build	Build + Test	2026-10-04T13:37:01.1152555Z GgufBatchDispatchTest > propertySelectsDispatchReportsThresholdsAndCountsInAFreshJvm() PASSED
build	Build + Test	2026-10-04T13:37:01.1204837Z 
build	Build + Test	2026-10-04T13:37:01.1237882Z GgufBatchDispatchTest > thresholdsAreThePreRegisteredValues() PASSED
build	Build + Test	2026-10-04T13:37:01.1238623Z 
build	Build + Test	2026-10-04T13:37:01.1280474Z GgufBatchDispatchTest > groupedQ8_0EntryPointsRouteByBatch() PASSED
build	Build + Test	2026-10-04T13:37:01.1305756Z 
build	Build + Test	2026-10-04T13:37:01.1334592Z GgufBatchDispatchTest > groupedQ4_KEntryPointsRouteEachMatrixByItsOwnFormatThreshold() PASSED
build	Build + Test	2026-10-04T13:37:01.1347084Z 
build	Build + Test	2026-10-04T13:37:01.1377695Z GgufKQuantDequantTest > propertyParsingAndDefault() PASSED
build	Build + Test	2026-10-04T13:37:01.1407715Z 
build	Build + Test	2026-10-04T13:37:01.1468116Z GgufKQuantDequantTest > scalarArmIsTheExistingReferenceLoops() PASSED
build	Build + Test	2026-10-04T13:37:01.3492480Z 
build	Build + Test	2026-10-04T13:37:01.3493475Z > Task :vectors-ingest:javadocJar
build	Build + Test	2026-10-04T13:37:01.3522725Z > Task :vectors-ingest:assemble
build	Build + Test	2026-10-04T13:37:01.3547376Z 
build	Build + Test	2026-10-04T13:37:01.3567790Z > Task :vectors-hnsw:test
build	Build + Test	2026-10-04T13:37:01.3607209Z 
build	Build + Test	2026-10-04T13:37:01.3608476Z ConcurrentHnswGraphBuilderAppendTest > appendedGraphRetrievesAsWellAsARebuiltOne() PASSED
build	Build + Test	2026-10-04T13:37:01.3637264Z 
build	Build + Test	2026-10-04T13:37:01.3658388Z ConcurrentHnswGraphBuilderAppendTest > appendingNothingIsTheSameGraph() PASSED
build	Build + Test	2026-10-04T13:37:01.3659431Z 
build	Build + Test	2026-10-04T13:37:01.3660292Z ConcurrentHnswGraphBuilderAppendTest > everyLayerZeroArrayRespectsTheConnectionLimit() PASSED
build	Build + Test	2026-10-04T13:37:03.9527443Z 
build	Build + Test	2026-10-04T13:37:03.9549082Z ConcurrentHnswGraphBuilderSelfLoopTest > parallelBuildHasNoSelfLoopsOrOutOfRangeOrDuplicateNeighbors() PASSED
build	Build + Test	2026-10-04T13:37:03.9612326Z 
build	Build + Test	2026-10-04T13:37:03.9642584Z DataStructuresTest > HnswGraphTests > setEntryNode_updatesEntryAndMaxLevel() PASSED
build	Build + Test	2026-10-04T13:37:03.9665030Z 
build	Build + Test	2026-10-04T13:37:03.9677851Z DataStructuresTest > HnswGraphTests > maxConnections0_isTwiceM() PASSED
build	Build + Test	2026-10-04T13:37:04.0494235Z 
build	Build + Test	2026-10-04T13:37:04.0528370Z DataStructuresTest > HnswGraphTests > getNeighbors_layer0_returnsNeighborArray() PASSED
build	Build + Test	2026-10-04T13:37:04.0557277Z 
build	Build + Test	2026-10-04T13:37:04.0578470Z DataStructuresTest > HnswGraphTests > getNeighbors_layerAboveNodeLevel_returnsNull() PASSED
build	Build + Test	2026-10-04T13:37:04.0607069Z 
build	Build + Test	2026-10-04T13:37:04.0617866Z DataStructuresTest > HnswGraphTests > initNode_allocatesNeighborArrays() PASSED
build	Build + Test	2026-10-04T13:37:04.0640414Z 
build	Build + Test	2026-10-04T13:37:04.0672989Z DataStructuresTest > HnswGraphTests > upperLayers_expandDynamically() PASSED
build	Build + Test	2026-10-04T13:37:04.0680840Z 
build	Build + Test	2026-10-04T13:37:04.0707728Z DataStructuresTest > HnswGraphTests > initNode_setsLevel() PASSED
build	Build + Test	2026-10-04T13:37:04.0727284Z 
build	Build + Test	2026-10-04T13:37:04.0759421Z DataStructuresTest > NodeQueueTests > insertWithOverflow_maintainsBound() PASSED
build	Build + Test	2026-10-04T13:37:04.0797230Z 
build	Build + Test	2026-10-04T13:37:04.0817559Z DataStructuresTest > NodeQueueTests > growsBeyondInitialCapacity() PASSED
build	Build + Test	2026-10-04T13:37:04.0818254Z 
build	Build + Test	2026-10-04T13:37:04.0818851Z DataStructuresTest > NodeQueueTests > scoreOrdering_preservedForNonNegativeFloats() PASSED
build	Build + Test	2026-10-04T13:37:04.0836243Z 
build	Build + Test	2026-10-04T13:37:04.0880355Z DataStructuresTest > NodeQueueTests > maxHeap_pollReturnsHighestScore() PASSED
build	Build + Test	2026-10-04T13:37:04.0937147Z 
build	Build + Test	2026-10-04T13:37:04.0997966Z DataStructuresTest > NodeQueueTests > encodeDecode_roundTrip() PASSED
build	Build + Test	2026-10-04T13:37:04.1027201Z 
build	Build + Test	2026-10-04T13:37:04.1027903Z DataStructuresTest > NodeQueueTests > insertWithOverflow_rejectsWorseScore() PASSED
build	Build + Test	2026-10-04T13:37:04.1028656Z 
build	Build + Test	2026-10-04T13:37:04.1029146Z DataStructuresTest > NodeQueueTests > minHeap_pollReturnsLowestScore() PASSED
build	Build + Test	2026-10-04T13:37:04.1029819Z 
build	Build + Test	2026-10-04T13:37:04.1030252Z DataStructuresTest > NeighborArrayTests > insertSingleElement() PASSED
build	Build + Test	2026-10-04T13:37:04.1030856Z 
build	Build + Test	2026-10-04T13:37:04.1031299Z DataStructuresTest > NeighborArrayTests > emptyArray_hasZeroSize() PASSED
build	Build + Test	2026-10-04T13:37:04.1031976Z 
build	Build + Test	2026-10-04T13:37:04.1032491Z DataStructuresTest > NeighborArrayTests > insertWhenFull_evictsWorstScore() PASSED
build	Build + Test	2026-10-04T13:37:04.1033176Z 
build	Build + Test	2026-10-04T13:37:04.1033711Z DataStructuresTest > NeighborArrayTests > contains_returnsTrueForPresentNode() PASSED
build	Build + Test	2026-10-04T13:37:04.1034451Z 
build	Build + Test	2026-10-04T13:37:04.1034862Z DataStructuresTest > NeighborArrayTests > clear_resetsSize() PASSED
build	Build + Test	2026-10-04T13:37:04.1035908Z 
build	Build + Test	2026-10-04T13:37:04.1036358Z DataStructuresTest > NeighborArrayTests > copyFrom_copiesAllEntries() PASSED
build	Build + Test	2026-10-04T13:37:04.1037355Z 
build	Build + Test	2026-10-04T13:37:04.1037941Z DataStructuresTest > NeighborArrayTests > insertDuplicateNodeId_doesNotDuplicate() PASSED
build	Build + Test	2026-10-04T13:37:04.1038689Z 
build	Build + Test	2026-10-04T13:37:04.1039225Z DataStructuresTest > NeighborArrayTests > contains_returnsFalseForAbsentNode() PASSED
build	Build + Test	2026-10-04T13:37:04.1039962Z 
build	Build + Test	2026-10-04T13:37:04.1040523Z DataStructuresTest > NeighborArrayTests > insertWhenFull_rejectsWorseScore() PASSED
build	Build + Test	2026-10-04T13:37:04.1041559Z 
build	Build + Test	2026-10-04T13:37:04.1042159Z DataStructuresTest > NeighborArrayTests > insertMaintainsDescendingScoreOrder() PASSED
build	Build + Test	2026-10-04T13:37:04.1557773Z 
build	Build + Test	2026-10-04T13:37:04.1612284Z DistinctNeighborInsertTest > knownDistinctInsertionPreservesLegacyOrderAndRawScores() PASSED
build	Build + Test	2026-10-04T13:37:04.1687417Z 
build	Build + Test	2026-10-04T13:37:04.1768089Z DistinctNeighborInsertTest > fullDestinationIsRejectedWithoutMutation() PASSED
build	Build + Test	2026-10-04T13:37:04.2519520Z 
build	Build + Test	2026-10-04T13:37:04.2540308Z ExactScoreCacheTest > collisionsNeverReturnAnotherPairsScore() PASSED
build	Build + Test	2026-10-04T13:37:04.2553744Z 
build	Build + Test	2026-10-04T13:37:04.2574982Z ExactScoreCacheTest > repeatPruningReusesExactScoresWithoutChangingSelectedEdges() PASSED
build	Build + Test	2026-10-04T13:37:04.2596425Z 
build	Build + Test	2026-10-04T13:37:04.2617609Z HnswAppendOwnershipTest > rejectsInvalidInPlaceInputsBeforeMutatingGraph() PASSED
build	Build + Test	2026-10-04T13:37:04.5517306Z 
build	Build + Test	2026-10-04T13:37:04.5568274Z HnswAppendOwnershipTest > appendCompletesEveryNodeAndRetainsCallerExecutor() PASSED
build	Build + Test	2026-10-04T13:37:04.5637269Z 
build	Build + Test	2026-10-04T13:37:04.5668315Z HnswGraphBuilderTest > SsdPrefetchTests > asyncVectorPrefetcher_outOfRangeOrdinal_isIgnoredSilently() PASSED
build	Build + Test	2026-10-04T13:37:06.2557250Z 
build	Build + Test	2026-10-04T13:37:06.2618451Z HnswGraphBuilderTest > SsdPrefetchTests > searchWithPrefetch_producesIdenticalResultsToNormalSearch() PASSED
build	Build + Test	2026-10-04T13:37:07.2496274Z 
build	Build + Test	2026-10-04T13:37:07.2529488Z HnswGraphBuilderTest > SsdPrefetchTests > searchWithPrefetch_recall_atLeast90Pct_vs_bruteForce() PASSED
build	Build + Test	2026-10-04T13:37:07.2597517Z 
build	Build + Test	2026-10-04T13:37:07.2638313Z HnswGraphBuilderTest > SsdPrefetchTests > asyncVectorPrefetcher_submittedCount_incrementsPerPrefetchCall() PASSED
build	Build + Test	2026-10-04T13:37:07.4491705Z 
build	Build + Test	2026-10-04T13:37:07.4508103Z HnswGraphBuilderTest > ConcurrentBuild > concurrentBuild_stressDifferentThreadCounts() PASSED
build	Build + Test	2026-10-04T13:37:07.6509099Z 
build	Build + Test	2026-10-04T13:37:07.6518224Z HnswGraphBuilderTest > ConcurrentBuild > concurrentBuild_achievesGoodRecall() PASSED
build	Build + Test	2026-10-04T13:37:07.6547206Z 
build	Build + Test	2026-10-04T13:37:07.6578170Z HnswGraphBuilderTest > ConcurrentBuild > concurrentBuild_mainComponentAtLeast95pct() PASSED
build	Build + Test	2026-10-04T13:37:07.6579317Z 
build	Build + Test	2026-10-04T13:37:07.6607816Z HnswGraphBuilderTest > ConcurrentBuild > concurrentBuild_neighborCountsWithinLimits() PASSED
build	Build + Test	2026-10-04T13:37:07.6637152Z 
build	Build + Test	2026-10-04T13:37:07.6663068Z HnswGraphBuilderTest > ConcurrentBuild > concurrentBuild_noIsolatedNodes() PASSED
build	Build + Test	2026-10-04T13:37:07.7517579Z 
build	Build + Test	2026-10-04T13:37:07.7542959Z HnswGraphBuilderTest > MediumGraphConstruction > hundredNodes_neighborDiversity() PASSED
build	Build + Test	2026-10-04T13:37:07.8492070Z 
build	Build + Test	2026-10-04T13:37:07.8598395Z HnswGraphBuilderTest > MediumGraphConstruction > hundredNodes_deterministicWithSameSeed() PASSED
build	Build + Test	2026-10-04T13:37:07.8677301Z 
build	Build + Test	2026-10-04T13:37:07.8708101Z HnswGraphBuilderTest > MediumGraphConstruction > hundredNodes_graphIsConnected() PASSED
build	Build + Test	2026-10-04T13:37:07.8767256Z 
build	Build + Test	2026-10-04T13:37:07.8798173Z HnswGraphBuilderTest > SmallGraphConstruction > tenNodes_allReachableFromEntryPoint() PASSED
build	Build + Test	2026-10-04T13:37:07.8857219Z 
build	Build + Test	2026-10-04T13:37:07.8948296Z HnswGraphBuilderTest > SmallGraphConstruction > tenNodes_mostEdgesAreBidirectional() PASSED
build	Build + Test	2026-10-04T13:37:07.9007244Z 
build	Build + Test	2026-10-04T13:37:07.9038217Z HnswGraphBuilderTest > SmallGraphConstruction > tenNodes_neighborCountsWithinLimits() PASSED
build	Build + Test	2026-10-04T13:37:07.9097335Z 
build	Build + Test	2026-10-04T13:37:07.9188252Z HnswGraphBuilderTest > SmallGraphConstruction > tenNodes_entryPointIsHighestLevelNode() PASSED
build	Build + Test	2026-10-04T13:37:07.9277390Z 
build	Build + Test	2026-10-04T13:37:07.9308102Z HnswGraphBuilderTest > SingleNodeInsertion > firstNode_hasNoNeighbors() PASSED
build	Build + Test	2026-10-04T13:37:07.9367373Z 
build	Build + Test	2026-10-04T13:37:07.9428280Z HnswGraphBuilderTest > SingleNodeInsertion > secondNode_firstHasEdgeToSecond() PASSED
build	Build + Test	2026-10-04T13:37:07.9519589Z 
build	Build + Test	2026-10-04T13:37:07.9548235Z HnswGraphBuilderTest > SingleNodeInsertion > firstNode_becomesEntryPoint() PASSED
build	Build + Test	2026-10-04T13:37:07.9607506Z 
build	Build + Test	2026-10-04T13:37:07.9668254Z HnswGraphBuilderTest > SingleNodeInsertion > secondNode_hasEdgeToFirst() PASSED
build	Build + Test	2026-10-04T13:37:07.9717253Z 
build	Build + Test	2026-10-04T13:37:07.9748142Z HnswGraphBuilderTest > NeighborSelectorTests > selectDiverse_prefersCloserNeighbors() PASSED
build	Build + Test	2026-10-04T13:37:07.9837374Z 
build	Build + Test	2026-10-04T13:37:07.9868134Z HnswGraphBuilderTest > NeighborSelectorTests > selectDiverse_prunesBlockedCandidates() PASSED
build	Build + Test	2026-10-04T13:37:07.9897264Z 
build	Build + Test	2026-10-04T13:37:07.9958282Z HnswGraphBuilderTest > NeighborSelectorTests > selectDiverse_singleCandidate_returnsIt() PASSED
build	Build + Test	2026-10-04T13:37:08.0017342Z 
build	Build + Test	2026-10-04T13:37:08.0048235Z HnswGraphBuilderTest > NeighborSelectorTests > selectDiverse_emptyCandidate_returnsEmpty() PASSED
build	Build + Test	2026-10-04T13:37:08.0077287Z 
build	Build + Test	2026-10-04T13:37:08.0128861Z HnswGraphBuilderTest > NeighborSelectorTests > selectDiverse_returnsAtMostMaxConnections() PASSED
build	Build + Test	2026-10-04T13:37:08.0167293Z 
build	Build + Test	2026-10-04T13:37:08.0198332Z HnswGraphBuilderTest > NeighborSelectorTests > selectDiverse_fillsWithPrunedWhenKeepPruned() PASSED
build	Build + Test	2026-10-04T13:37:08.0287278Z 
build	Build + Test	2026-10-04T13:37:08.0348075Z HnswGraphBuilderTest > RandomLevelGeneratorTests > mostNodesAtLevel0() PASSED
build	Build + Test	2026-10-04T13:37:08.0377295Z 
build	Build + Test	2026-10-04T13:37:08.0402541Z HnswGraphBuilderTest > RandomLevelGeneratorTests > deterministicWithSameSeed() PASSED
build	Build + Test	2026-10-04T13:37:08.0491210Z 
build	Build + Test	2026-10-04T13:37:08.0508467Z HnswGraphBuilderTest > RandomLevelGeneratorTests > levelsFollowExponentialDistribution() PASSED
build	Build + Test	2026-10-04T13:37:08.0565908Z 
build	Build + Test	2026-10-04T13:37:08.0638124Z HnswGraphBuilderTest > RandomLevelGeneratorTests > noNegativeLevels() PASSED
build	Build + Test	2026-10-04T13:37:09.6537769Z 
build	Build + Test	2026-10-04T13:37:09.6578341Z HnswGraphDiagnostics > real builds > a parallel build loses some reachability, and this bounds how much PASSED
build	Build + Test	2026-10-04T13:37:09.6637417Z 
build	Build + Test	2026-10-04T13:37:09.6659939Z HnswGraphDiagnostics > real builds > identical vectors, the degenerate case that broke Lucene's component repair PASSED
build	Build + Test	2026-10-04T13:37:12.2557398Z 
build	Build + Test	2026-10-04T13:37:12.2598460Z HnswGraphDiagnostics > real builds > a normally built graph is fully reachable with no structural defects PASSED
build	Build + Test	2026-10-04T13:37:12.2687370Z 
build	Build + Test	2026-10-04T13:37:12.2748277Z HnswGraphDiagnostics > hand-built graphs > reports degree statistics over layer 0 PASSED
build	Build + Test	2026-10-04T13:37:12.2827363Z 
build	Build + Test	2026-10-04T13:37:12.2877301Z HnswGraphDiagnostics > hand-built graphs > an empty graph reports nothing and does not throw PASSED
build	Build + Test	2026-10-04T13:37:12.2917432Z 
build	Build + Test	2026-10-04T13:37:12.2935348Z HnswGraphDiagnostics > hand-built graphs > follows directed edges only, so a one-way edge leaves the source unreachable PASSED
build	Build + Test	2026-10-04T13:37:12.2997608Z 
build	Build + Test	2026-10-04T13:37:12.3028524Z HnswGraphDiagnostics > hand-built graphs > detects a node unreachable from the entry node PASSED
build	Build + Test	2026-10-04T13:37:12.3067525Z 
build	Build + Test	2026-10-04T13:37:12.3118324Z HnswGraphDiagnostics > hand-built graphs > counts self loops PASSED
build	Build + Test	2026-10-04T13:37:12.3177593Z 
build	Build + Test	2026-10-04T13:37:12.3208139Z HnswGraphMergerTest > emptySuccessorHasNoGraph() PASSED
build	Build + Test	2026-10-04T13:37:12.3238385Z 
build	Build + Test	2026-10-04T13:37:12.3298627Z HnswGraphMergerTest > mergeRemapsSurvivorsRepairsConnectivityAndPreservesLevels() PASSED
build	Build + Test	2026-10-04T13:37:12.5491620Z 
build	Build + Test	2026-10-04T13:37:12.5508266Z HnswSearcherMultiStartTest > ExceptionPropagation > workerExceptionPropagatesWithOriginalCause() PASSED
build	Build + Test	2026-10-04T13:37:13.0537513Z 
build	Build + Test	2026-10-04T13:37:13.0598394Z HnswSearcherMultiStartTest > Concurrency > parallelWorkersDoNotCorrupt() PASSED
build	Build + Test	2026-10-04T13:37:13.0647597Z 
build	Build + Test	2026-10-04T13:37:13.0708148Z HnswSearcherMultiStartTest > EdgeCases > maxLevelZeroFallsBack() PASSED
build	Build + Test	2026-10-04T13:37:13.0753056Z 
build	Build + Test	2026-10-04T13:37:13.0838245Z HnswSearcherMultiStartTest > EdgeCases > emptyGraphThrows() PASSED
build	Build + Test	2026-10-04T13:37:13.1497332Z 
build	Build + Test	2026-10-04T13:37:13.1538126Z HnswSearcherMultiStartTest > EdgeCases > nStartsLargerThanGraph() PASSED
build	Build + Test	2026-10-04T13:37:14.5517237Z 
build	Build + Test	2026-10-04T13:37:14.5578190Z HnswSearcherMultiStartTest > Recall > nStartsFourRecallAtLeastAsGood() PASSED
build	Build + Test	2026-10-04T13:37:15.3498399Z 
build	Build + Test	2026-10-04T13:37:15.3548630Z HnswSearcherMultiStartTest > Identity > nStartsOneIsIdenticalToSearch() PASSED
build	Build + Test	2026-10-04T13:37:15.6510608Z 
build	Build + Test	2026-10-04T13:37:15.6578394Z HnswSearcherTest > FusedAdcSearch > fusedAdcIndex_buildsWithoutError() PASSED
build	Build + Test	2026-10-04T13:37:15.6627530Z 
build	Build + Test	2026-10-04T13:37:15.6698299Z HnswSearcherTest > FusedAdcSearch > defaultSubvectors_rejectsNonPositiveDim() PASSED
build	Build + Test	2026-10-04T13:37:15.6777572Z 
build	Build + Test	2026-10-04T13:37:15.6833679Z HnswSearcherTest > FusedAdcSearch > adcTable_scoreOrdering_correlatesWithExactSimilarity() PASSED
build	Build + Test	2026-10-04T13:37:15.6917466Z 
build	Build + Test	2026-10-04T13:37:15.6948675Z HnswSearcherTest > FusedAdcSearch > defaultSubvectors_clampsToDivisorsOfDim() PASSED
build	Build + Test	2026-10-04T13:37:15.7036305Z 
build	Build + Test	2026-10-04T13:37:15.7118447Z HnswSearcherTest > FusedAdcSearch > fusedAdcSearch_neighborListSize_matches() PASSED
build	Build + Test	2026-10-04T13:37:15.8500587Z 
build	Build + Test	2026-10-04T13:37:15.8528793Z HnswSearcherTest > FusedAdcSearch > fusedAdcIndex_buildsWithDefaultsOverload() PASSED
build	Build + Test	2026-10-04T13:37:15.9508621Z 
build	Build + Test	2026-10-04T13:37:15.9568525Z HnswSearcherTest > FusedAdcSearch > fusedAdcSearch_returnsSelf() PASSED
build	Build + Test	2026-10-04T13:37:16.0508297Z 
build	Build + Test	2026-10-04T13:37:16.0509861Z HnswSearcherTest > FusedAdcSearch > fusedAdcBatchScoring_matchesPerNodeScoring() PASSED
build	Build + Test	2026-10-04T13:37:16.0510879Z 
build	Build + Test	2026-10-04T13:37:16.0511569Z HnswSearcherTest > HnswIndexApiTests > builderCustomParameters() PASSED
build	Build + Test	2026-10-04T13:37:16.1516515Z 
build	Build + Test	2026-10-04T13:37:16.1578203Z HnswSearcherTest > HnswIndexApiTests > deterministicWithSameSeed() PASSED
build	Build + Test	2026-10-04T13:37:16.1637345Z 
build	Build + Test	2026-10-04T13:37:16.1669644Z HnswSearcherTest > HnswIndexApiTests > builderDefaults_M16_ef200() PASSED
build	Build + Test	2026-10-04T13:37:16.2517371Z 
build	Build + Test	2026-10-04T13:37:16.2548247Z HnswSearcherTest > HnswIndexApiTests > buildAndSearch_endToEnd() PASSED
build	Build + Test	2026-10-04T13:37:16.5537322Z 
build	Build + Test	2026-10-04T13:37:16.5548536Z HnswSearcherTest > AllSimilarityFunctions > recall_above85_forAllFunctions(SimilarityFunction) > [1] sim=EUCLIDEAN PASSED
build	Build + Test	2026-10-04T13:37:16.9517297Z 
build	Build + Test	2026-10-04T13:37:16.9547975Z > Task :vectors-ingest:spotbugsMain
build	Build + Test	2026-10-04T13:37:16.9577257Z 
build	Build + Test	2026-10-04T13:37:16.9629893Z > Task :vectors-core:test
build	Build + Test	2026-10-04T13:37:16.9687276Z 
build	Build + Test	2026-10-04T13:37:16.9718537Z GgufKQuantDequantTest > propertySelectsArmAndItIsBitIdenticalInAFreshJvm(int, String) > maxBits=128 dequant=scalar PASSED
build	Build + Test	2026-10-04T13:37:16.9797318Z 
build	Build + Test	2026-10-04T13:37:16.9888549Z GgufKQuantDequantTest > propertySelectsArmAndItIsBitIdenticalInAFreshJvm(int, String) > maxBits=128 dequant=simd-byte PASSED
build	Build + Test	2026-10-04T13:37:16.9937312Z 
build	Build + Test	2026-10-04T13:37:16.9938354Z GgufKQuantDequantTest > propertySelectsArmAndItIsBitIdenticalInAFreshJvm(int, String) > maxBits=128 dequant=simd-int PASSED
build	Build + Test	2026-10-04T13:37:16.9939395Z 
build	Build + Test	2026-10-04T13:37:16.9940243Z GgufKQuantDequantTest > propertySelectsArmAndItIsBitIdenticalInAFreshJvm(int, String) > maxBits=128 dequant=simd-split PASSED
build	Build + Test	2026-10-04T13:37:16.9941283Z 
build	Build + Test	2026-10-04T13:37:16.9942101Z GgufKQuantDequantTest > propertySelectsArmAndItIsBitIdenticalInAFreshJvm(int, String) > maxBits=256 dequant=scalar PASSED
build	Build + Test	2026-10-04T13:37:18.2515322Z 
build	Build + Test	2026-10-04T13:37:18.2546574Z > Task :vectors-ingest:compileTestJava
build	Build + Test	2026-10-04T13:37:18.2646736Z > Task :vectors-ingest:testClasses
build	Build + Test	2026-10-04T13:37:18.2733932Z > Task :vectors-ingest:spotbugsTest SKIPPED
build	Build + Test	2026-10-04T13:37:18.5497435Z 
build	Build + Test	2026-10-04T13:37:18.5557978Z > Task :vectors-hnsw:test
build	Build + Test	2026-10-04T13:37:18.5587295Z 
build	Build + Test	2026-10-04T13:37:18.5621784Z HnswSearcherTest > AllSimilarityFunctions > recall_above85_forAllFunctions(SimilarityFunction) > [2] sim=DOT_PRODUCT PASSED
build	Build + Test	2026-10-04T13:37:18.5647402Z 
build	Build + Test	2026-10-04T13:37:18.5688370Z HnswSearcherTest > AllSimilarityFunctions > recall_above85_forAllFunctions(SimilarityFunction) > [3] sim=COSINE PASSED
build	Build + Test	2026-10-04T13:37:18.5717389Z 
build	Build + Test	2026-10-04T13:37:18.5748365Z HnswSearcherTest > AllSimilarityFunctions > recall_above85_forAllFunctions(SimilarityFunction) > [4] sim=MAXIMUM_INNER_PRODUCT PASSED
build	Build + Test	2026-10-04T13:37:18.5749501Z 
build	Build + Test	2026-10-04T13:37:18.5750373Z HnswSearcherTest > AllSimilarityFunctions > searchWithAllFunctions_returnsFiniteScores(SimilarityFunction) > [1] sim=EUCLIDEAN PASSED
build	Build + Test	2026-10-04T13:37:18.5751432Z 
build	Build + Test	2026-10-04T13:37:18.5752316Z HnswSearcherTest > AllSimilarityFunctions > searchWithAllFunctions_returnsFiniteScores(SimilarityFunction) > [2] sim=DOT_PRODUCT PASSED
build	Build + Test	2026-10-04T13:37:18.5753848Z 
build	Build + Test	2026-10-04T13:37:18.5754683Z HnswSearcherTest > AllSimilarityFunctions > searchWithAllFunctions_returnsFiniteScores(SimilarityFunction) > [3] sim=COSINE PASSED
build	Build + Test	2026-10-04T13:37:18.5755700Z 
build	Build + Test	2026-10-04T13:37:18.5756673Z HnswSearcherTest > AllSimilarityFunctions > searchWithAllFunctions_returnsFiniteScores(SimilarityFunction) > [4] sim=MAXIMUM_INNER_PRODUCT PASSED
build	Build + Test	2026-10-04T13:37:19.2517389Z 
build	Build + Test	2026-10-04T13:37:19.2548091Z HnswSearcherTest > MediumDatasetSearch > searchAllQueries_averageRecall_above90() PASSED
build	Build + Test	2026-10-04T13:37:20.3521722Z 
build	Build + Test	2026-10-04T13:37:20.3587992Z HnswSearcherTest > MediumDatasetSearch > recall10_above90_euclidean() PASSED
build	Build + Test	2026-10-04T13:37:20.4517197Z 
build	Build + Test	2026-10-04T13:37:20.4608075Z HnswSearcherTest > SmallDatasetSearch > recall10_above80_euclidean() PASSED
build	Build + Test	2026-10-04T13:37:20.4637172Z 
build	Build + Test	2026-10-04T13:37:20.4647865Z HnswSearcherTest > SmallDatasetSearch > recall10_above80_cosine() PASSED
build	Build + Test	2026-10-04T13:37:20.4677253Z 
build	Build + Test	2026-10-04T13:37:20.4708149Z HnswSearcherTest > SmallDatasetSearch > selfQuery_returnsQueryAsTopResult() PASSED
build	Build + Test	2026-10-04T13:37:20.4709113Z 
build	Build + Test	2026-10-04T13:37:20.4732163Z HnswSearcherTest > SmallDatasetSearch > recallIncreasesWithEfSearch() PASSED
build	Build + Test	2026-10-04T13:37:20.4757203Z 
build	Build + Test	2026-10-04T13:37:20.4788086Z HnswSearcherTest > BasicSearch > efSearchLessThanK_throws() PASSED
build	Build + Test	2026-10-04T13:37:20.4814654Z 
build	Build + Test	2026-10-04T13:37:20.4833266Z HnswSearcherTest > BasicSearch > searchTwoVectors_returnsNearest() PASSED
build	Build + Test	2026-10-04T13:37:20.4847184Z 
build	Build + Test	2026-10-04T13:37:20.4878017Z HnswSearcherTest > BasicSearch > searchSingleVector_returnsSelf() PASSED
build	Build + Test	2026-10-04T13:37:20.4907380Z 
build	Build + Test	2026-10-04T13:37:20.4934317Z HnswSearcherTest > BasicSearch > searchReturnsRequestedK() PASSED
build	Build + Test	2026-10-04T13:37:20.4935398Z 
build	Build + Test	2026-10-04T13:37:20.4957989Z HnswSearcherTest > BasicSearch > searchResultsSortedByScoreDescending() PASSED
build	Build + Test	2026-10-04T13:37:24.6497664Z 
build	Build + Test	2026-10-04T13:37:24.6505997Z WARNING: Using incubator modules: jdk.incubator.vector
build	Build + Test	2026-10-04T13:37:24.6523684Z > Task :vectors-ingest:test
build	Build + Test	2026-10-04T13:37:24.6529822Z 
build	Build + Test	2026-10-04T13:37:24.6530473Z BatchAccumulatorTest > drainReturnsRemainingThenEmpty() PASSED
build	Build + Test	2026-10-04T13:37:24.6531222Z 
build	Build + Test	2026-10-04T13:37:24.6531741Z BatchAccumulatorTest > pendingCountersTrackBuffer() PASSED
build	Build + Test	2026-10-04T13:37:24.6532426Z 
build	Build + Test	2026-10-04T13:37:24.6532895Z BatchAccumulatorTest > flushesWhenMaxDocsHit() PASSED
build	Build + Test	2026-10-04T13:37:24.6533584Z 
build	Build + Test	2026-10-04T13:37:24.6534149Z BatchAccumulatorTest > sizeOfCountsTextAndBlob() PASSED
build	Build + Test	2026-10-04T13:37:24.6534883Z 
build	Build + Test	2026-10-04T13:37:24.6535371Z BatchAccumulatorTest > batchIdsAreMonotonic() PASSED
build	Build + Test	2026-10-04T13:37:24.6536034Z 
build	Build + Test	2026-10-04T13:37:24.6536439Z BatchAccumulatorTest > timedFlush() PASSED
build	Build + Test	2026-10-04T13:37:24.6537442Z 
build	Build + Test	2026-10-04T13:37:24.6537967Z BatchAccumulatorTest > flushesWhenMaxBytesHit() PASSED
build	Build + Test	2026-10-04T13:37:24.6538676Z 
build	Build + Test	2026-10-04T13:37:24.6539251Z BatchAccumulatorTest > emptyDrainAndTimedFlushAreNoOps() PASSED
build	Build + Test	2026-10-04T13:37:24.6540020Z 
build	Build + Test	2026-10-04T13:37:24.6540498Z BatchPolicyTest > rejectsNonPositiveDocs() PASSED
build	Build + Test	2026-10-04T13:37:24.6541205Z 
build	Build + Test	2026-10-04T13:37:24.6541743Z BatchPolicyTest > rejectsZeroOrNegativeLatency() PASSED
build	Build + Test	2026-10-04T13:37:24.6542464Z 
build	Build + Test	2026-10-04T13:37:24.6542963Z BatchPolicyTest > rejectsNonPositiveBytes() PASSED
build	Build + Test	2026-10-04T13:37:24.6543659Z 
build	Build + Test	2026-10-04T13:37:24.6544104Z BatchPolicyTest > defaultsAreSane() PASSED
build	Build + Test	2026-10-04T13:37:24.6544722Z 
build	Build + Test	2026-10-04T13:37:24.6545120Z BatchTest > rejectsEmpty() PASSED
build	Build + Test	2026-10-04T13:37:24.6545977Z 
build	Build + Test	2026-10-04T13:37:24.6546405Z BatchTest > preservesOrderAndOffsets() PASSED
build	Build + Test	2026-10-04T13:37:24.6547521Z 
build	Build + Test	2026-10-04T13:37:24.6547930Z BatchTest > docsListIsImmutable() PASSED
build	Build + Test	2026-10-04T13:37:24.6548515Z 
build	Build + Test	2026-10-04T13:37:24.6548910Z BatchTest > rejectsNegativeBatchId() PASSED
build	Build + Test	2026-10-04T13:37:24.6549480Z 
build	Build + Test	2026-10-04T13:37:24.6549912Z BulkIngestorTest > buildRequiresEmbedder() PASSED
build	Build + Test	2026-10-04T13:37:24.6550545Z 
build	Build + Test	2026-10-04T13:37:24.6551089Z BulkIngestorTest > metricsReturnZeroBeforeFirstIngest() PASSED
build	Build + Test	2026-10-04T13:37:24.6551818Z 
build	Build + Test	2026-10-04T13:37:24.6552266Z BulkIngestorTest > buildRequiresVectorSink() PASSED
build	Build + Test	2026-10-04T13:37:24.6553188Z 
build	Build + Test	2026-10-04T13:37:24.6553717Z BulkIngestorTest > metricsAfterIngestReflectCounters() PASSED
build	Build + Test	2026-10-04T13:37:24.6554449Z 
build	Build + Test	2026-10-04T13:37:24.6554886Z BulkIngestorTest > smokeIngestEndToEnd() PASSED
build	Build + Test	2026-10-04T13:37:24.6555531Z 
build	Build + Test	2026-10-04T13:37:24.6556055Z BulkIngestorTest > builderRejectsNonPositiveTuning() PASSED
build	Build + Test	2026-10-04T13:37:24.6557022Z 
build	Build + Test	2026-10-04T13:37:24.6557561Z BulkIngestorTest > closedIngestorRefusesIngest() PASSED
build	Build + Test	2026-10-04T13:37:24.6559032Z 
build	Build + Test	2026-10-04T13:37:24.6559493Z EmbeddedDocTest > buildsHappyPath() PASSED
build	Build + Test	2026-10-04T13:37:24.6560100Z 
build	Build + Test	2026-10-04T13:37:24.6560585Z EmbeddedDocTest > rejectsNegativeOffset() PASSED
build	Build + Test	2026-10-04T13:37:24.6579042Z 
build	Build + Test	2026-10-04T13:37:24.6617705Z EmbeddedDocTest > rejectsEmptyVector() PASSED
build	Build + Test	2026-10-04T13:37:24.6618588Z 
build	Build + Test	2026-10-04T13:37:24.6619127Z IngestDocTest > textFactoryWiresDefaultMime() PASSED
build	Build + Test	2026-10-04T13:37:24.6619822Z 
build	Build + Test	2026-10-04T13:37:24.6621245Z IngestDocTest > rejectsDocWithoutPayload() PASSED
build	Build + Test	2026-10-04T13:37:24.6622015Z 
build	Build + Test	2026-10-04T13:37:24.6622494Z IngestDocTest > attrsBecomeImmutable() PASSED
build	Build + Test	2026-10-04T13:37:24.6623161Z 
build	Build + Test	2026-10-04T13:37:24.6623716Z IngestDocTest > precomputedVectorIsDefensivelyCopied() PASSED
build	Build + Test	2026-10-04T13:37:24.6624444Z 
build	Build + Test	2026-10-04T13:37:24.6624900Z IngestDocTest > blobIsDefensivelyCopied() PASSED
build	Build + Test	2026-10-04T13:37:24.6625577Z 
build	Build + Test	2026-10-04T13:37:24.6626014Z IngestDocTest > rejectsBlankId() PASSED
build	Build + Test	2026-10-04T13:37:24.6626606Z 
build	Build + Test	2026-10-04T13:37:24.6627360Z IngestMetricsTest > rejectsNegativeCounters() PASSED
build	Build + Test	2026-10-04T13:37:24.6628150Z 
build	Build + Test	2026-10-04T13:37:24.6628607Z IngestMetricsTest > buildsHappyPath() PASSED
build	Build + Test	2026-10-04T13:37:24.6629235Z 
build	Build + Test	2026-10-04T13:37:24.6629751Z IngestMetricsTest > normalisesNullErrorOptional() PASSED
build	Build + Test	2026-10-04T13:37:24.6630468Z 
build	Build + Test	2026-10-04T13:37:24.6631144Z IngestPipelineErrorTest > sinkFailureFailFastBubblesIOException() PASSED
build	Build + Test	2026-10-04T13:37:24.6632021Z 
build	Build + Test	2026-10-04T13:37:24.6632648Z IngestPipelineErrorTest > emptySourceProducesEmptyResult() PASSED
build	Build + Test	2026-10-04T13:37:24.6633473Z 
build	Build + Test	2026-10-04T13:37:24.6634267Z IngestPipelineErrorTest > sinkFailureContinueRecordsErrorButProcessesRemaining() PASSED
build	Build + Test	2026-10-04T13:37:24.6635245Z 
build	Build + Test	2026-10-04T13:37:24.6635882Z IngestPipelineTest > producerClosesSourceIteratorOnEarlyAbort() PASSED
build	Build + Test	2026-10-04T13:37:24.6636671Z 
build	Build + Test	2026-10-04T13:37:24.6637545Z IngestPipelineTest > producerClosesSourceIteratorOnHappyPath() PASSED
build	Build + Test	2026-10-04T13:37:24.6638371Z 
build	Build + Test	2026-10-04T13:37:24.6638844Z IngestPipelineTest > singleBatchHappyPath() PASSED
build	Build + Test	2026-10-04T13:37:24.6639480Z 
build	Build + Test	2026-10-04T13:37:24.6640047Z IngestPipelineTest > embedderFailureSurfacesAndAbortsRun() PASSED
build	Build + Test	2026-10-04T13:37:24.6640787Z 
build	Build + Test	2026-10-04T13:37:24.6641296Z IngestPipelineTest > resumesFromPersistedCursor() PASSED
build	Build + Test	2026-10-04T13:37:24.6641967Z 
build	Build + Test	2026-10-04T13:37:24.6642446Z IngestPipelineTest > honoursSourceStartOffset() PASSED
build	Build + Test	2026-10-04T13:37:24.6643102Z 
build	Build + Test	2026-10-04T13:37:24.6643620Z IngestPipelineTest > freshCursorDoesNotSkipAnyDocs() PASSED
build	Build + Test	2026-10-04T13:37:24.6644318Z 
build	Build + Test	2026-10-04T13:37:24.6645021Z IngestPipelineTest > continueOnErrorDoesNotAdvanceCursorPastADroppedBatch() PASSED
build	Build + Test	2026-10-04T13:37:24.6645964Z 
build	Build + Test	2026-10-04T13:37:24.6646609Z IngestPipelineTest > multipleBatchesPreserveSourceOrder() PASSED
build	Build + Test	2026-10-04T13:37:24.6647862Z 
build	Build + Test	2026-10-04T13:37:24.6648468Z IngestResultTest > rejectsNegativeCounters() PASSED
build	Build + Test	2026-10-04T13:37:24.6649386Z 
build	Build + Test	2026-10-04T13:37:24.6650521Z IngestResultTest > buildsHappyPath() PASSED
build	Build + Test	2026-10-04T13:37:24.6651348Z 
build	Build + Test	2026-10-04T13:37:24.6652007Z IngestResultTest > normalisesNullErrorOptional() PASSED
build	Build + Test	2026-10-04T13:37:24.6652937Z 
build	Build + Test	2026-10-04T13:37:24.6653562Z IngestResultTest > rejectsNegativeDuration() PASSED
build	Build + Test	2026-10-04T13:37:24.6654419Z 
build	Build + Test	2026-10-04T13:37:24.6655057Z RetryPolicyTest > successOnSecondAttempt() PASSED
build	Build + Test	2026-10-04T13:37:24.6655927Z 
build	Build + Test	2026-10-04T13:37:24.6656643Z RetryPolicyTest > backoffGrowsExponentiallyAndCaps() PASSED
build	Build + Test	2026-10-04T13:37:24.6657560Z 
build	Build + Test	2026-10-04T13:37:24.6658033Z RetryPolicyTest > illegalStateBypassesRetry() PASSED
build	Build + Test	2026-10-04T13:37:24.6658933Z 
build	Build + Test	2026-10-04T13:37:24.6659381Z RetryPolicyTest > jitterStaysWithinBounds() PASSED
build	Build + Test	2026-10-04T13:37:24.6660004Z 
build	Build + Test	2026-10-04T13:37:24.6660464Z RetryPolicyTest > rejectsBadConstructorArgs() PASSED
build	Build + Test	2026-10-04T13:37:24.6661110Z 
build	Build + Test	2026-10-04T13:37:24.6661591Z RetryPolicyTest > illegalArgumentBypassesRetry() PASSED
build	Build + Test	2026-10-04T13:37:24.6662258Z 
build	Build + Test	2026-10-04T13:37:24.6662828Z RetryPolicyTest > retriesUpToMaxAttemptsThenThrowsLast() PASSED
build	Build + Test	2026-10-04T13:37:24.6663576Z 
build	Build + Test	2026-10-04T13:37:24.6664052Z InMemoryCursorTest > overwritesPreviousOffset() PASSED
build	Build + Test	2026-10-04T13:37:24.6664723Z 
build	Build + Test	2026-10-04T13:37:24.6665133Z InMemoryCursorTest > rejectsNegativeOffset() PASSED
build	Build + Test	2026-10-04T13:37:24.6665641Z 
build	Build + Test	2026-10-04T13:37:24.6665888Z InMemoryCursorTest > roundTrips() PASSED
build	Build + Test	2026-10-04T13:37:24.6666286Z 
build	Build + Test	2026-10-04T13:37:24.6666601Z InMemoryCursorTest > unknownSourceReturnsZero() PASSED
build	Build + Test	2026-10-04T13:37:24.6667345Z 
build	Build + Test	2026-10-04T13:37:24.6667701Z R2KeyCursorTest > snapshotJsonReflectsState() PASSED
build	Build + Test	2026-10-04T13:37:24.6668528Z 
build	Build + Test	2026-10-04T13:37:24.6668955Z R2KeyCursorTest > preloadedFreshCursorDetectsFirstSaveRace() PASSED
build	Build + Test	2026-10-04T13:37:24.6669548Z 
build	Build + Test	2026-10-04T13:37:24.6669825Z R2KeyCursorTest > rejectsNegativeOffset() PASSED
build	Build + Test	2026-10-04T13:37:24.6670271Z 
build	Build + Test	2026-10-04T13:37:24.6670748Z R2KeyCursorTest > firstSaveUsesConditionalPutNullThenRefreshesEtag() PASSED
build	Build + Test	2026-10-04T13:37:24.6671413Z 
build	Build + Test	2026-10-04T13:37:24.6671723Z R2KeyCursorTest > rejectsBadConstructorArgs() PASSED
build	Build + Test	2026-10-04T13:37:24.6672182Z 
build	Build + Test	2026-10-04T13:37:24.6672584Z R2KeyCursorTest > unknownSourceReturnsZeroOnFreshBackend() PASSED
build	Build + Test	2026-10-04T13:37:24.6673163Z 
build	Build + Test	2026-10-04T13:37:24.6673414Z R2KeyCursorTest > honorsCustomKey() PASSED
build	Build + Test	2026-10-04T13:37:24.6673829Z 
build	Build + Test	2026-10-04T13:37:24.6674237Z R2KeyCursorTest > casConflictThrowsConcurrentModification() PASSED
build	Build + Test	2026-10-04T13:37:24.6674805Z 
build	Build + Test	2026-10-04T13:37:24.6675277Z R2KeyCursorTest > inMemoryOffsetNotAdvancedWhenDurableWriteThrows() PASSED
build	Build + Test	2026-10-04T13:37:24.6675932Z 
build	Build + Test	2026-10-04T13:37:24.6676307Z R2KeyCursorTest > concurrentFreshCursorsRaceFirstSave() PASSED
build	Build + Test	2026-10-04T13:37:24.6677028Z 
build	Build + Test	2026-10-04T13:37:24.6677331Z R2KeyCursorTest > roundTripsAcrossInstances() PASSED
build	Build + Test	2026-10-04T13:37:24.6677804Z 
build	Build + Test	2026-10-04T13:37:24.6678202Z LangChain4jEmbedderTest > honoursExplicitNameAndDimension() PASSED
build	Build + Test	2026-10-04T13:37:24.6678790Z 
build	Build + Test	2026-10-04T13:37:24.6679122Z LangChain4jEmbedderTest > emptyListShortCircuits() PASSED
build	Build + Test	2026-10-04T13:37:24.6679627Z 
build	Build + Test	2026-10-04T13:37:24.6679948Z LangChain4jEmbedderTest > rejectsDocWithoutText() PASSED
build	Build + Test	2026-10-04T13:37:24.6680433Z 
build	Build + Test	2026-10-04T13:37:24.6680785Z LangChain4jEmbedderTest > rejectsBadConstructorArgs() PASSED
build	Build + Test	2026-10-04T13:37:24.6681313Z 
build	Build + Test	2026-10-04T13:37:24.6681630Z LangChain4jEmbedderTest > embedsAllDocsInOrder() PASSED
build	Build + Test	2026-10-04T13:37:24.6682114Z 
build	Build + Test	2026-10-04T13:37:24.6682457Z LangChain4jEmbedderTest > exposesNameAndDimension() PASSED
build	Build + Test	2026-10-04T13:37:24.6682968Z 
build	Build + Test	2026-10-04T13:37:24.6683389Z LangChain4jEmbedderTest > detectsDimensionMismatchFromModel() PASSED
build	Build + Test	2026-10-04T13:37:24.6683986Z 
build	Build + Test	2026-10-04T13:37:24.6684336Z PrecomputedEmbedderTest > rejectsDimensionMismatch() PASSED
build	Build + Test	2026-10-04T13:37:24.6684858Z 
build	Build + Test	2026-10-04T13:37:24.6685213Z PrecomputedEmbedderTest > rejectsBadConstructorArgs() PASSED
build	Build + Test	2026-10-04T13:37:24.6707682Z 
build	Build + Test	2026-10-04T13:37:24.6708078Z PrecomputedEmbedderTest > exposesNameAndDimension() PASSED
build	Build + Test	2026-10-04T13:37:24.6708616Z 
build	Build + Test	2026-10-04T13:37:24.6709338Z PrecomputedEmbedderTest > singleEmbedDelegatesToBatch() PASSED
build	Build + Test	2026-10-04T13:37:24.6709894Z 
build	Build + Test	2026-10-04T13:37:24.6710263Z PrecomputedEmbedderTest > returnsVectorsInInputOrder() PASSED
build	Build + Test	2026-10-04T13:37:24.6710792Z 
build	Build + Test	2026-10-04T13:37:24.6711224Z PrecomputedEmbedderTest > rejectsMissingPrecomputedVector() PASSED
build	Build + Test	2026-10-04T13:37:24.6711811Z 
build	Build + Test	2026-10-04T13:37:24.6712498Z DistributedVectorSinkPipelineTest > bulkIngestorDrivesDistributedVectorSinkBootstrapping(Path) PASSED
build	Build + Test	2026-10-04T13:37:24.6713415Z 
build	Build + Test	2026-10-04T13:37:24.6713820Z DistributedVectorSinkTest > walRotationFiresOnCadence(Path) PASSED
build	Build + Test	2026-10-04T13:37:24.6714622Z 
build	Build + Test	2026-10-04T13:37:24.6714956Z DistributedVectorSinkTest > closeIsIdempotent(Path) PASSED
build	Build + Test	2026-10-04T13:37:24.6715460Z 
build	Build + Test	2026-10-04T13:37:24.6715825Z DistributedVectorSinkTest > searchableAfterIngest(Path) PASSED
build	Build + Test	2026-10-04T13:37:24.6716367Z 
build	Build + Test	2026-10-04T13:37:24.6807413Z DistributedVectorSinkTest > retriedAddAllDoesNotDuplicateOnLiveCollection(Path) PASSED
build	Build + Test	2026-10-04T13:37:24.6808522Z 
build	Build + Test	2026-10-04T13:37:24.6809166Z DistributedVectorSinkTest > retriedAddAllDoesNotDuplicateOnBootstrap(Path) PASSED
build	Build + Test	2026-10-04T13:37:24.6809905Z 
build	Build + Test	2026-10-04T13:37:24.6810413Z DistributedVectorSinkTest > openingFlowReusesExistingCollection(Path) PASSED
build	Build + Test	2026-10-04T13:37:24.6811091Z 
build	Build + Test	2026-10-04T13:37:24.6811619Z DistributedVectorSinkTest > bootstrappingRequiresFirstBatchToCommit(Path) PASSED
build	Build + Test	2026-10-04T13:37:24.6812310Z 
build	Build + Test	2026-10-04T13:37:24.6812794Z DistributedVectorSinkTest > bootstrappingFlowBuildsOnFirstCommit(Path) PASSED
build	Build + Test	2026-10-04T13:37:24.6813525Z 
build	Build + Test	2026-10-04T13:37:24.6813822Z DirectorySourceTest > skipsHiddenFiles(Path) PASSED
build	Build + Test	2026-10-04T13:37:24.6814295Z 
build	Build + Test	2026-10-04T13:37:24.6814597Z DirectorySourceTest > blobModeKeepsBytes(Path) PASSED
build	Build + Test	2026-10-04T13:37:24.6815061Z 
build	Build + Test	2026-10-04T13:37:24.6815581Z DirectorySourceTest > fileListIsSnapshotOnFirstAccessNotDoubleWalked(Path) PASSED
build	Build + Test	2026-10-04T13:37:24.6816289Z 
build	Build + Test	2026-10-04T13:37:24.6816660Z DirectorySourceTest > missingDirectoryYieldsEmpty(Path) PASSED
build	Build + Test	2026-10-04T13:37:24.6817443Z 
build	Build + Test	2026-10-04T13:37:24.6817748Z DirectorySourceTest > resumesFromOffset(Path) PASSED
build	Build + Test	2026-10-04T13:37:24.6818214Z 
build	Build + Test	2026-10-04T13:37:24.6818648Z DirectorySourceTest > walksDirectoryEmittingOneDocPerFile(Path) PASSED
build	Build + Test	2026-10-04T13:37:24.6819253Z 
build	Build + Test	2026-10-04T13:37:24.6819698Z DirectorySourceTest > defaultCapMatchesTurbopufferDocumentLimit() PASSED
build	Build + Test	2026-10-04T13:37:24.6820324Z 
build	Build + Test	2026-10-04T13:37:24.6820702Z DirectorySourceTest > rejectsFilesLargerThanTheCap(Path) PASSED
build	Build + Test	2026-10-04T13:37:24.6821272Z 
build	Build + Test	2026-10-04T13:37:24.6821604Z DirectorySourceTest > rejectsNonPositiveCap(Path) PASSED
build	Build + Test	2026-10-04T13:37:24.6822089Z 
build	Build + Test	2026-10-04T13:37:24.6822447Z DirectorySourceTest > filesAtOrUnderCapAreRead(Path) PASSED
build	Build + Test	2026-10-04T13:37:24.6822954Z 
build	Build + Test	2026-10-04T13:37:24.6823291Z IterableSourceTest > offsetBeyondSizeYieldsEmpty() PASSED
build	Build + Test	2026-10-04T13:37:24.6823787Z 
build	Build + Test	2026-10-04T13:37:24.6824052Z IterableSourceTest > resumesFromOffset() PASSED
build	Build + Test	2026-10-04T13:37:24.6824485Z 
build	Build + Test	2026-10-04T13:37:24.6824743Z IterableSourceTest > emptySourceWorks() PASSED
build	Build + Test	2026-10-04T13:37:24.6825177Z 
build	Build + Test	2026-10-04T13:37:24.6825427Z IterableSourceTest > iteratesAllDocs() PASSED
build	Build + Test	2026-10-04T13:37:24.6825847Z 
build	Build + Test	2026-10-04T13:37:24.6826225Z JsonlSourceTest > earlyCloseReleasesFileDescriptor(Path) PASSED
build	Build + Test	2026-10-04T13:37:24.6826943Z 
build	Build + Test	2026-10-04T13:37:24.6827252Z JsonlSourceTest > readsPrecomputedVector(Path) PASSED
build	Build + Test	2026-10-04T13:37:24.6827718Z 
build	Build + Test	2026-10-04T13:37:24.6828081Z JsonlSourceTest > malformedSkippedWhenRequested(Path) PASSED
build	Build + Test	2026-10-04T13:37:24.6828597Z 
build	Build + Test	2026-10-04T13:37:24.6828859Z JsonlSourceTest > resumesFromOffset(Path) PASSED
build	Build + Test	2026-10-04T13:37:24.6829291Z 
build	Build + Test	2026-10-04T13:37:24.6829585Z JsonlSourceTest > readsSimpleTextDocs(Path) PASSED
build	Build + Test	2026-10-04T13:37:24.6830025Z 
build	Build + Test	2026-10-04T13:37:24.6830353Z JsonlSourceTest > malformedLineFailsByDefault(Path) PASSED
build	Build + Test	2026-10-04T13:37:24.6830846Z 
build	Build + Test	2026-10-04T13:37:24.6831105Z JsonlSourceTest > skipsBlankLines(Path) PASSED
build	Build + Test	2026-10-04T13:37:24.6831530Z 
build	Build + Test	2026-10-04T13:37:24.6831927Z JsonlSourceTest > closeIsIdempotentAndStopsIteration(Path) PASSED
build	Build + Test	2026-10-04T13:37:24.6832915Z 
build	Build + Test	2026-10-04T13:37:24.6833123Z > Task :vectors-ingest:check
build	Build + Test	2026-10-04T13:37:24.6833636Z > Task :vectors-ingest:build
build	Build + Test	2026-10-04T13:37:24.6833945Z 
build	Build + Test	2026-10-04T13:37:24.6834139Z > Task :vectors-core:test
build	Build + Test	2026-10-04T13:37:24.6834429Z 
build	Build + Test	2026-10-04T13:37:24.6835252Z GgufKQuantDequantTest > propertySelectsArmAndItIsBitIdenticalInAFreshJvm(int, String) > maxBits=256 dequant=simd-byte PASSED
build	Build + Test	2026-10-04T13:37:24.6836256Z 
build	Build + Test	2026-10-04T13:37:24.6890556Z GgufKQuantDequantTest > propertySelectsArmAndItIsBitIdenticalInAFreshJvm(int, String) > maxBits=256 dequant=simd-int PASSED
build	Build + Test	2026-10-04T13:37:27.8517502Z 
build	Build + Test	2026-10-04T13:37:27.8548290Z GgufKQuantDequantTest > propertySelectsArmAndItIsBitIdenticalInAFreshJvm(int, String) > maxBits=256 dequant=simd-split PASSED
build	Build + Test	2026-10-04T13:37:27.9507238Z 
build	Build + Test	2026-10-04T13:37:27.9508767Z GgufKQuantDequantTest > everyArmIsBitIdenticalToScalarOnAdversarialAndRandomBlocks(Arm, int) > SCALAR format=0 PASSED
build	Build + Test	2026-10-04T13:37:27.9537248Z 
build	Build + Test	2026-10-04T13:37:27.9568319Z GgufKQuantDequantTest > everyArmIsBitIdenticalToScalarOnAdversarialAndRandomBlocks(Arm, int) > SCALAR format=1 PASSED
build	Build + Test	2026-10-04T13:37:28.0491621Z 
build	Build + Test	2026-10-04T13:37:28.0518562Z GgufKQuantDequantTest > everyArmIsBitIdenticalToScalarOnAdversarialAndRandomBlocks(Arm, int) > SIMD_BYTE format=0 PASSED
build	Build + Test	2026-10-04T13:37:28.0537533Z 
build	Build + Test	2026-10-04T13:37:28.0548195Z GgufKQuantDequantTest > everyArmIsBitIdenticalToScalarOnAdversarialAndRandomBlocks(Arm, int) > SIMD_BYTE format=1 PASSED
build	Build + Test	2026-10-04T13:37:28.2506446Z 
build	Build + Test	2026-10-04T13:37:28.2528401Z GgufKQuantDequantTest > everyArmIsBitIdenticalToScalarOnAdversarialAndRandomBlocks(Arm, int) > SIMD_INT format=0 PASSED
build	Build + Test	2026-10-04T13:37:28.3517996Z 
build	Build + Test	2026-10-04T13:37:28.3564902Z GgufKQuantDequantTest > everyArmIsBitIdenticalToScalarOnAdversarialAndRandomBlocks(Arm, int) > SIMD_INT format=1 PASSED
build	Build + Test	2026-10-04T13:37:28.3587967Z 
build	Build + Test	2026-10-04T13:37:28.3618247Z GgufKQuantDequantTest > everyArmIsBitIdenticalToScalarOnAdversarialAndRandomBlocks(Arm, int) > SIMD_SPLIT format=0 PASSED
build	Build + Test	2026-10-04T13:37:28.3645420Z 
build	Build + Test	2026-10-04T13:37:28.3668230Z GgufKQuantDequantTest > everyArmIsBitIdenticalToScalarOnAdversarialAndRandomBlocks(Arm, int) > SIMD_SPLIT format=1 PASSED
build	Build + Test	2026-10-04T13:37:28.3697240Z 
build	Build + Test	2026-10-04T13:37:28.3698146Z GgufKQuantDequantTest > fusedArmsFallBackToSplitOnlyWithoutALaneMatchedByteSpecies() PASSED
build	Build + Test	2026-10-04T13:37:28.4503164Z 
build	Build + Test	2026-10-04T13:37:28.4528224Z GgufKQuantDequantTest > multiBlockRunsHonourSourceOffsetAndDestinationOffset(Arm, int) > SCALAR format=0 PASSED
build	Build + Test	2026-10-04T13:37:28.4557221Z 
build	Build + Test	2026-10-04T13:37:28.4558326Z GgufKQuantDequantTest > multiBlockRunsHonourSourceOffsetAndDestinationOffset(Arm, int) > SCALAR format=1 PASSED
build	Build + Test	2026-10-04T13:37:28.4576346Z 
build	Build + Test	2026-10-04T13:37:28.4618129Z GgufKQuantDequantTest > multiBlockRunsHonourSourceOffsetAndDestinationOffset(Arm, int) > SIMD_BYTE format=0 PASSED
build	Build + Test	2026-10-04T13:37:28.4646752Z 
build	Build + Test	2026-10-04T13:37:28.4678105Z GgufKQuantDequantTest > multiBlockRunsHonourSourceOffsetAndDestinationOffset(Arm, int) > SIMD_BYTE format=1 PASSED
build	Build + Test	2026-10-04T13:37:28.5492069Z 
build	Build + Test	2026-10-04T13:37:28.5508679Z GgufKQuantDequantTest > multiBlockRunsHonourSourceOffsetAndDestinationOffset(Arm, int) > SIMD_INT format=0 PASSED
build	Build + Test	2026-10-04T13:37:28.5537490Z 
build	Build + Test	2026-10-04T13:37:28.5582091Z GgufKQuantDequantTest > multiBlockRunsHonourSourceOffsetAndDestinationOffset(Arm, int) > SIMD_INT format=1 PASSED
build	Build + Test	2026-10-04T13:37:28.5594566Z 
build	Build + Test	2026-10-04T13:37:28.5608195Z GgufKQuantDequantTest > multiBlockRunsHonourSourceOffsetAndDestinationOffset(Arm, int) > SIMD_SPLIT format=0 PASSED
build	Build + Test	2026-10-04T13:37:28.5637316Z 
build	Build + Test	2026-10-04T13:37:28.5645525Z GgufKQuantDequantTest > multiBlockRunsHonourSourceOffsetAndDestinationOffset(Arm, int) > SIMD_SPLIT format=1 PASSED
build	Build + Test	2026-10-04T13:37:29.1491628Z 
build	Build + Test	2026-10-04T13:37:29.1511684Z GgufParallelSupportTest > persistentExecutorRunsEveryRowExactlyOnceAcrossRepeatedDispatches() PASSED
build	Build + Test	2026-10-04T13:37:29.2518518Z 
build	Build + Test	2026-10-04T13:37:29.2521788Z GgufParallelSupportTest > persistentExecutorSerializesConcurrentPublishersWithoutLosingRows() PASSED
build	Build + Test	2026-10-04T13:37:29.3492549Z 
build	Build + Test	2026-10-04T13:37:29.3508156Z warning: [incubating] using incubating module(s): jdk.incubator.vector
build	Build + Test	2026-10-04T13:37:29.3537765Z warning: [incubating] using incubating module(s): jdk.incubator.vector
build	Build + Test	2026-10-04T13:37:29.3538616Z > Task :vectors-ivf:javadoc
build	Build + Test	2026-10-04T13:37:29.3567447Z 2 warnings
build	Build + Test	2026-10-04T13:37:29.3567726Z 
build	Build + Test	2026-10-04T13:37:29.3571117Z > Task :vectors-hnsw:test
build	Build + Test	2026-10-04T13:37:29.3574065Z 
build	Build + Test	2026-10-04T13:37:29.3575985Z HnswSegmentScoringRecallTest > segmentPath_topK_matchesFloatArrayPath(SimilarityFunction) > [1] sim=EUCLIDEAN PASSED
build	Build + Test	2026-10-04T13:37:29.3579464Z 
build	Build + Test	2026-10-04T13:37:29.3581083Z HnswSegmentScoringRecallTest > segmentPath_topK_matchesFloatArrayPath(SimilarityFunction) > [2] sim=DOT_PRODUCT PASSED
build	Build + Test	2026-10-04T13:37:29.5500464Z 
build	Build + Test	2026-10-04T13:37:29.5508084Z > Task :vectors-ivf:javadocJar
build	Build + Test	2026-10-04T13:37:29.5538058Z > Task :vectors-ivf:assemble
build	Build + Test	2026-10-04T13:37:30.5508504Z > Task :vectors-ivf:compileTestJava
build	Build + Test	2026-10-04T13:37:30.5549619Z > Task :vectors-ivf:testClasses
build	Build + Test	2026-10-04T13:37:31.3519572Z 
build	Build + Test	2026-10-04T13:37:31.3577950Z > Task :vectors-core:test
build	Build + Test	2026-10-04T13:37:31.3641840Z 
build	Build + Test	2026-10-04T13:37:31.3699153Z GgufParallelSupportTest > persistentExecutorClosesImmediatelyAfterACompletedDispatch() PASSED
build	Build + Test	2026-10-04T13:37:31.3727122Z 
build	Build + Test	2026-10-04T13:37:31.3758153Z GgufParallelSupportTest > confinedSegmentsRemainOnTheirOwnerThread() PASSED
build	Build + Test	2026-10-04T13:37:31.3787101Z 
build	Build + Test	2026-10-04T13:37:31.3787711Z GgufParallelSupportTest > executionModePropertyIsValidated() PASSED
build	Build + Test	2026-10-04T13:37:31.3788340Z 
build	Build + Test	2026-10-04T13:37:31.3788842Z GgufParallelSupportTest > workCalculationDoesNotOverflowIntRange() PASSED
build	Build + Test	2026-10-04T13:37:31.4507533Z 
build	Build + Test	2026-10-04T13:37:31.4538091Z GgufParallelSupportTest > persistentExecutorPropagatesWorkerFailureAndRemainsReusable() PASSED
build	Build + Test	2026-10-04T13:37:31.4586399Z 
build	Build + Test	2026-10-04T13:37:31.4588364Z GgufParallelSupportTest > persistentExecutorRunsOrderedStagesWithExactRangeCoverage() PASSED
build	Build + Test	2026-10-04T13:37:31.4617185Z 
build	Build + Test	2026-10-04T13:37:31.4627851Z GgufParallelSupportTest > persistentExecutorPropagatesStageFailureAndRemainsReusable() PASSED
build	Build + Test	2026-10-04T13:37:31.4657035Z 
build	Build + Test	2026-10-04T13:37:31.4687816Z GgufParallelSupportTest > groupedRowsRemainOnOwnerWhenAnySegmentIsConfined() PASSED
build	Build + Test	2026-10-04T13:37:31.8517370Z 
build	Build + Test	2026-10-04T13:37:31.8578786Z GgufParallelSupportTest > persistentExecutorSerializesConcurrentStagePublishers() PASSED
build	Build + Test	2026-10-04T13:37:31.8638043Z 
build	Build + Test	2026-10-04T13:37:31.8747029Z GgufParallelSupportTest > parallelizesOnlyLargeMatricesWhenMultipleProcessorsAreAvailable() PASSED
build	Build + Test	2026-10-04T13:37:31.8757207Z 
build	Build + Test	2026-10-04T13:37:31.8757808Z GgufParallelSupportTest > everyExecutionModeRunsEachRowExactlyOnce() PASSED
build	Build + Test	2026-10-04T13:37:31.8758572Z 
build	Build + Test	2026-10-04T13:37:31.8759151Z GgufParallelSupportTest > pollBudgetIsSettableAtRunTimeAndParksWhenZero() PASSED
build	Build + Test	2026-10-04T13:37:31.8759852Z 
build	Build + Test	2026-10-04T13:37:31.8760602Z GgufParallelSupportTest > persistentExecutorHandlesMaximumChunkConfigurationWithoutOverflow() PASSED
build	Build + Test	2026-10-04T13:37:31.8761534Z 
build	Build + Test	2026-10-04T13:37:31.8762253Z GgufParallelSupportTest > q8ThresholdKeepsSmallMatricesSerialAndLargeMatricesParallel() PASSED
build	Build + Test	2026-10-04T13:37:31.9492108Z 
build	Build + Test	2026-10-04T13:37:31.9588456Z GgufQ8_0F32MatrixTest > expandsQ8BlocksAndMultipliesBatchMajorInputsIncludingRowAndBatchTails() PASSED
build	Build + Test	2026-10-04T13:37:31.9627386Z 
build	Build + Test	2026-10-04T13:37:31.9738182Z GgufQ8_0F32MatrixTest > rejectsInvalidGeometryStorageAndBatchRanges() PASSED
build	Build + Test	2026-10-04T13:37:31.9777154Z 
build	Build + Test	2026-10-04T13:37:31.9797770Z GgufQ8_0F32MatrixTest > reportsSerializedAndExpandedStorageCosts() PASSED
build	Build + Test	2026-10-04T13:37:31.9897284Z 
build	Build + Test	2026-10-04T13:37:31.9988292Z GgufQ8_0F32MatrixTest > ownsTheExpandedExecutionLayoutInsteadOfRetainingTheSourceSegment() PASSED
build	Build + Test	2026-10-04T13:37:32.0057250Z 
build	Build + Test	2026-10-04T13:37:32.0118139Z GgufQuantizedDotTest > q8_0BlockRangeActivationQuantizationMatchesWholeBatchExactly() PASSED
build	Build + Test	2026-10-04T13:37:32.0147210Z 
build	Build + Test	2026-10-04T13:37:32.0232078Z GgufQuantizedDotTest > q4_KQ8_KTripleBatchDotProductMatchesSeparateMatmulsExactly() PASSED
build	Build + Test	2026-10-04T13:37:32.1490962Z 
build	Build + Test	2026-10-04T13:37:32.1518310Z GgufQuantizedDotTest > q4_0Q8_0DualBatchedMatmulMatchesSeparateBatchedMatmulsExactly() PASSED
build	Build + Test	2026-10-04T13:37:32.1554000Z 
build	Build + Test	2026-10-04T13:37:32.1608157Z GgufQuantizedDotTest > q8_0Q8_0TripleBatchedMatmulMatchesSeparateBatchedMatmulsExactly() PASSED
build	Build + Test	2026-10-04T13:37:32.8537425Z 
build	Build + Test	2026-10-04T13:37:32.8598110Z > Task :vectors-db:test
build	Build + Test	2026-10-04T13:37:32.8627128Z 
build	Build + Test	2026-10-04T13:37:32.8658200Z CommitAppendsVectorsFileTest > successiveGenerationsShareTheVectorsFileAndItsContentIsCorrect(Path) PASSED
build	Build + Test	2026-10-04T13:37:45.5497067Z WARNING: Using incubator modules: jdk.incubator.vector
build	Build + Test	2026-10-04T13:37:45.5498517Z 
build	Build + Test	2026-10-04T13:37:45.5521289Z > Task :vectors-ivf:test
build	Build + Test	2026-10-04T13:37:45.5539448Z 
build	Build + Test	2026-10-04T13:37:45.5617951Z BuoyIndexTest > spillTargets_returnedArrayCannotCorruptIndex() PASSED
build	Build + Test	2026-10-04T13:37:45.5647229Z 
build	Build + Test	2026-10-04T13:37:45.5728444Z BuoyIndexTest > metricPreserved() PASSED
build	Build + Test	2026-10-04T13:37:45.5787642Z 
build	Build + Test	2026-10-04T13:37:45.5860292Z BuoyIndexTest > kReturnsCorrectCount() PASSED
build	Build + Test	2026-10-04T13:37:45.5940359Z 
build	Build + Test	2026-10-04T13:37:45.5982960Z BuoyIndexTest > routeIdsAreUniqueAndWithinRange() PASSED
build	Build + Test	2026-10-04T13:37:45.6011229Z 
build	Build + Test	2026-10-04T13:37:45.6098083Z BuoyIndexTest > memoryFootprintWithinBound_K1024_D128() PASSED
build	Build + Test	2026-10-04T13:37:45.6126591Z 
build	Build + Test	2026-10-04T13:37:45.6187968Z BuoyIndexTest > clusterSizesArePositiveAndSumToN() PASSED
build	Build + Test	2026-10-04T13:37:45.6205656Z 
build	Build + Test	2026-10-04T13:37:45.6262400Z BuoyIndexTest > clusterSizes_returnedArrayCannotCorruptIndex() PASSED
build	Build + Test	2026-10-04T13:37:45.6328516Z 
build	Build + Test	2026-10-04T13:37:45.6408049Z BuoyIndexTest > trainProducesKBuoys() PASSED
build	Build + Test	2026-10-04T13:37:45.6447144Z 
build	Build + Test	2026-10-04T13:37:45.6518037Z BuoyIndexTest > soarGammaExpandsResultsBeyondNprobe() PASSED
build	Build + Test	2026-10-04T13:37:45.6557210Z 
build	Build + Test	2026-10-04T13:37:45.6616240Z BuoyIndexTest > spillTargets_reflectMostFrequentSecondNearest() PASSED
build	Build + Test	2026-10-04T13:37:45.6717258Z 
build	Build + Test	2026-10-04T13:37:45.6770092Z BuoyIndexTest > clusterRadiiAreNonNegative() PASSED
build	Build + Test	2026-10-04T13:37:45.6834759Z 
build	Build + Test	2026-10-04T13:37:45.6895718Z BuoyIndexTest > routeIsIdempotent() PASSED
build	Build + Test	2026-10-04T13:37:45.6927256Z 
build	Build + Test	2026-10-04T13:37:45.6927733Z BuoyIndexTest > routeReturnsNprobeClusterIds() PASSED
build	Build + Test	2026-10-04T13:37:45.6928244Z 
build	Build + Test	2026-10-04T13:37:45.6928638Z BuoyIndexTest > buoyVectors_returnedArrayCannotCorruptIndex() PASSED
build	Build + Test	2026-10-04T13:37:45.6929181Z 
build	Build + Test	2026-10-04T13:37:45.6929429Z BuoyIndexTest > encodeDecodeRoundTrip() PASSED
build	Build + Test	2026-10-04T13:37:45.6929838Z 
build	Build + Test	2026-10-04T13:37:45.6930235Z BuoyIndexTest > clusterRadii_returnedArrayCannotCorruptIndex() PASSED
build	Build + Test	2026-10-04T13:37:45.6930796Z 
build	Build + Test	2026-10-04T13:37:45.6931187Z BuoyIndexTest > spillTargets_deterministic_sameDataSameResult() PASSED
build	Build + Test	2026-10-04T13:37:45.6931748Z 
build	Build + Test	2026-10-04T13:37:45.6932052Z ClusterSplitterTest > splitProducesTwoChildren() PASSED
build	Build + Test	2026-10-04T13:37:45.6932511Z 
build	Build + Test	2026-10-04T13:37:45.6932875Z ClusterSplitterTest > shouldSplit_singletonReturnsFalse() PASSED
build	Build + Test	2026-10-04T13:37:45.6949536Z 
build	Build + Test	2026-10-04T13:37:45.6949950Z ClusterSplitterTest > splitSingletonReturnsEmpty() PASSED
build	Build + Test	2026-10-04T13:37:45.6967101Z 
build	Build + Test	2026-10-04T13:37:45.6967618Z ClusterSplitterTest > forRootKDefaultMinSplitSizeEqualsK() PASSED
build	Build + Test	2026-10-04T13:37:45.6968223Z 
build	Build + Test	2026-10-04T13:37:45.6968494Z ClusterSplitterTest > costIsAdditive() PASSED
build	Build + Test	2026-10-04T13:37:45.6968927Z 
build	Build + Test	2026-10-04T13:37:45.6969248Z ClusterSplitterTest > splitChildrenAreDisjoint() PASSED
build	Build + Test	2026-10-04T13:37:45.6969727Z 
build	Build + Test	2026-10-04T13:37:45.6970045Z ClusterSplitterTest > shouldSplit_belowThreshold() PASSED
build	Build + Test	2026-10-04T13:37:45.6970539Z 
build	Build + Test	2026-10-04T13:37:45.6970847Z ClusterSplitterTest > costIsProportionalToSize() PASSED
build	Build + Test	2026-10-04T13:37:45.6971316Z 
build	Build + Test	2026-10-04T13:37:45.6971644Z ClusterSplitterTest > shouldSplit_atExactThreshold() PASSED
build	Build + Test	2026-10-04T13:37:45.6972156Z 
build	Build + Test	2026-10-04T13:37:45.6972518Z ClusterSplitterTest > rejectsMinSplitSizeLessThanTwo() PASSED
build	Build + Test	2026-10-04T13:37:45.6973177Z 
build	Build + Test	2026-10-04T13:37:45.6973501Z ClusterSplitterTest > shouldSplit_aboveThreshold() PASSED
build	Build + Test	2026-10-04T13:37:45.6973982Z 
build	Build + Test	2026-10-04T13:37:45.6974402Z ClusterSplitterTest > splitChildrenCoverAllParentOrdinals() PASSED
build	Build + Test	2026-10-04T13:37:45.6975427Z 
build	Build + Test	2026-10-04T13:37:45.6976073Z DistributedVectorCollectionManifestTest > openDiscoversAManifestAheadOfTheLocalWal(Path) PASSED
build	Build + Test	2026-10-04T13:37:45.6977089Z 
build	Build + Test	2026-10-04T13:37:45.6977726Z DistributedVectorCollectionManifestTest > commitAdvancesOnlyTheClustersItRewrites(Path) PASSED
build	Build + Test	2026-10-04T13:37:45.6978541Z 
build	Build + Test	2026-10-04T13:37:45.6979143Z DistributedVectorCollectionManifestTest > buildPublishesGenerationZeroManifest(Path) PASSED
build	Build + Test	2026-10-04T13:37:45.6979928Z 
build	Build + Test	2026-10-04T13:37:45.6980515Z DistributedVectorCollectionManifestTest > commitsAnnounceMonotonicGenerations(Path) PASSED
build	Build + Test	2026-10-04T13:37:45.6981501Z 
build	Build + Test	2026-10-04T13:37:45.6982113Z DistributedVectorCollectionManifestTest > writerIdIsRecordedAsManifestProvenance(Path) PASSED
build	Build + Test	2026-10-04T13:37:45.6982896Z 
build	Build + Test	2026-10-04T13:37:45.6983537Z DistributedVectorCollectionManifestTest > commitAdvancesTheDurableManifestGeneration(Path) PASSED
build	Build + Test	2026-10-04T13:37:45.6984340Z 
build	Build + Test	2026-10-04T13:37:45.6984924Z DistributedVectorCollectionManifestTest > openResolvesGenerationFromTheManifest(Path) PASSED
build	Build + Test	2026-10-04T13:37:45.6985703Z 
build	Build + Test	2026-10-04T13:37:45.6986202Z DistributedVectorCollectionTest > commit_thenSearchFindsCommittedVector(Path) PASSED
build	Build + Test	2026-10-04T13:37:45.7057477Z 
build	Build + Test	2026-10-04T13:37:45.7058221Z DistributedVectorCollectionTest > commit_preservesT1OnUntouchedClusters(Path) PASSED
build	Build + Test	2026-10-04T13:37:45.7058962Z 
build	Build + Test	2026-10-04T13:37:45.7059486Z DistributedVectorCollectionTest > build_sizeEqualsInitialVectorCount(Path) PASSED
build	Build + Test	2026-10-04T13:37:45.7060176Z 
build	Build + Test	2026-10-04T13:37:45.7060583Z DistributedVectorCollectionTest > commit_writesWalFile(Path) PASSED
build	Build + Test	2026-10-04T13:37:45.7061185Z 
build	Build + Test	2026-10-04T13:37:45.7061575Z DistributedVectorCollectionTest > add_incrementsSize(Path) PASSED
build	Build + Test	2026-10-04T13:37:45.7062122Z 
build	Build + Test	2026-10-04T13:37:45.7062582Z DistributedVectorCollectionTest > search_includesStagedVectors(Path) PASSED
build	Build + Test	2026-10-04T13:37:45.7063209Z 
build	Build + Test	2026-10-04T13:37:45.7063702Z DistributedVectorCollectionTest > applyTierPolicy_promotesHotCluster(Path) PASSED
build	Build + Test	2026-10-04T13:37:45.7064387Z 
build	Build + Test	2026-10-04T13:37:45.7064973Z DistributedVectorCollectionTest > commit_preservesAccessCountOnUntouchedClusters(Path) PASSED
build	Build + Test	2026-10-04T13:37:45.7065744Z 
build	Build + Test	2026-10-04T13:37:45.7066170Z DistributedVectorCollectionTest > commit_clearsStaging(Path) PASSED
build	Build + Test	2026-10-04T13:37:45.7066749Z 
build	Build + Test	2026-10-04T13:37:45.7067409Z DistributedVectorCollectionTest > searchRecall_exceedsThreshold(Path) PASSED
build	Build + Test	2026-10-04T13:37:45.7068049Z 
build	Build + Test	2026-10-04T13:37:45.7068525Z DistributedVectorCollectionTest > build_searchReturnsAtMostKHits(Path) PASSED
build	Build + Test	2026-10-04T13:37:45.7069166Z 
build	Build + Test	2026-10-04T13:37:45.7069623Z DistributedVectorCollectionTest > search_allowsConcurrentReads(Path) PASSED
build	Build + Test	2026-10-04T13:37:45.7070261Z 
build	Build + Test	2026-10-04T13:37:45.7070682Z HyperDoorEvictionTest > evictToT3_persistsToT3_and_clearsT1andT2() PASSED
build	Build + Test	2026-10-04T13:37:45.7071274Z 
build	Build + Test	2026-10-04T13:37:45.7071716Z HyperDoorEvictionTest > lookup_returnsEmptyForUnknownHyperDoor() PASSED
build	Build + Test	2026-10-04T13:37:45.7072317Z 
build	Build + Test	2026-10-04T13:37:45.7072782Z HyperDoorEvictionTest > evictToT2_persistsToBackend_and_clearsT1() PASSED
build	Build + Test	2026-10-04T13:37:45.7073417Z 
build	Build + Test	2026-10-04T13:37:45.7073854Z HyperDoorEvictionTest > lookup_returnsClusterForKnownHyperDoor() PASSED
build	Build + Test	2026-10-04T13:37:45.7074460Z 
build	Build + Test	2026-10-04T13:37:45.7074885Z HyperDoorTest > strideArithmetic_t2FileOffset_linearInOrdinal() PASSED
build	Build + Test	2026-10-04T13:37:45.7075466Z 
build	Build + Test	2026-10-04T13:37:45.7075741Z HyperDoorTest > clusterOrdinalPreserved() PASSED
build	Build + Test	2026-10-04T13:37:45.7076175Z 
build	Build + Test	2026-10-04T13:37:45.7076457Z HyperDoorTest > fullDoor_hasBothT1AndT2() PASSED
build	Build + Test	2026-10-04T13:37:45.7077067Z 
build	Build + Test	2026-10-04T13:37:45.7077345Z HyperDoorTest > t0AndT3Only_missingT1AndT2() PASSED
build	Build + Test	2026-10-04T13:37:45.7077810Z 
build	Build + Test	2026-10-04T13:37:45.7078244Z HyperDoorTest > strideArithmetic_t3ObjectOffset_linearInOrdinal() PASSED
build	Build + Test	2026-10-04T13:37:45.7078869Z 
build	Build + Test	2026-10-04T13:37:45.7079171Z HyperDoorTest > full_negativeOrdinal_throws() PASSED
build	Build + Test	2026-10-04T13:37:45.7079633Z 
build	Build + Test	2026-10-04T13:37:45.7079907Z HyperDoorTest > full_negativeDim_throws() PASSED
build	Build + Test	2026-10-04T13:37:45.7080348Z 
build	Build + Test	2026-10-04T13:37:45.7081150Z HyperDoorTest > t0AlwaysPresent_evenForT0AndT3Only() PASSED
build	Build + Test	2026-10-04T13:37:45.7081667Z 
build	Build + Test	2026-10-04T13:37:45.7082002Z HyperDoorTest > t0AndT3Only_negativeOrdinal_throws() PASSED
build	Build + Test	2026-10-04T13:37:45.7082501Z 
build	Build + Test	2026-10-04T13:37:45.7082905Z HyperDoorTest > strideArithmetic_t0BitOffset_linearInOrdinal() PASSED
build	Build + Test	2026-10-04T13:37:45.7083488Z 
build	Build + Test	2026-10-04T13:37:45.7083904Z HyperDoorTest > strideArithmetic_t1ByteOffset_linearInOrdinal() PASSED
build	Build + Test	2026-10-04T13:37:45.7084485Z 
build	Build + Test	2026-10-04T13:37:45.7084989Z IvfCosineZeroNormTest > zeroStoredVectorUnderCosineYieldsFiniteScores() PASSED
build	Build + Test	2026-10-04T13:37:45.7085674Z 
build	Build + Test	2026-10-04T13:37:45.7086392Z IvfCosineZeroNormTest > zeroQueryVectorUnderCosineYieldsFiniteScores() PASSED
build	Build + Test	2026-10-04T13:37:45.7136070Z 
build	Build + Test	2026-10-04T13:37:45.7136606Z IvfIndexIntegrationTest > searchWithEmptyResultWhenNoData() PASSED
build	Build + Test	2026-10-04T13:37:45.7137506Z 
build	Build + Test	2026-10-04T13:37:45.7137982Z IvfIndexIntegrationTest > nprobeEqualsKGivesBruteForceRecall() PASSED
build	Build + Test	2026-10-04T13:37:45.7138630Z 
build	Build + Test	2026-10-04T13:37:45.7139122Z IvfIndexIntegrationTest > soarExpansionDoesNotDegradesRecall() PASSED
build	Build + Test	2026-10-04T13:37:45.7139737Z 
build	Build + Test	2026-10-04T13:37:45.7140172Z IvfIndexIntegrationTest > hitsAreSortedByDescendingScore() PASSED
build	Build + Test	2026-10-04T13:37:45.7140779Z 
build	Build + Test	2026-10-04T13:37:45.7141203Z IvfIndexIntegrationTest > searchReturnsAtMostKResults() PASSED
build	Build + Test	2026-10-04T13:37:45.7141773Z 
build	Build + Test	2026-10-04T13:37:45.7142134Z IvfIndexIntegrationTest > idsReturnedWhenProvided() PASSED
build	Build + Test	2026-10-04T13:37:45.7142681Z 
build	Build + Test	2026-10-04T13:37:45.7143124Z IvfIndexIntegrationTest > buildAndSearchFlat_10K_K64_recall90() PASSED
build	Build + Test	2026-10-04T13:37:45.7143758Z 
build	Build + Test	2026-10-04T13:37:45.7144487Z IvfIndexIntegrationTest > CodecTests > encode_decode_roundTrip_withHarmony_preservesKeyDimensions() PASSED
build	Build + Test	2026-10-04T13:37:45.7145395Z 
build	Build + Test	2026-10-04T13:37:45.7146127Z IvfIndexIntegrationTest > CodecTests > encode_decode_roundTrip_withoutHarmony_preservesSearchResults() PASSED
build	Build + Test	2026-10-04T13:37:45.7147296Z 
build	Build + Test	2026-10-04T13:37:45.7148029Z IvfIndexIntegrationTest > CodecTests > encode_decode_roundTrip_withHarmony_pruningActivatesAfterDecode() PASSED
build	Build + Test	2026-10-04T13:37:45.7148985Z 
build	Build + Test	2026-10-04T13:37:45.7149588Z IvfIndexIntegrationTest > HarmonyTests > harmonySearch_recallAtLeast90Pct_vs_baseline() PASSED
build	Build + Test	2026-10-04T13:37:45.7150446Z 
build	Build + Test	2026-10-04T13:37:45.7151256Z IvfIndexIntegrationTest > HarmonyTests > dimensionAnalysis_partialSquaredDistance_isLowerBoundOfFullDistance() PASSED
build	Build + Test	2026-10-04T13:37:45.7152255Z 
build	Build + Test	2026-10-04T13:37:45.7152923Z IvfIndexIntegrationTest > HarmonyTests > harmonyKeyDimensions_areWithinValidDimensionRange() PASSED
build	Build + Test	2026-10-04T13:37:45.7153763Z 
build	Build + Test	2026-10-04T13:37:45.7154498Z IvfIndexIntegrationTest > HarmonyTests > dimensionAnalysis_topVarianceDimensions_returnsCorrectCount() PASSED
build	Build + Test	2026-10-04T13:37:45.7155419Z 
build	Build + Test	2026-10-04T13:37:45.7156124Z IvfIndexIntegrationTest > HarmonyTests > harmonyBuild_populatesKeyDimensions_onAllNonEmptyPartitions() PASSED
build	Build + Test	2026-10-04T13:37:45.7179144Z 
build	Build + Test	2026-10-04T13:37:45.7179516Z IvfPqTest > pqEnabledFlagFlipsIndexMode() PASSED
build	Build + Test	2026-10-04T13:37:45.7180050Z 
build	Build + Test	2026-10-04T13:37:45.7180429Z IvfPqTest > searchRequestValidatesRescoreFactor() PASSED
build	Build + Test	2026-10-04T13:37:45.7180972Z 
build	Build + Test	2026-10-04T13:37:45.7181295Z IvfPqTest > ivfPqDotProductRespectsMetric() PASSED
build	Build + Test	2026-10-04T13:37:45.7181786Z 
build	Build + Test	2026-10-04T13:37:45.7187383Z IvfPqTest > rescoreFactorOneReturnsAdcScoresDirectly() PASSED
build	Build + Test	2026-10-04T13:37:45.7188011Z 
build	Build + Test	2026-10-04T13:37:45.7188408Z IvfPqTest > ivfPqCosineRequiresRescoreForAccuracy() PASSED
build	Build + Test	2026-10-04T13:37:45.7188957Z 
build	Build + Test	2026-10-04T13:37:45.7189341Z IvfPqTest > codecRoundTripPreservesPqSearchResults() PASSED
build	Build + Test	2026-10-04T13:37:45.7189914Z 
build	Build + Test	2026-10-04T13:37:45.7190245Z IvfPqTest > ivfPqEuclideanRecallWithRescore() PASSED
build	Build + Test	2026-10-04T13:37:45.7190760Z 
build	Build + Test	2026-10-04T13:37:45.7191087Z IvfPqTest > buildParamsValidatesPqArguments() PASSED
build	Build + Test	2026-10-04T13:37:45.7191569Z 
build	Build + Test	2026-10-04T13:37:45.7191946Z IvfPqTest > pqDisabledPathIsBitIdenticalToIvfFlat() PASSED
build	Build + Test	2026-10-04T13:37:45.7192492Z 
build	Build + Test	2026-10-04T13:37:45.7192831Z IvfPqTest > codecRoundTripOnIvfFlatStillWorks() PASSED
build	Build + Test	2026-10-04T13:37:45.7193868Z 
build	Build + Test	2026-10-04T13:37:45.7194240Z SubBuoyTreeTest > leafCountEqualsKWhenNoSplits() PASSED
build	Build + Test	2026-10-04T13:37:45.7194773Z 
build	Build + Test	2026-10-04T13:37:45.7195220Z SubBuoyTreeTest > searchWithSplitClustersPreservesRecall() PASSED
build	Build + Test	2026-10-04T13:37:45.7195852Z 
build	Build + Test	2026-10-04T13:37:45.7196210Z SubBuoyTreeTest > searchRecallExceedsThreshold() PASSED
build	Build + Test	2026-10-04T13:37:45.7196731Z 
build	Build + Test	2026-10-04T13:37:45.7197326Z SubBuoyTreeTest > searchReturnsAtMostKResults() PASSED
build	Build + Test	2026-10-04T13:37:45.7197805Z 
build	Build + Test	2026-10-04T13:37:45.7198234Z SubBuoyTreeTest > depthIsGreaterThanOneWhenSplitsOccur() PASSED
build	Build + Test	2026-10-04T13:37:45.7198841Z 
build	Build + Test	2026-10-04T13:37:45.7199441Z SubBuoyTreeTest > buildSplitsLargeCluster() PASSED
build	Build + Test	2026-10-04T13:37:45.7199940Z 
build	Build + Test	2026-10-04T13:37:45.7200321Z SubBuoyTreeTest > buildProducesRootWithKClusters() PASSED
build	Build + Test	2026-10-04T13:37:45.7200871Z 
build	Build + Test	2026-10-04T13:37:45.7201185Z SubBuoyTreeTest > depthIsOneWhenNoSplits() PASSED
build	Build + Test	2026-10-04T13:37:45.7201669Z 
build	Build + Test	2026-10-04T13:37:45.7202052Z TierPolicyTest > desiredTier_thresholdsAreInclusive() PASSED
build	Build + Test	2026-10-04T13:37:45.7202621Z 
build	Build + Test	2026-10-04T13:37:45.7202996Z TierPolicyTest > defaults_hasReasonableThresholds() PASSED
build	Build + Test	2026-10-04T13:37:45.7203535Z 
build	Build + Test	2026-10-04T13:37:45.7203942Z TierPolicyTest > rejectsT1LessThanOrEqualT2Threshold() PASSED
build	Build + Test	2026-10-04T13:37:45.7204519Z 
build	Build + Test	2026-10-04T13:37:45.7204814Z TierPolicyTest > desiredTier_monotonic() PASSED
build	Build + Test	2026-10-04T13:37:45.7205268Z 
build	Build + Test	2026-10-04T13:37:45.7205641Z TierPolicyTest > applyAll_mapsEachClusterCorrectly() PASSED
build	Build + Test	2026-10-04T13:37:45.7206187Z 
build	Build + Test	2026-10-04T13:37:45.7206534Z TierPolicyTest > desiredTier_atT1Threshold_isT1() PASSED
build	Build + Test	2026-10-04T13:37:45.7307555Z 
build	Build + Test	2026-10-04T13:37:45.7308076Z TierPolicyTest > applyAll_emptyMap_returnsEmpty() PASSED
build	Build + Test	2026-10-04T13:37:45.7308602Z 
build	Build + Test	2026-10-04T13:37:45.7308939Z TierPolicyTest > rejectsNonPositiveThresholds() PASSED
build	Build + Test	2026-10-04T13:37:45.7309418Z 
build	Build + Test	2026-10-04T13:37:45.7309814Z TierPolicyTest > desiredTier_belowBothThresholds_isT3() PASSED
build	Build + Test	2026-10-04T13:37:45.7310355Z 
build	Build + Test	2026-10-04T13:37:45.7310681Z TierPolicyTest > desiredTier_atT2Threshold_isT2() PASSED
build	Build + Test	2026-10-04T13:37:45.7311180Z 
build	Build + Test	2026-10-04T13:37:45.7311600Z TierPolicyTest > defaults_t1ThresholdGreaterThanT2Threshold() PASSED
build	Build + Test	2026-10-04T13:37:45.7312185Z 
build	Build + Test	2026-10-04T13:37:45.7312795Z TieredClusterReadThroughRaceTest > concurrentColdProbes_singleFlightTheBackendFetch() PASSED
build	Build + Test	2026-10-04T13:37:45.7313591Z 
build	Build + Test	2026-10-04T13:37:45.7314275Z TieredClusterReadThroughRaceTest > dropReadThroughCacheDuringScan_doesNotCrashConcurrentScans() PASSED
build	Build + Test	2026-10-04T13:37:45.7315168Z 
build	Build + Test	2026-10-04T13:37:45.7315580Z TieredClusterTest > scanExact_largeCluster_returnsExactlyK() PASSED
build	Build + Test	2026-10-04T13:37:45.7316167Z 
build	Build + Test	2026-10-04T13:37:45.7316488Z TieredClusterTest > storeT3AndFetch_roundTrips() PASSED
build	Build + Test	2026-10-04T13:37:45.7317212Z 
build	Build + Test	2026-10-04T13:37:45.7317569Z TieredClusterTest > newCluster_hasZeroAccessCount() PASSED
build	Build + Test	2026-10-04T13:37:45.7318076Z 
build	Build + Test	2026-10-04T13:37:45.7318486Z TieredClusterTest > storeT3_usesGenerationScopedClusterKey() PASSED
build	Build + Test	2026-10-04T13:37:45.7319077Z 
build	Build + Test	2026-10-04T13:37:45.7319538Z TieredClusterTest > scanExact_returnsTopKByScore_notArbitraryK() PASSED
build	Build + Test	2026-10-04T13:37:45.7320139Z 
build	Build + Test	2026-10-04T13:37:45.7320444Z TieredClusterTest > scan_returnsAtMostKHits() PASSED
build	Build + Test	2026-10-04T13:37:45.7320911Z 
build	Build + Test	2026-10-04T13:37:45.7321301Z TieredClusterTest > scan_hitsAreInDescendingScoreOrder() PASSED
build	Build + Test	2026-10-04T13:37:45.7321844Z 
build	Build + Test	2026-10-04T13:37:45.7322271Z TieredClusterTest > scanWithT1_doesNotThrowAndReturnsResults() PASSED
build	Build + Test	2026-10-04T13:37:45.7322864Z 
build	Build + Test	2026-10-04T13:37:45.7323347Z TieredClusterTest > scanWithT1_largeCluster_returnsExactlyK() PASSED
build	Build + Test	2026-10-04T13:37:45.7323930Z 
build	Build + Test	2026-10-04T13:37:45.7324239Z TieredClusterTest > materializeT1_setsHasT1() PASSED
build	Build + Test	2026-10-04T13:37:45.7324702Z 
build	Build + Test	2026-10-04T13:37:45.7325063Z TieredClusterTest > scanWithT1_returnsGlobalOrdinals() PASSED
build	Build + Test	2026-10-04T13:37:45.7325605Z 
build	Build + Test	2026-10-04T13:37:45.7325879Z TieredClusterTest > evictT1_clearsHasT1() PASSED
build	Build + Test	2026-10-04T13:37:45.7326313Z 
build	Build + Test	2026-10-04T13:37:45.7326633Z TieredClusterTest > recordAccess_incrementsCount() PASSED
build	Build + Test	2026-10-04T13:37:45.7327832Z 
build	Build + Test	2026-10-04T13:37:45.7328135Z TieredClusterTest > newCluster_t1IsAbsent() PASSED
build	Build + Test	2026-10-04T13:37:45.7328590Z 
build	Build + Test	2026-10-04T13:37:45.7328796Z > Task :vectors-core:test
build	Build + Test	2026-10-04T13:37:45.7329106Z 
build	Build + Test	2026-10-04T13:37:45.7329739Z GgufQuantizedDotTest > q4_KQ8_KBatchedMatmulMatchesGemvAtProjectionScaleAfterWarmup() PASSED
build	Build + Test	2026-10-04T13:37:45.7330546Z 
build	Build + Test	2026-10-04T13:37:45.7331089Z GgufQuantizedDotTest > q8_0Q8_0BatchedMatmulMatchesIndependentQueriesExactly() PASSED
build	Build + Test	2026-10-04T13:37:45.7331825Z 
build	Build + Test	2026-10-04T13:37:45.7332440Z GgufQuantizedDotTest > q5_KQ8_KBatchedMatmulMatchesGemvAtProjectionScaleAfterWarmup() PASSED
build	Build + Test	2026-10-04T13:37:45.7333482Z 
build	Build + Test	2026-10-04T13:37:45.7334111Z GgufQuantizedDotTest > q8_0Q8_0DualBatchedMatmulMatchesSeparateBatchedMatmulsExactly() PASSED
build	Build + Test	2026-10-04T13:37:45.7334923Z 
build	Build + Test	2026-10-04T13:37:45.7335511Z GgufQuantizedDotTest > q8_0Q8_0TripleBatchDotProductMatchesSeparateMatmulsExactly() PASSED
build	Build + Test	2026-10-04T13:37:45.7336298Z 
build	Build + Test	2026-10-04T13:37:45.7419361Z GgufQuantizedDotTest > q5_KQ8_KBatchDotProduct_matchesQuantizedActivationReferenceWithMins() PASSED
build	Build + Test	2026-10-04T13:37:45.7420556Z 
build	Build + Test	2026-10-04T13:37:45.7421192Z GgufQuantizedDotTest > q5_KQ8_KTripleBatchDotProductMatchesSeparateMatmulsExactly() PASSED
build	Build + Test	2026-10-04T13:37:45.7421992Z 
build	Build + Test	2026-10-04T13:37:45.7422600Z GgufQuantizedDotTest > q6_KQ8_KBatchedMatmulMatchesGemvAtProjectionScaleAfterWarmup() PASSED
build	Build + Test	2026-10-04T13:37:45.7423455Z 
build	Build + Test	2026-10-04T13:37:45.7424080Z GgufQuantizedDotTest > q5_KDotProduct_matchesDecodedReferenceWithHighBitsScalesAndMins() PASSED
build	Build + Test	2026-10-04T13:37:45.7424899Z 
build	Build + Test	2026-10-04T13:37:45.7425404Z GgufQuantizedDotTest > q4_KQ8_KBatchedMatmulRejectsUndersizedSumScratch() PASSED
build	Build + Test	2026-10-04T13:37:45.7426114Z 
build	Build + Test	2026-10-04T13:37:45.7426706Z GgufQuantizedDotTest > q4_KLongOffsetRowsMatchTheEstablishedMappedKernelExactly() PASSED
build	Build + Test	2026-10-04T13:37:45.7427736Z 
build	Build + Test	2026-10-04T13:37:45.7428165Z GgufQuantizedDotTest > q4_0DotProduct_matchesDecodedReference() PASSED
build	Build + Test	2026-10-04T13:37:45.7428753Z 
build	Build + Test	2026-10-04T13:37:45.7429175Z GgufQuantizedDotTest > q6_KDotProduct_matchesDecodedReference() PASSED
build	Build + Test	2026-10-04T13:37:45.7429776Z 
build	Build + Test	2026-10-04T13:37:45.7430364Z GgufQuantizedDotTest > activationQuantizedBatchDotProducts_rejectUndersizedScratch() PASSED
build	Build + Test	2026-10-04T13:37:45.7431145Z 
build	Build + Test	2026-10-04T13:37:45.7431715Z GgufQuantizedDotTest > q4_0Q8_0ExplicitKernelModesMatchExactlyForModelSizedRows() PASSED
build	Build + Test	2026-10-04T13:37:45.7432440Z 
build	Build + Test	2026-10-04T13:37:45.7433044Z GgufQuantizedDotTest > q5_0Q8_0BatchDotProduct_quantizesTheQueryOnceUsingGgmlSemantics() PASSED
build	Build + Test	2026-10-04T13:37:45.7433812Z 
build	Build + Test	2026-10-04T13:37:45.7434315Z GgufQuantizedDotTest > q5_KMappedBatchedMatmulMatchesDirectKernelExactly() PASSED
build	Build + Test	2026-10-04T13:37:45.7435006Z 
build	Build + Test	2026-10-04T13:37:45.7435714Z GgufQuantizedDotTest > blockMajorQ8_0ActivationLayoutMatchesPackedWholeAndSplitQuantizationExactly() PASSED
build	Build + Test	2026-10-04T13:37:45.7436618Z 
build	Build + Test	2026-10-04T13:37:45.7437387Z GgufQuantizedDotTest > q4_0PrequantizedRowRangesComposeToTheExactBatchedResult() PASSED
build	Build + Test	2026-10-04T13:37:45.7469368Z 
build	Build + Test	2026-10-04T13:37:45.7470210Z GgufQuantizedDotTest > q4_KQ4_KQ6_KQ8_KTripleBatchedMatmulMatchesSeparateBatchedMatmulsExactly() PASSED
build	Build + Test	2026-10-04T13:37:45.7471124Z 
build	Build + Test	2026-10-04T13:37:45.7471673Z GgufQuantizedDotTest > q4_KDequantize_matchesDecodedReferenceAtOutputOffset() PASSED
build	Build + Test	2026-10-04T13:37:45.7472400Z 
build	Build + Test	2026-10-04T13:37:45.7473007Z GgufQuantizedDotTest > q4_KDotProduct_matchesDecodedReferenceWithPackedScalesAndMins() PASSED
build	Build + Test	2026-10-04T13:37:45.7473816Z 
build	Build + Test	2026-10-04T13:37:45.7474353Z GgufQuantizedDotTest > q4_KQ8_KBatchedMatmulMatchesIndependentQueriesExactly() PASSED
build	Build + Test	2026-10-04T13:37:45.7475065Z 
build	Build + Test	2026-10-04T13:37:45.7475629Z GgufQuantizedDotTest > q8_0Q8_0DualBatchDotProductMatchesSeparateMatmulsExactly() PASSED
build	Build + Test	2026-10-04T13:37:45.7476403Z 
build	Build + Test	2026-10-04T13:37:45.7537483Z GgufQuantizedDotTest > q6_KQ8_KBatchDotProduct_reusesIndependentScratchAcrossParallelRows() PASSED
build	Build + Test	2026-10-04T13:37:45.7538474Z 
build	Build + Test	2026-10-04T13:37:45.7539187Z GgufQuantizedDotTest > quantizedDotRejectsNonBlockAlignedDimensions() PASSED
build	Build + Test	2026-10-04T13:37:45.7540370Z 
build	Build + Test	2026-10-04T13:37:45.7540972Z GgufQuantizedDotTest > q5_KLongOffsetRowsMatchTheEstablishedMappedKernelExactly() PASSED
build	Build + Test	2026-10-04T13:37:45.7541757Z 
build	Build + Test	2026-10-04T13:37:45.7542257Z GgufQuantizedDotTest > q6_KQ8_KBatchedMatmulRejectsUndersizedScaleScratch() PASSED
build	Build + Test	2026-10-04T13:37:45.7542928Z 
build	Build + Test	2026-10-04T13:37:45.7543531Z GgufQuantizedDotTest > q8_0Q8_0BatchedMatmulMatchesGemvAtProjectionScaleAfterWarmup() PASSED
build	Build + Test	2026-10-04T13:37:45.7544308Z 
build	Build + Test	2026-10-04T13:37:45.7544856Z GgufQuantizedDotTest > q8_0Q8_0BatchedMatmulDoesNotOverflowA16BitLaneReduction() PASSED
build	Build + Test	2026-10-04T13:37:45.7545587Z 
build	Build + Test	2026-10-04T13:37:45.7546202Z GgufQuantizedDotTest > q4_KQ8_KBatchDotProduct_quantizesTheQueryOnceUsingGgmlSemantics() PASSED
build	Build + Test	2026-10-04T13:37:45.7547389Z 
build	Build + Test	2026-10-04T13:37:45.7548112Z GgufQuantizedDotTest > blockMajorQ8_0BatchRangeQuantizationMatchesWholeBatchExactlyWhenConcurrent() PASSED
build	Build + Test	2026-10-04T13:37:45.7549005Z 
build	Build + Test	2026-10-04T13:37:45.7549552Z GgufQuantizedDotTest > explicitBlockMajorQ8KernelsMatchPackedRowsExactly() PASSED
build	Build + Test	2026-10-04T13:37:45.7550313Z 
build	Build + Test	2026-10-04T13:37:45.7550814Z GgufQuantizedDotTest > q6_KQ8_KBatchedMatmulRejectsMissingKernelStrategy() PASSED
build	Build + Test	2026-10-04T13:37:45.7551490Z 
build	Build + Test	2026-10-04T13:37:45.7552017Z GgufQuantizedDotTest > q5_0Q8_0BatchedMatmulMatchesIndependentQueriesExactly() PASSED
build	Build + Test	2026-10-04T13:37:45.7552733Z 
build	Build + Test	2026-10-04T13:37:45.7553249Z GgufQuantizedDotTest > q6_KMappedBatchedMatmulMatchesDirectKernelExactly() PASSED
build	Build + Test	2026-10-04T13:37:45.7553931Z 
build	Build + Test	2026-10-04T13:37:45.7554541Z GgufQuantizedDotTest > q4_KQ4_KQ6_KQ8_KTripleBatchDotProductMatchesSeparateMatmulsExactly() PASSED
build	Build + Test	2026-10-04T13:37:45.7555334Z 
build	Build + Test	2026-10-04T13:37:45.7555904Z GgufQuantizedDotTest > q4_0Q8_0TripleBatchDotProductMatchesSeparateMatmulsExactly() PASSED
build	Build + Test	2026-10-04T13:37:45.7556652Z 
build	Build + Test	2026-10-04T13:37:45.7557363Z GgufQuantizedDotTest > q5_KQ8_KBatchedMatmulMatchesIndependentQueriesExactly() PASSED
build	Build + Test	2026-10-04T13:37:45.7558074Z 
build	Build + Test	2026-10-04T13:37:45.7558727Z GgufQuantizedDotTest > q6_KQ8_KFourQueryBlockAccumulatorMatchesWorstCaseSignedInputsExactly() PASSED
build	Build + Test	2026-10-04T13:37:45.7559573Z 
build	Build + Test	2026-10-04T13:37:45.7560000Z GgufQuantizedDotTest > q5_KBatchDotProduct_respectsRowOffsets() PASSED
build	Build + Test	2026-10-04T13:37:45.7560587Z 
build	Build + Test	2026-10-04T13:37:45.7561033Z GgufQuantizedDotTest > q4_0Q8_0SingleQueryBatchMatchesGemvExactly() PASSED
build	Build + Test	2026-10-04T13:37:45.7561645Z 
build	Build + Test	2026-10-04T13:37:45.7562053Z GgufQuantizedDotTest > q8_0DotProduct_matchesDecodedReference() PASSED
build	Build + Test	2026-10-04T13:37:45.7562631Z 
build	Build + Test	2026-10-04T13:37:45.7563199Z GgufQuantizedDotTest > q6_KLongOffsetRowsMatchTheEstablishedMappedKernelExactly() PASSED
build	Build + Test	2026-10-04T13:37:45.7563934Z 
build	Build + Test	2026-10-04T13:37:45.7564480Z GgufQuantizedDotTest > q5_KQ8_KTwoQueryBatchedMatmulMatchesIndependentQueriesExactly() PASSED
build	Build + Test	2026-10-04T13:37:45.7565206Z 
build	Build + Test	2026-10-04T13:37:45.7565746Z GgufQuantizedDotTest > q4_KQ8_KDualBatchDotProductMatchesSeparateMatmulsExactly() PASSED
build	Build + Test	2026-10-04T13:37:45.7566467Z 
build	Build + Test	2026-10-04T13:37:45.7647641Z GgufQuantizedDotTest > q4_0Q8_0BatchedMatmulMatchesIndependentQueriesNumerically() PASSED
build	Build + Test	2026-10-04T13:37:45.7648638Z 
build	Build + Test	2026-10-04T13:37:45.7649132Z GgufQuantizedDotTest > q4_0DotProduct_usesGgmlSplitNibbleLayout() PASSED
build	Build + Test	2026-10-04T13:37:45.7649769Z 
build	Build + Test	2026-10-04T13:37:45.7650392Z GgufQuantizedDotTest > q6_KQ8_KBatchDotProduct_quantizesTheQueryOnceUsingGgmlSemantics() PASSED
build	Build + Test	2026-10-04T13:37:45.7651195Z 
build	Build + Test	2026-10-04T13:37:45.7651830Z GgufQuantizedDotTest > q4_KLongOffsetBatchedMatmulMatchesTheEstablishedKernelExactly() PASSED
build	Build + Test	2026-10-04T13:37:45.7652648Z 
build	Build + Test	2026-10-04T13:37:45.7653254Z GgufQuantizedDotTest > q4_KQ8_KDualBatchedMatmulMatchesSeparateBatchedMatmulsExactly() PASSED
build	Build + Test	2026-10-04T13:37:45.7654046Z 
build	Build + Test	2026-10-04T13:37:45.7654582Z GgufQuantizedDotTest > q5_KDequantize_matchesDecodedReferenceAtOutputOffset() PASSED
build	Build + Test	2026-10-04T13:37:45.7655300Z 
build	Build + Test	2026-10-04T13:37:45.7655742Z GgufQuantizedDotTest > q4_0BatchDotProduct_respectsRowOffsets() PASSED
build	Build + Test	2026-10-04T13:37:45.7656340Z 
build	Build + Test	2026-10-04T13:37:45.7656765Z GgufQuantizedDotTest > q6_KBatchDotProduct_respectsRowOffsets() PASSED
build	Build + Test	2026-10-04T13:37:45.7657587Z 
build	Build + Test	2026-10-04T13:37:45.7658525Z GgufQuantizedDotTest > q5_0Dequantize_matchesDecodedReferenceAtOutputOffset() PASSED
build	Build + Test	2026-10-04T13:37:45.7659224Z 
build	Build + Test	2026-10-04T13:37:45.7659790Z GgufQuantizedDotTest > q4_KQ8_KBatchDotProduct_matchesDequantizedReferenceWithMins() PASSED
build	Build + Test	2026-10-04T13:37:45.7660537Z 
build	Build + Test	2026-10-04T13:37:45.7661162Z GgufQuantizedDotTest > q4_0Q8_0TripleBatchedMatmulMatchesSeparateBatchedMatmulsExactly() PASSED
build	Build + Test	2026-10-04T13:37:45.7661970Z 
build	Build + Test	2026-10-04T13:37:45.7662459Z GgufQuantizedDotTest > q5_KQ8_KBatchedMatmulRejectsUndersizedSumScratch() PASSED
build	Build + Test	2026-10-04T13:37:45.7663138Z 
build	Build + Test	2026-10-04T13:37:45.7663669Z GgufQuantizedDotTest > q5_0DotProduct_matchesDecodedReferenceWithHighBitMask() PASSED
build	Build + Test	2026-10-04T13:37:45.7664611Z 
build	Build + Test	2026-10-04T13:37:45.7665060Z GgufQuantizedDotTest > f32BatchDotProduct_rejectsTruncatedMatrix() PASSED
build	Build + Test	2026-10-04T13:37:45.7665678Z 
build	Build + Test	2026-10-04T13:37:45.7666161Z GgufQuantizedDotTest > f32BatchDotProduct_readsLittleEndianMappedRows() PASSED
build	Build + Test	2026-10-04T13:37:45.7667033Z 
build	Build + Test	2026-10-04T13:37:45.7667597Z GgufQuantizedDotTest > q6_KQ8_KBatchedMatmulMatchesIndependentQueriesExactly() PASSED
build	Build + Test	2026-10-04T13:37:45.7728379Z 
build	Build + Test	2026-10-04T13:37:45.7729080Z GgufQuantizedDotTest > q4_0Q8_0DualBatchDotProductMatchesSeparateMatmulsExactly() PASSED
build	Build + Test	2026-10-04T13:37:45.7729863Z 
build	Build + Test	2026-10-04T13:37:45.7730490Z GgufQuantizedDotTest > q4_0BlockRangeActivationQuantizationMatchesWholeBatchExactly() PASSED
build	Build + Test	2026-10-04T13:37:45.7731282Z 
build	Build + Test	2026-10-04T13:37:45.7731831Z GgufQuantizedDotTest > q5_KQ8_KDualBatchDotProductMatchesSeparateMatmulsExactly() PASSED
build	Build + Test	2026-10-04T13:37:45.7732583Z 
build	Build + Test	2026-10-04T13:37:45.7733154Z GgufQuantizedDotTest > q8_0PrequantizedRowRangesComposeToTheExactBatchedResult() PASSED
build	Build + Test	2026-10-04T13:37:45.7733933Z 
build	Build + Test	2026-10-04T13:37:45.7734570Z GgufQuantizedDotTest > q4_0Q8_0BatchedMatmulMatchesGemvAtQwenProjectionScaleAfterWarmup() PASSED
build	Build + Test	2026-10-04T13:37:45.7735374Z 
build	Build + Test	2026-10-04T13:37:45.7736001Z GgufQuantizedDotTest > q8_0Q8_0BatchDotProduct_quantizesEachQueryBlockUsingGgmlSemantics() PASSED
build	Build + Test	2026-10-04T13:37:45.7737114Z 
build	Build + Test	2026-10-04T13:37:45.7737629Z GgufQuantizedDotTest > q4_0Q8_0BatchedMatmulRejectsUndersizedLaneScratch() PASSED
build	Build + Test	2026-10-04T13:37:45.7738348Z 
build	Build + Test	2026-10-04T13:37:45.7738965Z GgufQuantizedDotTest > blockMajorQ8_0RowsRequireExplicitBlockMajorActivationStorage() PASSED
build	Build + Test	2026-10-04T13:37:45.7739752Z 
build	Build + Test	2026-10-04T13:37:45.7740366Z GgufQuantizedDotTest > q4_0Q8_0BatchDotProduct_quantizesEachQueryBlockUsingGgmlSemantics() PASSED
build	Build + Test	2026-10-04T13:37:45.7741164Z 
build	Build + Test	2026-10-04T13:37:45.7741703Z GgufQuantizedDotTest > q6_KQ8_KBatchedKernelStrategiesMatchTheDefaultExactly() PASSED
build	Build + Test	2026-10-04T13:37:45.7742429Z 
build	Build + Test	2026-10-04T13:37:45.7742880Z GgufQuantizedDotTest > q8_0BatchRejectsInvalidShapeAndBlockRanges() PASSED
build	Build + Test	2026-10-04T13:37:45.7743518Z 
build	Build + Test	2026-10-04T13:37:45.7744009Z GgufQuantizedDotTest > q8_0Q8_0BatchedMatmulRejectsUndersizedScaleScratch() PASSED
build	Build + Test	2026-10-04T13:37:45.7744679Z 
build	Build + Test	2026-10-04T13:37:45.7745163Z GgufQuantizedDotTest > q5_0Q8_0BatchedMatmulRejectsUndersizedScaleScratch() PASSED
build	Build + Test	2026-10-04T13:37:45.7745826Z 
build	Build + Test	2026-10-04T13:37:45.7746334Z GgufQuantizedDotTest > q6_KDequantize_matchesDecodedReferenceAtOutputOffset() PASSED
build	Build + Test	2026-10-04T13:37:45.7747240Z 
build	Build + Test	2026-10-04T13:37:45.7747654Z GgufQuantizedDotTest > q8_0BatchDotProduct_respectsRowOffsets() PASSED
build	Build + Test	2026-10-04T13:37:45.7748230Z 
build	Build + Test	2026-10-04T13:37:45.7748744Z GgufQuantizedDotTest > q4_0Q8_0BatchedMatmulMatchesGemvReductionAcrossBlocks() PASSED
build	Build + Test	2026-10-04T13:37:45.7749442Z 
build	Build + Test	2026-10-04T13:37:45.7749833Z MaxBitsSelectionTest > capsSpeciesWiderThanTheCeiling() PASSED
build	Build + Test	2026-10-04T13:37:45.7750384Z 
build	Build + Test	2026-10-04T13:37:45.7750831Z MaxBitsSelectionTest > leavesSpeciesWithinTheCeilingUntouched() PASSED
build	Build + Test	2026-10-04T13:37:45.7751456Z 
build	Build + Test	2026-10-04T13:37:45.7751958Z MaxBitsSelectionTest > effectiveKernelWidthNeverExceedsCapOrHardware() PASSED
build	Build + Test	2026-10-04T13:37:45.7752601Z 
build	Build + Test	2026-10-04T13:37:45.7753059Z MaxBitsSelectionTest > resolvedCapMatchesTheTestJvmConfiguration() PASSED
build	Build + Test	2026-10-04T13:37:45.7753697Z 
build	Build + Test	2026-10-04T13:37:45.7754007Z MaxBitsSelectionTest > rejectsNonNumericValue() PASSED
build	Build + Test	2026-10-04T13:37:45.7754779Z 
build	Build + Test	2026-10-04T13:37:45.7755126Z MaxBitsSelectionTest > parsesValidPowerOfTwoWidths() PASSED
build	Build + Test	2026-10-04T13:37:45.7755650Z 
build	Build + Test	2026-10-04T13:37:45.7755916Z MaxBitsSelectionTest > defaultCapIs256() PASSED
build	Build + Test	2026-10-04T13:37:45.7756359Z 
build	Build + Test	2026-10-04T13:37:45.7756654Z MaxBitsSelectionTest > rejectsNonPowerOfTwo() PASSED
build	Build + Test	2026-10-04T13:37:45.7797596Z 
build	Build + Test	2026-10-04T13:37:45.7798014Z MaxBitsSelectionTest > rejectsOutOfRangeWidths() PASSED
build	Build + Test	2026-10-04T13:37:45.7798533Z 
build	Build + Test	2026-10-04T13:37:45.7798999Z Mxfp4MatrixTest > reusesOnePreparedQ8ActivationAcrossMatrices() PASSED
build	Build + Test	2026-10-04T13:37:45.7799630Z 
build	Build + Test	2026-10-04T13:37:45.7800357Z Mxfp4MatrixTest > rejectsInvalidGeometryStorageAndInvocation() PASSED
build	Build + Test	2026-10-04T13:37:45.7800969Z 
build	Build + Test	2026-10-04T13:37:45.7801497Z Mxfp4MatrixTest > decodesTheFreeTokenE2m1TableInLowThenHighNibbleOrder() PASSED
build	Build + Test	2026-10-04T13:37:45.7802202Z 
build	Build + Test	2026-10-04T13:37:45.7802709Z Mxfp4MatrixTest > q8ActivationKernelStaysCloseToF32ActivationReference() PASSED
build	Build + Test	2026-10-04T13:37:45.7803389Z 
build	Build + Test	2026-10-04T13:37:45.7803918Z Mxfp4MatrixTest > multipliesPackedRowsWithOneE8m0ScalePerThirtyTwoColumns() PASSED
build	Build + Test	2026-10-04T13:37:45.7804619Z 
build	Build + Test	2026-10-04T13:37:45.7805059Z Mxfp4MatrixTest > appliesIndependentScalesToConsecutiveBlocks() PASSED
build	Build + Test	2026-10-04T13:37:45.7805651Z 
build	Build + Test	2026-10-04T13:37:45.7806146Z Mxfp4MatrixTest > slicesRowsWithoutCopying() PASSED
build	Build + Test	2026-10-04T13:37:45.7806603Z 
build	Build + Test	2026-10-04T13:37:45.7807306Z Mxfp4MatrixTest > nativeStorageMatchesHeapStorageForPreparedQ8Execution() PASSED
build	Build + Test	2026-10-04T13:37:45.7808017Z 
build	Build + Test	2026-10-04T13:37:45.7808476Z OffsetBatchCosineBitsTest > offsetBatchPreservesWarmedScoreBits() PASSED
build	Build + Test	2026-10-04T13:37:45.7809121Z 
build	Build + Test	2026-10-04T13:37:45.7809634Z OffsetBatchCosineTest > offsetsPreserveRowOrderPaddingDuplicatesAndTails() PASSED
build	Build + Test	2026-10-04T13:37:45.7810398Z 
build	Build + Test	2026-10-04T13:37:45.7810929Z OffsetBatchCosineTest > validatesBoundsAndKeepsScalarAndZeroVectorSemantics() PASSED
build	Build + Test	2026-10-04T13:37:45.7811636Z 
build	Build + Test	2026-10-04T13:37:45.7812214Z PackedInt4GroupMatrixTest > rowMajorKernelMatchesAnIndependentDequantizedReference() PASSED
build	Build + Test	2026-10-04T13:37:45.7813026Z 
build	Build + Test	2026-10-04T13:37:45.7813663Z PackedInt4GroupMatrixTest > rightHandBatchReusesWeightsAcrossIndependentInputRows() PASSED
build	Build + Test	2026-10-04T13:37:45.7814476Z 
build	Build + Test	2026-10-04T13:37:45.7815082Z PackedInt4GroupMatrixTest > rowMajorBatchReusesWeightsAcrossIndependentInputRows() PASSED
build	Build + Test	2026-10-04T13:37:45.7815874Z 
build	Build + Test	2026-10-04T13:37:45.7816462Z PackedInt4GroupMatrixTest > publicFacadeRejectsMalformedGeometryBeforeDispatch() PASSED
build	Build + Test	2026-10-04T13:37:45.7817459Z 
build	Build + Test	2026-10-04T13:37:45.7818108Z PackedInt4GroupMatrixTest > rightHandKernelMatchesAnIndependentDequantizedReference() PASSED
build	Build + Test	2026-10-04T13:37:45.7818943Z 
build	Build + Test	2026-10-04T13:37:45.7819647Z PackedInt4GroupMatrixTest > preparedInt8BatchStaysCloseToTheFullPrecisionActivationPath() PASSED
build	Build + Test	2026-10-04T13:37:45.7861598Z 
build	Build + Test	2026-10-04T13:37:45.7862296Z PanamaConstantsTest > mappedKQuantLongOffsetPolicyResolvesAllHotPathDecisionsOnce() PASSED
build	Build + Test	2026-10-04T13:37:45.7863140Z 
build	Build + Test	2026-10-04T13:37:45.7863628Z PanamaConstantsTest > cpuInfoParserDetectsAuthenticAmdWithFmaFlag() PASSED
build	Build + Test	2026-10-04T13:37:45.7864365Z 
build	Build + Test	2026-10-04T13:37:45.7870386Z PanamaConstantsTest > hasSveIsFalseOnNonArmHosts() PASSED
build	Build + Test	2026-10-04T13:37:45.7870981Z 
build	Build + Test	2026-10-04T13:37:45.7871479Z PanamaConstantsTest > cpuInfoParserDoesNotMatchPartialSveToken() PASSED
build	Build + Test	2026-10-04T13:37:45.7872105Z 
build	Build + Test	2026-10-04T13:37:45.7872612Z PanamaConstantsTest > cpuInfoParserRejectsIntelEvenWhenFmaIsPresent() PASSED
build	Build + Test	2026-10-04T13:37:45.7873289Z 
build	Build + Test	2026-10-04T13:37:45.7873729Z PanamaConstantsTest > armArchDetectionAcceptsAarch64Aliases() PASSED
build	Build + Test	2026-10-04T13:37:45.7874332Z 
build	Build + Test	2026-10-04T13:37:45.7874950Z PanamaConstantsTest > mappedKQuantLongOffsetPolicyIsFormatRuntimeAndPlatformAware() PASSED
build	Build + Test	2026-10-04T13:37:45.7875783Z 
build	Build + Test	2026-10-04T13:37:45.7876246Z PanamaConstantsTest > cpuInfoParserDoesNotMatchPartialFmaFlag() PASSED
build	Build + Test	2026-10-04T13:37:45.7877093Z 
build	Build + Test	2026-10-04T13:37:45.7877517Z PanamaConstantsTest > cpuInfoParserRejectsSveOnX86CpuInfo() PASSED
build	Build + Test	2026-10-04T13:37:45.7878108Z 
build	Build + Test	2026-10-04T13:37:45.7878535Z PanamaConstantsTest > x86ArchDetectionAcceptsCommonAliases() PASSED
build	Build + Test	2026-10-04T13:37:45.7879484Z 
build	Build + Test	2026-10-04T13:37:45.7879936Z PanamaConstantsTest > cpuInfoParserDetectsSveOnArmFeaturesLine() PASSED
build	Build + Test	2026-10-04T13:37:45.7880554Z 
build	Build + Test	2026-10-04T13:37:45.7881117Z PanamaConstantsTest > vectorFmaPolicyIsDeterministicAcrossSupportedPlatforms() PASSED
build	Build + Test	2026-10-04T13:37:45.7881888Z 
build	Build + Test	2026-10-04T13:37:45.7882317Z PanamaGgufQuantizedDotTest > panamaProviderOwnsQ4_0Q8_0Kernel() PASSED
build	Build + Test	2026-10-04T13:37:45.7882914Z 
build	Build + Test	2026-10-04T13:37:45.7883413Z PanamaGgufQuantizedDotTest > panamaProviderOwnsQ6_KFourQueryRegisterTile() PASSED
build	Build + Test	2026-10-04T13:37:45.7908697Z 
build	Build + Test	2026-10-04T13:37:45.7909205Z PanamaGgufQuantizedDotTest > panamaProviderOwnsQ5_KFourQueryRegisterTile() PASSED
build	Build + Test	2026-10-04T13:37:45.7909853Z 
build	Build + Test	2026-10-04T13:37:45.7910351Z PanamaGgufQuantizedDotTest > panamaProviderOwnsQ4_KFourQueryRegisterTile() PASSED
build	Build + Test	2026-10-04T13:37:45.7911017Z 
build	Build + Test	2026-10-04T13:37:45.7911522Z PanamaGgufQuantizedDotTest > q6_KOneQueryBlockHelperReturnsPrimitiveSum() PASSED
build	Build + Test	2026-10-04T13:37:45.7912211Z 
build	Build + Test	2026-10-04T13:37:45.7912655Z PanamaGgufQuantizedDotTest > q5_0Q8_0IntegerLanesDecodeHighBits() PASSED
build	Build + Test	2026-10-04T13:37:45.7913260Z 
build	Build + Test	2026-10-04T13:37:45.7913694Z PanamaGgufQuantizedDotTest > panamaProviderOwnsQ6_KQ8_KKernel() PASSED
build	Build + Test	2026-10-04T13:37:45.7914292Z 
build	Build + Test	2026-10-04T13:37:45.7915138Z PanamaGgufQuantizedDotTest > q8_0BlockMajorFloatLaneAccumulatorIsDeterministicAndBoundedAcrossModelSizedInputs() PASSED
build	Build + Test	2026-10-04T13:37:45.7916180Z 
build	Build + Test	2026-10-04T13:37:45.7916617Z PanamaGgufQuantizedDotTest > panamaProviderOwnsQ5_KQ8_KKernel() PASSED
build	Build + Test	2026-10-04T13:37:45.7917877Z 
build	Build + Test	2026-10-04T13:37:45.7918434Z PanamaGgufQuantizedDotTest > q8FloatLaneScratchReusesCapacityPerThread() PASSED
build	Build + Test	2026-10-04T13:37:45.7919149Z 
build	Build + Test	2026-10-04T13:37:45.7919588Z PanamaGgufQuantizedDotTest > panamaProviderOwnsQ4_KQ8_KKernel() PASSED
build	Build + Test	2026-10-04T13:37:45.7920202Z 
build	Build + Test	2026-10-04T13:37:45.7920902Z PanamaGgufQuantizedDotTest > q8_0Q8_0BlockMajorPrequantizedRowRangesMatchScalarReferenceExactly() PASSED
build	Build + Test	2026-10-04T13:37:45.7921807Z 
build	Build + Test	2026-10-04T13:37:45.7922500Z PanamaGgufQuantizedDotTest > q4_0Q8_0UnsignedPairwiseRowPreservesSplitHalfAccumulation() PASSED
build	Build + Test	2026-10-04T13:37:45.7923310Z 
build	Build + Test	2026-10-04T13:37:45.7923941Z PanamaGgufQuantizedDotTest > q4_0Q8_0UnsignedBlockPairAccumulatesIntoCallerVectorExactly() PASSED
build	Build + Test	2026-10-04T13:37:45.7924759Z 
build	Build + Test	2026-10-04T13:37:45.7925355Z PanamaGgufQuantizedDotTest > q4_KQ8_KKernelMatchesScalarReferenceAcrossRowsAndBlocks() PASSED
build	Build + Test	2026-10-04T13:37:45.7926149Z 
build	Build + Test	2026-10-04T13:37:45.7927092Z PanamaGgufQuantizedDotTest > q4ShortPairwiseRequiresExplicitSelectionAvx2WidthAndModelSizedRows() PASSED
build	Build + Test	2026-10-04T13:37:45.7928019Z 
build	Build + Test	2026-10-04T13:37:45.7928933Z PanamaGgufQuantizedDotTest > q4_0UnsignedBlockPairsStayNumericallyCloseToGemvForOddAndEvenBlockCounts() PASSED
build	Build + Test	2026-10-04T13:37:45.7929891Z 
build	Build + Test	2026-10-04T13:37:45.7930445Z PanamaGgufQuantizedDotTest > q5_0Q8_0BatchedKernelMatchesScalarReferenceExactly() PASSED
build	Build + Test	2026-10-04T13:37:45.7931181Z 
build	Build + Test	2026-10-04T13:37:45.7931830Z PanamaGgufQuantizedDotTest > explicitQ4KernelSelectionCannotBypassHardwareEligibility() PASSED
build	Build + Test	2026-10-04T13:37:45.7932668Z 
build	Build + Test	2026-10-04T13:37:45.7933244Z PanamaGgufQuantizedDotTest > q8_0QuantizationProducesExactQ4ZeroPointCorrections() PASSED
build	Build + Test	2026-10-04T13:37:45.7934001Z 
build	Build + Test	2026-10-04T13:37:45.7934594Z PanamaGgufQuantizedDotTest > q4_0Q8_0KernelMatchesScalarReferenceAcrossRowsAndBlocks() PASSED
build	Build + Test	2026-10-04T13:37:45.7935369Z 
build	Build + Test	2026-10-04T13:37:45.7935952Z PanamaGgufQuantizedDotTest > q6_KQ8_KIntegerDotDecodesPackedWeightsAndSignedScales() PASSED
build	Build + Test	2026-10-04T13:37:45.7936715Z 
build	Build + Test	2026-10-04T13:37:45.7972048Z PanamaGgufQuantizedDotTest > q8_0Q8_0PrequantizedRowRangesMatchScalarReferenceExactly() PASSED
build	Build + Test	2026-10-04T13:37:45.7972973Z 
build	Build + Test	2026-10-04T13:37:45.7973612Z PanamaGgufQuantizedDotTest > q5_KQ8_KKernelMatchesScalarReferenceAcrossRowsAndBlocks() PASSED
build	Build + Test	2026-10-04T13:37:45.7974420Z 
build	Build + Test	2026-10-04T13:37:45.7974931Z PanamaGgufQuantizedDotTest > q6_KTwoQueryBlockHelperPacksPrimitiveSums() PASSED
build	Build + Test	2026-10-04T13:37:45.7975624Z 
build	Build + Test	2026-10-04T13:37:45.7976218Z PanamaGgufQuantizedDotTest > q5_0Q8_0KernelMatchesScalarReferenceAcrossRowsAndBlocks() PASSED
build	Build + Test	2026-10-04T13:37:45.7977784Z 
build	Build + Test	2026-10-04T13:37:45.7978435Z PanamaGgufQuantizedDotTest > q6_KQ8_KKernelMatchesScalarReferenceAcrossRowsAndBlocks() PASSED
build	Build + Test	2026-10-04T13:37:45.7979256Z 
build	Build + Test	2026-10-04T13:37:45.7979773Z PanamaGgufQuantizedDotTest > q5_KQ8_KIntegerDotDecodesPerElementHighBits() PASSED
build	Build + Test	2026-10-04T13:37:45.7980472Z 
build	Build + Test	2026-10-04T13:37:45.7981120Z PanamaGgufQuantizedDotTest > q4_KFourQueryRegisterTileRequiresMeasuredX86VectorEnvelope() PASSED
build	Build + Test	2026-10-04T13:37:45.7981951Z 
build	Build + Test	2026-10-04T13:37:45.7982754Z PanamaGgufQuantizedDotTest > q4_0Q8_0UnsignedPairwiseBatchedMatmulUsesIntegerHalvesOrTheSupportedFallback() PASSED
build	Build + Test	2026-10-04T13:37:45.7983972Z 
build	Build + Test	2026-10-04T13:37:45.7984461Z PanamaGgufQuantizedDotTest > panamaProviderOwnsQ6_KQ8_KBatchedKernel() PASSED
build	Build + Test	2026-10-04T13:37:45.7985127Z 
build	Build + Test	2026-10-04T13:37:45.7985764Z PanamaGgufQuantizedDotTest > q8_0BlockMajorRowAccumulatorMatchesScalarSplitRangeExactly() PASSED
build	Build + Test	2026-10-04T13:37:45.7986599Z 
build	Build + Test	2026-10-04T13:37:45.7987297Z PanamaGgufQuantizedDotTest > panamaProviderOwnsQ8_0Q8_0Kernel() PASSED
build	Build + Test	2026-10-04T13:37:45.7987923Z 
build	Build + Test	2026-10-04T13:37:45.7988415Z PanamaGgufQuantizedDotTest > panamaProviderOwnsQ5_KQ8_KBatchedKernel() PASSED
build	Build + Test	2026-10-04T13:37:45.7989075Z 
build	Build + Test	2026-10-04T13:37:45.7989732Z PanamaGgufQuantizedDotTest > q4HighNibblesDecodeEveryUnsignedByteWithoutCrossLaneBits() PASSED
build	Build + Test	2026-10-04T13:37:45.7990554Z 
build	Build + Test	2026-10-04T13:37:45.7991201Z PanamaGgufQuantizedDotTest > q5_KFourQueryRegisterTileRequiresMeasuredX86VectorEnvelope() PASSED
build	Build + Test	2026-10-04T13:37:45.7992033Z 
build	Build + Test	2026-10-04T13:37:45.7992644Z PanamaGgufQuantizedDotTest > q4_0Q8_0ShortPairwiseIntegerLanesMatchWidenedKernelExactly() PASSED
build	Build + Test	2026-10-04T13:37:45.7993464Z 
build	Build + Test	2026-10-04T13:37:45.7994065Z PanamaGgufQuantizedDotTest > q8_0Q8_0KernelMatchesScalarReferenceAcrossRowsAndBlocks() PASSED
build	Build + Test	2026-10-04T13:37:45.7994848Z 
build	Build + Test	2026-10-04T13:37:45.7995346Z PanamaGgufQuantizedDotTest > q4_KQ8_KIntegerDotDecodesBothNibbleHalves() PASSED
build	Build + Test	2026-10-04T13:37:45.7996035Z 
build	Build + Test	2026-10-04T13:37:45.7996521Z PanamaGgufQuantizedDotTest > q4_0Q8_0IntegerLanesSumFourProductsPerLane() PASSED
build	Build + Test	2026-10-04T13:37:45.8027613Z 
build	Build + Test	2026-10-04T13:37:45.8028161Z PanamaGgufQuantizedDotTest > panamaProviderOwnsQ4_KQ8_KBatchedKernel() PASSED
build	Build + Test	2026-10-04T13:37:45.8028849Z 
build	Build + Test	2026-10-04T13:37:45.8029492Z PanamaGgufQuantizedDotTest > q6_KFourQueryRegisterTileRequiresMeasuredX86VectorEnvelope() PASSED
build	Build + Test	2026-10-04T13:37:45.8030298Z 
build	Build + Test	2026-10-04T13:37:45.8030755Z PanamaGgufQuantizedDotTest > panamaProviderOwnsQ8_0Q8_0BatchedKernel() PASSED
build	Build + Test	2026-10-04T13:37:45.8031399Z 
build	Build + Test	2026-10-04T13:37:45.8031822Z PanamaGgufQuantizedDotTest > panamaProviderOwnsQ5_0Q8_0Kernel() PASSED
build	Build + Test	2026-10-04T13:37:45.8032424Z 
build	Build + Test	2026-10-04T13:37:45.8032931Z PanamaGgufQuantizedDotTest > q8_0BatchQuantizationCombinesQ4HalfCorrections() PASSED
build	Build + Test	2026-10-04T13:37:45.8033635Z 
build	Build + Test	2026-10-04T13:37:45.8034360Z PanamaGgufQuantizedDotTest > kQuantPackedDotHelpersReturnPrimitivesToPreserveScalarReplacement() PASSED
build	Build + Test	2026-10-04T13:37:45.8035253Z 
build	Build + Test	2026-10-04T13:37:45.8035882Z PanamaGgufQuantizedDotTest > unsignedPairwiseFallbackDoesNotComputeUnusedCorrections() PASSED
build	Build + Test	2026-10-04T13:37:45.8036670Z 
build	Build + Test	2026-10-04T13:37:45.8037484Z PreparedCosineTest > preparedBothNormsAgreeWithIndependentDoublePrecisionReference() PASSED
build	Build + Test	2026-10-04T13:37:45.8038329Z 
build	Build + Test	2026-10-04T13:37:45.8038629Z > Task :vectors-ivf:jacocoTestCoverageVerification
build	Build + Test	2026-10-04T13:37:45.8039064Z 
build	Build + Test	2026-10-04T13:37:45.8039269Z > Task :vectors-hnsw:test
build	Build + Test	2026-10-04T13:37:45.8039554Z 
build	Build + Test	2026-10-04T13:37:45.8040226Z HnswSegmentScoringRecallTest > segmentPath_topK_matchesFloatArrayPath(SimilarityFunction) > [3] sim=COSINE PASSED
build	Build + Test	2026-10-04T13:37:45.8041089Z 
build	Build + Test	2026-10-04T13:37:45.8041893Z HnswSegmentScoringRecallTest > segmentPath_topK_matchesFloatArrayPath(SimilarityFunction) > [4] sim=MAXIMUM_INNER_PRODUCT PASSED
build	Build + Test	2026-10-04T13:37:45.8042875Z 
build	Build + Test	2026-10-04T13:37:45.8043490Z PreparedQuerySearchTest > matchesOriginalScorerAcrossFiltersStorageAndMutatedQueries() PASSED
build	Build + Test	2026-10-04T13:37:45.8044290Z 
build	Build + Test	2026-10-04T13:37:45.8045457Z QuantizedSearchTest > TwoPassAllSimilarityFunctions > twoPassSearch_worksWithAllFunctions(SimilarityFunction) > [1] sim=EUCLIDEAN PASSED
build	Build + Test	2026-10-04T13:37:45.8046525Z 
build	Build + Test	2026-10-04T13:37:45.8047638Z QuantizedSearchTest > TwoPassAllSimilarityFunctions > twoPassSearch_worksWithAllFunctions(SimilarityFunction) > [2] sim=DOT_PRODUCT PASSED
build	Build + Test	2026-10-04T13:37:45.8058001Z 
build	Build + Test	2026-10-04T13:37:45.8058937Z QuantizedSearchTest > TwoPassAllSimilarityFunctions > twoPassSearch_worksWithAllFunctions(SimilarityFunction) > [3] sim=COSINE PASSED
build	Build + Test	2026-10-04T13:37:45.8060020Z 
build	Build + Test	2026-10-04T13:37:45.8061009Z QuantizedSearchTest > TwoPassAllSimilarityFunctions > twoPassSearch_worksWithAllFunctions(SimilarityFunction) > [4] sim=MAXIMUM_INNER_PRODUCT PASSED
build	Build + Test	2026-10-04T13:37:45.8062457Z 
build	Build + Test	2026-10-04T13:37:45.8062943Z QuantizedSearchTest > TwoPassRecall > recall10_withPQ_improvedByRescore() PASSED
build	Build + Test	2026-10-04T13:37:45.8063604Z 
build	Build + Test	2026-10-04T13:37:45.8064158Z QuantizedSearchTest > TwoPassRecall > twoPassRecall_improvesWithLargerCandidatePool() PASSED
build	Build + Test	2026-10-04T13:37:45.8064911Z 
build	Build + Test	2026-10-04T13:37:45.8065336Z QuantizedSearchTest > TwoPassRecall > recall10_above93_withSQ8() PASSED
build	Build + Test	2026-10-04T13:37:45.8065943Z 
build	Build + Test	2026-10-04T13:37:45.8066462Z QuantizedSearchTest > TwoPassSearch > searchTwoPass_rescoresWithFullPrecision() PASSED
build	Build + Test	2026-10-04T13:37:45.8067385Z 
build	Build + Test	2026-10-04T13:37:45.8067913Z QuantizedSearchTest > TwoPassSearch > searchTwoPass_withSQ8_returnsCorrectResults() PASSED
build	Build + Test	2026-10-04T13:37:45.8068656Z 
build	Build + Test	2026-10-04T13:37:45.8069329Z QuantizedSearchTest > TwoPassSearch > searchTwoPass_usesFullPrecisionScoring_whenNoQuantization() PASSED
build	Build + Test	2026-10-04T13:37:45.8070176Z 
build	Build + Test	2026-10-04T13:37:45.8070746Z QuantizedSearchTest > QuantizationAttachment > isQuantizationEnabled_reflectsState() PASSED
build	Build + Test	2026-10-04T13:37:45.8071526Z 
build	Build + Test	2026-10-04T13:37:45.8087316Z QuantizedSearchTest > QuantizationAttachment > enableQuantization_validatesSize() PASSED
build	Build + Test	2026-10-04T13:37:45.8088080Z 
build	Build + Test	2026-10-04T13:37:45.8088690Z QuantizedSearchTest > QuantizationAttachment > enableQuantization_validatesDimension() PASSED
build	Build + Test	2026-10-04T13:37:45.8089456Z 
build	Build + Test	2026-10-04T13:37:45.8089902Z QuantizedSearchTest > Rescore > rescore_reranksWithFullPrecision() PASSED
build	Build + Test	2026-10-04T13:37:45.8090518Z 
build	Build + Test	2026-10-04T13:37:45.8091002Z QuantizedSearchTest > Rescore > rescore_returnsTopK_whenMoreCandidatesThanK() PASSED
build	Build + Test	2026-10-04T13:37:45.8091677Z 
build	Build + Test	2026-10-04T13:37:45.8092335Z QuantizedSearchTest > RefactoredSearcher > searchWithFullPrecisionScorer_matchesOriginalSearch() PASSED
build	Build + Test	2026-10-04T13:37:45.8093177Z 
build	Build + Test	2026-10-04T13:37:45.8093781Z QuantizedSearchTest > RefactoredSearcher > searchWithCustomScorer_respectsScoringFunction() PASSED
build	Build + Test	2026-10-04T13:37:45.8094569Z 
build	Build + Test	2026-10-04T13:37:45.8095175Z QuantizedSearchTest > VectorDatasetBridge > randomAccessVectorDataset_canTrainQuantizer() PASSED
build	Build + Test	2026-10-04T13:37:45.8095953Z 
build	Build + Test	2026-10-04T13:37:45.8096530Z QuantizedSearchTest > VectorDatasetBridge > randomAccessVectorDataset_wrapsCorrectly() PASSED
build	Build + Test	2026-10-04T13:37:45.8127728Z 
build	Build + Test	2026-10-04T13:37:45.8128402Z QuantizedSearchTest > NodeScorerBasics > quantizedNodeScorer_returnsApproximateScores() PASSED
build	Build + Test	2026-10-04T13:37:45.8129236Z 
build	Build + Test	2026-10-04T13:37:45.8129884Z QuantizedSearchTest > NodeScorerBasics > fullPrecisionNodeScorer_matchesSimilarityFunction() PASSED
build	Build + Test	2026-10-04T13:37:45.8130704Z 
build	Build + Test	2026-10-04T13:37:45.8131189Z ResultDrainTest > drainMatchesLegacyOrderAndRawScoresIncludingTies() PASSED
build	Build + Test	2026-10-04T13:37:45.8131860Z 
build	Build + Test	2026-10-04T13:37:45.8132485Z ResultDrainTest > insufficientCapacityDoesNotConsumeTheQueueOrChangeTheDestination() PASSED
build	Build + Test	2026-10-04T13:37:45.8133288Z 
build	Build + Test	2026-10-04T13:37:45.8133765Z ResultDrainTest > concurrentDrainAllocatesOnlyItsDestinationArrays() PASSED
build	Build + Test	2026-10-04T13:37:45.8134427Z 
build	Build + Test	2026-10-04T13:37:45.8135403Z SearcherAllocationTest > searcherDoesNotAllocateGraphSizedResultScratch() PASSED
build	Build + Test	2026-10-04T13:37:46.1547241Z 
build	Build + Test	2026-10-04T13:37:46.1578346Z SharedVectorBuildTest > reusedReadBufferPreservesConcurrentBuilderGraphWithOneWorker() PASSED
build	Build + Test	2026-10-04T13:37:46.6491598Z 
build	Build + Test	2026-10-04T13:37:46.6507920Z SharedVectorBuildTest > reusedReadBufferPreservesSerialGraph() PASSED
build	Build + Test	2026-10-04T13:37:46.8505056Z 
build	Build + Test	2026-10-04T13:37:46.8518002Z SharedVectorBuildTest > rescoringCarriedEdgesDoesNotAliasTheSourceRow() PASSED
build	Build + Test	2026-10-04T13:37:47.0496083Z 
build	Build + Test	2026-10-04T13:37:47.0528172Z SharedVectorBuildTest > appendedRowsDoNotAliasTheInsertionQuery() PASSED
build	Build + Test	2026-10-04T13:37:47.0557959Z 
build	Build + Test	2026-10-04T13:37:47.0598116Z VectorStoreVectorsTest > exposesStoreSizeDimensionAndVectors() PASSED
build	Build + Test	2026-10-04T13:37:47.0631827Z 
build	Build + Test	2026-10-04T13:37:47.0671036Z VectorStoreVectorsTest > reusesASharedReturnBuffer() PASSED
build	Build + Test	2026-10-04T13:37:47.2537481Z 
build	Build + Test	2026-10-04T13:37:47.2567874Z > Task :vectors-db:test
build	Build + Test	2026-10-04T13:37:47.2597291Z 
build	Build + Test	2026-10-04T13:37:47.2647915Z CommitAppendsVectorsFileTest > reopeningAfterLinkedCommitsReadsEveryDocument(Path) PASSED
build	Build + Test	2026-10-04T13:37:47.5491875Z 
build	Build + Test	2026-10-04T13:37:47.5507901Z > Task :vectors-hnsw:jacocoTestCoverageVerification
build	Build + Test	2026-10-04T13:37:47.6491416Z 
build	Build + Test	2026-10-04T13:37:47.6547730Z > Task :vectors-core:test
build	Build + Test	2026-10-04T13:37:47.6607090Z 
build	Build + Test	2026-10-04T13:37:47.6637865Z PreparedCosineTest > preparedQueryPreservesArrayAndSegmentScoreBits() PASSED
build	Build + Test	2026-10-04T13:37:50.7491174Z 
build	Build + Test	2026-10-04T13:37:50.7518461Z Q4KColdHotDeterminismTest > q4_K128BitKernelIsBitIdenticalBeforeAndAfterCompilation() PASSED
build	Build + Test	2026-10-04T13:37:55.3517467Z 
build	Build + Test	2026-10-04T13:37:55.3558155Z Q4KColdHotDeterminismTest > q4_K256BitKernelIsBitIdenticalBeforeAndAfterCompilation() PASSED
build	Build + Test	2026-10-04T13:37:59.5491579Z 
build	Build + Test	2026-10-04T13:37:59.5537984Z > Task :vectors-ivf:spotbugsMain
build	Build + Test	2026-10-04T13:37:59.5598042Z > Task :vectors-hnsw:spotbugsTest SKIPPED
build	Build + Test	2026-10-04T13:37:59.5657857Z > Task :vectors-ivf:spotbugsTest SKIPPED
build	Build + Test	2026-10-04T13:37:59.5687686Z > Task :vectors-ivf:check
build	Build + Test	2026-10-04T13:37:59.5717490Z > Task :vectors-ivf:build
build	Build + Test	2026-10-04T13:37:59.5747491Z 
build	Build + Test	2026-10-04T13:37:59.5808064Z > Task :vectors-db:test
build	Build + Test	2026-10-04T13:37:59.5837331Z 
build	Build + Test	2026-10-04T13:37:59.5898526Z CommitAppendsVectorsFileTest > aStaleTailFromAFailedCommitIsHarmlessAndOverwritten(Path) PASSED
build	Build + Test	2026-10-04T13:37:59.5927422Z 
build	Build + Test	2026-10-04T13:37:59.5988325Z CommitMemoryFootprintTest > streamedMetadataEqualsTheBufferedWriter() PASSED
build	Build + Test	2026-10-04T13:37:59.6517428Z 
build	Build + Test	2026-10-04T13:37:59.6597970Z > Task :vectors-jakarta-batch:compileJava
build	Build + Test	2026-10-04T13:37:59.6607589Z > Task :vectors-jakarta-batch:classes
build	Build + Test	2026-10-04T13:37:59.6667795Z > Task :vectors-jakarta-batch:jar
build	Build + Test	2026-10-04T13:37:59.9491583Z 
build	Build + Test	2026-10-04T13:37:59.9547863Z > Task :vectors-core:test
build	Build + Test	2026-10-04T13:37:59.9607257Z 
build	Build + Test	2026-10-04T13:37:59.9608792Z Q5KColdHotDeterminismTest > q5_K128BitKernelIsBitIdenticalBeforeAndAfterCompilation() PASSED
build	Build + Test	2026-10-04T13:38:03.5520514Z warning: [incubating] using incubating module(s): jdk.incubator.vector
build	Build + Test	2026-10-04T13:38:03.5521231Z 
build	Build + Test	2026-10-04T13:38:03.5547734Z warning: [incubating] using incubating module(s): jdk.incubator.vector
build	Build + Test	2026-10-04T13:38:03.5548590Z > Task :vectors-hnsw:spotbugsMain
build	Build + Test	2026-10-04T13:38:03.5577412Z 2 warnings
build	Build + Test	2026-10-04T13:38:03.5577944Z > Task :vectors-hnsw:check
build	Build + Test	2026-10-04T13:38:03.5607312Z > Task :vectors-hnsw:build
build	Build + Test	2026-10-04T13:38:03.5607716Z 
build	Build + Test	2026-10-04T13:38:03.5607957Z > Task :vectors-jakarta-batch:javadoc
build	Build + Test	2026-10-04T13:38:03.7504943Z 
build	Build + Test	2026-10-04T13:38:03.7527869Z > Task :vectors-langchain4j:compileJava
build	Build + Test	2026-10-04T13:38:03.7557848Z > Task :vectors-langchain4j:classes
build	Build + Test	2026-10-04T13:38:03.7558756Z > Task :vectors-langchain4j:jar
build	Build + Test	2026-10-04T13:38:04.1507904Z > Task :vectors-jakarta-batch:javadocJar
build	Build + Test	2026-10-04T13:38:04.1566205Z > Task :vectors-jakarta-batch:assemble
build	Build + Test	2026-10-04T13:38:04.4518167Z > Task :vectors-jakarta-batch:compileTestJava
build	Build + Test	2026-10-04T13:38:04.4547557Z > Task :vectors-jakarta-batch:testClasses
build	Build + Test	2026-10-04T13:38:04.8500684Z 
build	Build + Test	2026-10-04T13:38:04.8540940Z > Task :vectors-core:test
build	Build + Test	2026-10-04T13:38:04.8597202Z 
build	Build + Test	2026-10-04T13:38:04.8618507Z Q5KColdHotDeterminismTest > q5_K256BitKernelIsBitIdenticalBeforeAndAfterCompilation() PASSED
build	Build + Test	2026-10-04T13:38:07.8498127Z warning: [incubating] using incubating module(s): jdk.incubator.vector
build	Build + Test	2026-10-04T13:38:07.8498847Z 
build	Build + Test	2026-10-04T13:38:07.8499135Z > Task :vectors-langchain4j:javadoc
build	Build + Test	2026-10-04T13:38:07.8538623Z warning: [incubating] using incubating module(s): jdk.incubator.vector
build	Build + Test	2026-10-04T13:38:07.8539286Z 
build	Build + Test	2026-10-04T13:38:07.8567722Z 2 warnings
build	Build + Test	2026-10-04T13:38:07.8568272Z > Task :vectors-jakarta-batch:test
build	Build + Test	2026-10-04T13:38:07.8597665Z WARNING: Using incubator modules: jdk.incubator.vector
build	Build + Test	2026-10-04T13:38:08.1504152Z 
build	Build + Test	2026-10-04T13:38:08.1525241Z ManifestMigrationBatchletTest > reportsAttentionForSomethingAMigrationCannotFix(Path) PASSED
build	Build + Test	2026-10-04T13:38:08.1592611Z 
build	Build + Test	2026-10-04T13:38:08.1638332Z ManifestMigrationBatchletTest > anAbsentOrBlankApplyIsFalseRatherThanAnError(Path) PASSED
build	Build + Test	2026-10-04T13:38:08.1738898Z 
build	Build + Test	2026-10-04T13:38:08.1803927Z > Task :vectors-langchain4j:javadocJar
build	Build + Test	2026-10-04T13:38:08.1877789Z > Task :vectors-langchain4j:assemble
build	Build + Test	2026-10-04T13:38:08.1937371Z 
build	Build + Test	2026-10-04T13:38:08.1987929Z > Task :vectors-core:test
build	Build + Test	2026-10-04T13:38:08.2058063Z 
build	Build + Test	2026-10-04T13:38:08.2148414Z Q6KColdHotDeterminismTest > q6_K256BitKernelIsBitIdenticalBeforeAndAfterCompilation() PASSED
build	Build + Test	2026-10-04T13:38:08.5517245Z 
build	Build + Test	2026-10-04T13:38:08.5547896Z > Task :vectors-jakarta-batch:test
build	Build + Test	2026-10-04T13:38:08.5623635Z 
build	Build + Test	2026-10-04T13:38:08.5668273Z ManifestMigrationBatchletTest > acceptsTrueWithSurroundingWhitespaceAndAnyCase(Path) PASSED
build	Build + Test	2026-10-04T13:38:08.5707190Z 
build	Build + Test	2026-10-04T13:38:08.5768154Z ManifestMigrationBatchletTest > migratesEveryCollectionAndReportsMigrated(Path) PASSED
build	Build + Test	2026-10-04T13:38:08.5797181Z 
build	Build + Test	2026-10-04T13:38:08.5848210Z ManifestMigrationBatchletTest > anUnrecognisedApplyValueFailsInsteadOfSilentlyDryRunning(Path) PASSED
build	Build + Test	2026-10-04T13:38:08.5857091Z 
build	Build + Test	2026-10-04T13:38:08.5947935Z ManifestMigrationBatchletTest > refusesToRunWithoutABasePath() PASSED
build	Build + Test	2026-10-04T13:38:08.5971729Z 
build	Build + Test	2026-10-04T13:38:08.6027915Z ManifestMigrationBatchletTest > aDryRunReportsPendingAndNeverMigrated(Path) PASSED
build	Build + Test	2026-10-04T13:38:08.6147257Z 
build	Build + Test	2026-10-04T13:38:08.6166116Z ManifestMigrationBatchletTest > migratedIsReturnedOnlyWhenSomethingWasActuallyWritten(Path) PASSED
build	Build + Test	2026-10-04T13:38:08.6199173Z 
build	Build + Test	2026-10-04T13:38:08.6268279Z ManifestMigrationBatchletTest > reportsCleanForADirectoryHoldingNoCollections(Path) PASSED
build	Build + Test	2026-10-04T13:38:08.6291441Z 
build	Build + Test	2026-10-04T13:38:08.6320009Z ManifestMigrationBatchletTest > theTypedConstructorAgreesWithTheInjectedForm(Path) PASSED
build	Build + Test	2026-10-04T13:38:08.6495482Z 
build	Build + Test	2026-10-04T13:38:08.6542477Z > Task :vectors-langchain4j:compileTestJava
build	Build + Test	2026-10-04T13:38:08.6577672Z > Task :vectors-jakarta-batch:jacocoTestCoverageVerification
build	Build + Test	2026-10-04T13:38:08.6637669Z > Task :vectors-jakarta-batch:spotbugsTest SKIPPED
build	Build + Test	2026-10-04T13:38:08.6668851Z > Task :vectors-langchain4j:testClasses
build	Build + Test	2026-10-04T13:38:10.6509483Z WARNING: Using incubator modules: jdk.incubator.vector
build	Build + Test	2026-10-04T13:38:10.6510079Z 
build	Build + Test	2026-10-04T13:38:10.6547896Z > Task :vectors-langchain4j:test
build	Build + Test	2026-10-04T13:38:12.3497521Z 
build	Build + Test	2026-10-04T13:38:12.3528235Z FilterConverterTest > Unsupported > containsStringThrows() PASSED
build	Build + Test	2026-10-04T13:38:12.3557309Z 
build	Build + Test	2026-10-04T13:38:12.3608141Z FilterConverterTest > Compound > nestedAndOrGt() PASSED
build	Build + Test	2026-10-04T13:38:12.4511016Z 
build	Build + Test	2026-10-04T13:38:12.4557943Z FilterConverterTest > LogicalOperators > or() PASSED
build	Build + Test	2026-10-04T13:38:12.4627552Z 
build	Build + Test	2026-10-04T13:38:12.4668145Z FilterConverterTest > LogicalOperators > and() PASSED
build	Build + Test	2026-10-04T13:38:12.4717224Z 
build	Build + Test	2026-10-04T13:38:12.4770874Z FilterConverterTest > LogicalOperators > not() PASSED
build	Build + Test	2026-10-04T13:38:12.4827444Z 
build	Build + Test	2026-10-04T13:38:12.4841649Z FilterConverterTest > Membership > isIn() PASSED
build	Build + Test	2026-10-04T13:38:12.4857362Z 
build	Build + Test	2026-10-04T13:38:12.4884260Z FilterConverterTest > Membership > isNotInWrapsInNot() PASSED
build	Build + Test	2026-10-04T13:38:12.4937487Z 
build	Build + Test	2026-10-04T13:38:12.4980070Z FilterConverterTest > NumericComparisons > lessThanOrEqualTo() PASSED
build	Build + Test	2026-10-04T13:38:12.5007215Z 
build	Build + Test	2026-10-04T13:38:12.5068017Z FilterConverterTest > NumericComparisons > greaterThanOrEqualTo() PASSED
build	Build + Test	2026-10-04T13:38:12.5157484Z 
build	Build + Test	2026-10-04T13:38:12.5197995Z FilterConverterTest > NumericComparisons > greaterThan() PASSED
build	Build + Test	2026-10-04T13:38:12.5227474Z 
build	Build + Test	2026-10-04T13:38:12.5256156Z FilterConverterTest > NumericComparisons > greaterThanWithInteger() PASSED
build	Build + Test	2026-10-04T13:38:12.5287369Z 
build	Build + Test	2026-10-04T13:38:12.5318148Z FilterConverterTest > NumericComparisons > lessThan() PASSED
build	Build + Test	2026-10-04T13:38:12.5508779Z 
build	Build + Test	2026-10-04T13:38:12.5548280Z FilterConverterTest > Equality > isNotEqualToWrapsInNot() PASSED
build	Build + Test	2026-10-04T13:38:12.5577383Z 
build	Build + Test	2026-10-04T13:38:12.5648040Z FilterConverterTest > Equality > isEqualToDouble() PASSED
build	Build + Test	2026-10-04T13:38:12.5677232Z 
build	Build + Test	2026-10-04T13:38:12.5687902Z FilterConverterTest > Equality > isEqualToString() PASSED
build	Build + Test	2026-10-04T13:38:12.5712764Z 
build	Build + Test	2026-10-04T13:38:12.5737744Z FilterConverterTest > Equality > isEqualToLong() PASSED
build	Build + Test	2026-10-04T13:38:12.5767402Z 
build	Build + Test	2026-10-04T13:38:12.5789210Z FilterConverterTest > NullFilter > nullReturnsAll() PASSED
build	Build + Test	2026-10-04T13:38:12.8507617Z 
build	Build + Test	2026-10-04T13:38:12.8553210Z JavaVectorsEmbeddingStoreTest > MmrDiversity > withoutMmr_top2AreTheRedundantPair() PASSED
build	Build + Test	2026-10-04T13:38:12.8567249Z 
build	Build + Test	2026-10-04T13:38:12.8628151Z JavaVectorsEmbeddingStoreTest > MmrDiversity > withMmr_diverseSegmentReplacesRedundantNeighbor() PASSED
build	Build + Test	2026-10-04T13:38:12.8687271Z 
build	Build + Test	2026-10-04T13:38:12.8748052Z JavaVectorsEmbeddingStoreTest > Lifecycle > closeIsIdempotent() PASSED
build	Build + Test	2026-10-04T13:38:12.8761192Z 
build	Build + Test	2026-10-04T13:38:12.8835891Z JavaVectorsEmbeddingStoreTest > IndexTypes > flatIndex() PASSED
build	Build + Test	2026-10-04T13:38:12.9518992Z 
build	Build + Test	2026-10-04T13:38:12.9548458Z JavaVectorsEmbeddingStoreTest > IndexTypes > vamanaIndex() PASSED
build	Build + Test	2026-10-04T13:38:13.0527561Z 
build	Build + Test	2026-10-04T13:38:13.0588101Z JavaVectorsEmbeddingStoreTest > IndexTypes > hnswIndex() PASSED
build	Build + Test	2026-10-04T13:38:13.0650531Z 
build	Build + Test	2026-10-04T13:38:13.0726263Z JavaVectorsEmbeddingStoreTest > CommitStrategy > commitAfterAddFalseRequiresExplicitCommit() PASSED
build	Build + Test	2026-10-04T13:38:13.0766131Z 
build	Build + Test	2026-10-04T13:38:13.0808205Z JavaVectorsEmbeddingStoreTest > CommitStrategy > addAllWithCommitAfterAddTrue() PASSED
build	Build + Test	2026-10-04T13:38:13.0867261Z 
build	Build + Test	2026-10-04T13:38:13.0928345Z JavaVectorsEmbeddingStoreTest > CommitStrategy > commitAfterAddTrueGivesImmediateSearchability() PASSED
build	Build + Test	2026-10-04T13:38:13.0947325Z 
build	Build + Test	2026-10-04T13:38:13.1008350Z JavaVectorsEmbeddingStoreTest > RemoveOperations > remove_withCommitAfterAddFalse_requiresExplicitCommit() PASSED
build	Build + Test	2026-10-04T13:38:13.1100819Z 
build	Build + Test	2026-10-04T13:38:13.1155133Z JavaVectorsEmbeddingStoreTest > RemoveOperations > remove_unknownId_noException() PASSED
build	Build + Test	2026-10-04T13:38:13.1217328Z 
build	Build + Test	2026-10-04T13:38:13.1278817Z JavaVectorsEmbeddingStoreTest > RemoveOperations > removeAll_byFilter_deletesMatching() PASSED
build	Build + Test	2026-10-04T13:38:13.1334056Z 
build	Build + Test	2026-10-04T13:38:13.1338074Z JavaVectorsEmbeddingStoreTest > RemoveOperations > remove_deletesDocument_notFoundInSearch() PASSED
build	Build + Test	2026-10-04T13:38:13.1338958Z 
build	Build + Test	2026-10-04T13:38:13.1339509Z JavaVectorsEmbeddingStoreTest > RemoveOperations > removeAll_byIds_deletesMultiple() PASSED
build	Build + Test	2026-10-04T13:38:13.1535914Z 
build	Build + Test	2026-10-04T13:38:13.1578119Z JavaVectorsEmbeddingStoreTest > RemoveOperations > removeAll_clearsEverything() PASSED
build	Build + Test	2026-10-04T13:38:13.1647384Z 
build	Build + Test	2026-10-04T13:38:13.1748387Z JavaVectorsEmbeddingStoreTest > MetadataPreservation > metadataRoundTrip() PASSED
build	Build + Test	2026-10-04T13:38:13.1807304Z 
build	Build + Test	2026-10-04T13:38:13.1837584Z JavaVectorsEmbeddingStoreTest > Search > minScoreFilters() PASSED
build	Build + Test	2026-10-04T13:38:13.1915832Z 
build	Build + Test	2026-10-04T13:38:13.1988212Z JavaVectorsEmbeddingStoreTest > Search > searchReturnsMatchesWithScores() PASSED
build	Build + Test	2026-10-04T13:38:13.2067516Z 
build	Build + Test	2026-10-04T13:38:13.2218388Z JavaVectorsEmbeddingStoreTest > Search > searchReturnsEmbeddingVectors() PASSED
build	Build + Test	2026-10-04T13:38:13.2237627Z 
build	Build + Test	2026-10-04T13:38:13.2349087Z JavaVectorsEmbeddingStoreTest > Search > maxResultsLimitsOutput() PASSED
build	Build + Test	2026-10-04T13:38:13.2417333Z 
build	Build + Test	2026-10-04T13:38:13.2478301Z JavaVectorsEmbeddingStoreTest > Search > resultsReturnedInDescendingScoreOrder() PASSED
build	Build + Test	2026-10-04T13:38:13.2548723Z 
build	Build + Test	2026-10-04T13:38:13.2618329Z JavaVectorsEmbeddingStoreTest > AddBatch > addAllEmbeddings() PASSED
build	Build + Test	2026-10-04T13:38:13.2738981Z 
build	Build + Test	2026-10-04T13:38:13.2822039Z JavaVectorsEmbeddingStoreTest > AddBatch > addAllWithExplicitIds() PASSED
build	Build + Test	2026-10-04T13:38:13.2907313Z 
build	Build + Test	2026-10-04T13:38:13.2976593Z JavaVectorsEmbeddingStoreTest > AddBatch > addAllEmbeddingsWithSegments() PASSED
build	Build + Test	2026-10-04T13:38:13.3057314Z 
build	Build + Test	2026-10-04T13:38:13.3118719Z JavaVectorsEmbeddingStoreTest > AddSingleEmbedding > addEmbeddingReturnsId() PASSED
build	Build + Test	2026-10-04T13:38:13.3214702Z 
build	Build + Test	2026-10-04T13:38:13.3292838Z JavaVectorsEmbeddingStoreTest > AddSingleEmbedding > addWithTextSegment() PASSED
build	Build + Test	2026-10-04T13:38:13.3407449Z 
build	Build + Test	2026-10-04T13:38:13.3468305Z JavaVectorsEmbeddingStoreTest > AddSingleEmbedding > addWithExplicitId() PASSED
build	Build + Test	2026-10-04T13:38:13.3557246Z 
build	Build + Test	2026-10-04T13:38:13.3618263Z JavaVectorsEmbeddingStoreTest > AddSingleEmbedding > addEmbeddingOnlyReturnsNullSegment() PASSED
build	Build + Test	2026-10-04T13:38:13.3717240Z 
build	Build + Test	2026-10-04T13:38:13.3748121Z MetadataConverterTest > RoundTrip > numericRoundTrip() PASSED
build	Build + Test	2026-10-04T13:38:13.3834441Z 
build	Build + Test	2026-10-04T13:38:13.3868265Z MetadataConverterTest > RoundTrip > stringRoundTrip() PASSED
build	Build + Test	2026-10-04T13:38:13.3930787Z 
build	Build + Test	2026-10-04T13:38:13.3988396Z MetadataConverterTest > ToLangChain4j > nullMapReturnsEmptyMetadata() PASSED
build	Build + Test	2026-10-04T13:38:13.4067365Z 
build	Build + Test	2026-10-04T13:38:13.4128170Z MetadataConverterTest > ToLangChain4j > numFractional() PASSED
build	Build + Test	2026-10-04T13:38:13.4217270Z 
build	Build + Test	2026-10-04T13:38:13.4271445Z MetadataConverterTest > ToLangChain4j > numIntegral() PASSED
build	Build + Test	2026-10-04T13:38:13.4357256Z 
build	Build + Test	2026-10-04T13:38:13.4375065Z MetadataConverterTest > ToLangChain4j > str() PASSED
build	Build + Test	2026-10-04T13:38:13.4467341Z 
build	Build + Test	2026-10-04T13:38:13.4497919Z MetadataConverterTest > ToLangChain4j > bool() PASSED
build	Build + Test	2026-10-04T13:38:13.4617376Z 
build	Build + Test	2026-10-04T13:38:13.4647846Z MetadataConverterTest > ToLangChain4j > tags() PASSED
build	Build + Test	2026-10-04T13:38:13.4767344Z 
build	Build + Test	2026-10-04T13:38:13.4838043Z MetadataConverterTest > ToLangChain4j > emptyMapReturnsEmptyMetadata() PASSED
build	Build + Test	2026-10-04T13:38:13.4867325Z 
build	Build + Test	2026-10-04T13:38:13.4988201Z MetadataConverterTest > ToJavaVectors > emptyMetadataReturnsEmptyMap() PASSED
build	Build + Test	2026-10-04T13:38:13.5077205Z 
build	Build + Test	2026-10-04T13:38:13.5137851Z MetadataConverterTest > ToJavaVectors > doubleValue() PASSED
build	Build + Test	2026-10-04T13:38:13.5167124Z 
build	Build + Test	2026-10-04T13:38:13.5257862Z MetadataConverterTest > ToJavaVectors > floatValue() PASSED
build	Build + Test	2026-10-04T13:38:13.5317671Z 
build	Build + Test	2026-10-04T13:38:13.5337778Z MetadataConverterTest > ToJavaVectors > string() PASSED
build	Build + Test	2026-10-04T13:38:13.5457230Z 
build	Build + Test	2026-10-04T13:38:13.5527988Z MetadataConverterTest > ToJavaVectors > nullMetadataReturnsEmptyMap() PASSED
build	Build + Test	2026-10-04T13:38:13.5587174Z 
build	Build + Test	2026-10-04T13:38:13.5647781Z MetadataConverterTest > ToJavaVectors > uuid() PASSED
build	Build + Test	2026-10-04T13:38:13.5707142Z 
build	Build + Test	2026-10-04T13:38:13.5767816Z MetadataConverterTest > ToJavaVectors > longValue() PASSED
build	Build + Test	2026-10-04T13:38:13.5827135Z 
build	Build + Test	2026-10-04T13:38:13.5873279Z MetadataConverterTest > ToJavaVectors > multipleEntries() PASSED
build	Build + Test	2026-10-04T13:38:13.5887074Z 
build	Build + Test	2026-10-04T13:38:13.5947788Z MetadataConverterTest > ToJavaVectors > integer() PASSED
build	Build + Test	2026-10-04T13:38:13.7589899Z 
build	Build + Test	2026-10-04T13:38:13.7604373Z > Task :vectors-core:test
build	Build + Test	2026-10-04T13:38:13.7677829Z 
build	Build + Test	2026-10-04T13:38:13.7738211Z Q6KColdHotDeterminismTest > q6_K128BitKernelIsBitIdenticalBeforeAndAfterCompilation() PASSED
build	Build + Test	2026-10-04T13:38:13.7763525Z 
build	Build + Test	2026-10-04T13:38:13.7828504Z Q6KReductionOrderContractTest > one super-block: scalar and Panama agree bit for bit PASSED
build	Build + Test	2026-10-04T13:38:13.7877215Z 
build	Build + Test	2026-10-04T13:38:13.7938259Z Q6KReductionOrderContractTest > two super-blocks: the cross-block fold must not change a single bit PASSED
build	Build + Test	2026-10-04T13:38:13.7987200Z 
build	Build + Test	2026-10-04T13:38:13.8038414Z Q6KReductionOrderContractTest > control: Q4_K is bit-identical at the same widths, so the harness is sound PASSED
build	Build + Test	2026-10-04T13:38:13.8060938Z 
build	Build + Test	2026-10-04T13:38:13.8132158Z Q6KReductionOrderContractTest > eight super-blocks: a realistic projection width stays bit-identical PASSED
build	Build + Test	2026-10-04T13:38:13.9491322Z 
build	Build + Test	2026-10-04T13:38:13.9546070Z > Task :vectors-langchain4j:jacocoTestCoverageVerification
build	Build + Test	2026-10-04T13:38:16.3509661Z 
build	Build + Test	2026-10-04T13:38:16.3589043Z > Task :vectors-core:test
build	Build + Test	2026-10-04T13:38:16.3647244Z 
build	Build + Test	2026-10-04T13:38:16.3728501Z Q8ColdHotDeterminismTest > q8_0128BitKernelIsBitIdenticalBeforeAndAfterCompilation() PASSED
build	Build + Test	2026-10-04T13:38:16.6547513Z 
build	Build + Test	2026-10-04T13:38:16.6578020Z > Task :vectors-jakarta-batch:spotbugsMain
build	Build + Test	2026-10-04T13:38:16.6628511Z > Task :vectors-jakarta-batch:check
build	Build + Test	2026-10-04T13:38:16.6717876Z > Task :vectors-jakarta-batch:build
build	Build + Test	2026-10-04T13:38:16.6777938Z > Task :vectors-langchain4j:spotbugsTest SKIPPED
build	Build + Test	2026-10-04T13:38:16.7491754Z > Task :vectors-router:compileJava
build	Build + Test	2026-10-04T13:38:17.7507860Z > Task :vectors-optimizer:compileJava
build	Build + Test	2026-10-04T13:38:17.7537380Z > Task :vectors-optimizer:classes
build	Build + Test	2026-10-04T13:38:17.8507992Z > Task :vectors-optimizer:jar
build	Build + Test	2026-10-04T13:38:19.0527272Z 
build	Build + Test	2026-10-04T13:38:19.0577821Z > Task :vectors-core:test
build	Build + Test	2026-10-04T13:38:19.0607457Z 
build	Build + Test	2026-10-04T13:38:19.0630972Z Q8ColdHotDeterminismTest > q8_0256BitKernelIsBitIdenticalBeforeAndAfterCompilation() PASSED
build	Build + Test	2026-10-04T13:38:19.1491613Z 
build	Build + Test	2026-10-04T13:38:19.1517985Z RotatedCodebookMatrixTest > rejectsIncompatibleInputsOutputsAndPreparedActivations() PASSED
build	Build + Test	2026-10-04T13:38:19.1587536Z 
build	Build + Test	2026-10-04T13:38:19.1648200Z RotatedCodebookMatrixTest > preparedActivationCanBeReusedByCompatibleMatrices() PASSED
build	Build + Test	2026-10-04T13:38:19.1649073Z 
build	Build + Test	2026-10-04T13:38:19.1649813Z RotatedCodebookMatrixTest > parallelizesNeedleSizedProjectionMatricesButNotTinyRoutingMatrices() PASSED
build	Build + Test	2026-10-04T13:38:19.1650723Z 
build	Build + Test	2026-10-04T13:38:19.1651425Z RotatedCodebookMatrixTest > matchesFixturesGeneratedByNeedleReferenceCode(String, String) > CQ2 PASSED
build	Build + Test	2026-10-04T13:38:19.2507538Z 
build	Build + Test	2026-10-04T13:38:19.2546663Z RotatedCodebookMatrixTest > matchesFixturesGeneratedByNeedleReferenceCode(String, String) > CQ3 PASSED
build	Build + Test	2026-10-04T13:38:19.2607522Z 
build	Build + Test	2026-10-04T13:38:19.2628532Z RotatedCodebookMatrixTest > matchesFixturesGeneratedByNeedleReferenceCode(String, String) > CQ4 PASSED
build	Build + Test	2026-10-04T13:38:19.2691054Z 
build	Build + Test	2026-10-04T13:38:19.2728398Z RotatedCodebookMatrixTest > matchesFixturesGeneratedByNeedleReferenceCode(String, String) > ternary PASSED
build	Build + Test	2026-10-04T13:38:19.2787295Z 
build	Build + Test	2026-10-04T13:38:19.2828088Z RotatedCodebookMatrixTest > rejectsInvalidTernaryCrumbsWhenRead() PASSED
build	Build + Test	2026-10-04T13:38:19.2887423Z 
build	Build + Test	2026-10-04T13:38:19.2930905Z RotatedCodebookMatrixTest > rejectsInvalidGeometryAndStorageBeforeInference() PASSED
build	Build + Test	2026-10-04T13:38:19.2978869Z 
build	Build + Test	2026-10-04T13:38:19.3032178Z RotatedCodebookMatrixTest > rowSliceSharesStorageAndMatchesTheFullMatrix() PASSED
build	Build + Test	2026-10-04T13:38:19.3525548Z 
build	Build + Test	2026-10-04T13:38:19.3578357Z RotatedCodebookMatrixTest > decodedRowsReproduceNeedleReferenceDotProducts(String, String) > decode CQ2 PASSED
build	Build + Test	2026-10-04T13:38:19.3667405Z 
build	Build + Test	2026-10-04T13:38:19.3828501Z RotatedCodebookMatrixTest > decodedRowsReproduceNeedleReferenceDotProducts(String, String) > decode CQ3 PASSED
build	Build + Test	2026-10-04T13:38:19.3940250Z 
build	Build + Test	2026-10-04T13:38:19.4008334Z RotatedCodebookMatrixTest > decodedRowsReproduceNeedleReferenceDotProducts(String, String) > decode CQ4 PASSED
build	Build + Test	2026-10-04T13:38:19.4127353Z 
build	Build + Test	2026-10-04T13:38:19.4228628Z RotatedCodebookMatrixTest > decodedRowsReproduceNeedleReferenceDotProducts(String, String) > decode ternary PASSED
build	Build + Test	2026-10-04T13:38:19.4317319Z 
build	Build + Test	2026-10-04T13:38:19.4333143Z RotatedCodebookMatrixTest > readsCodesAndNormsFromMappedFileSlices(Path) PASSED
build	Build + Test	2026-10-04T13:38:19.4524686Z 
build	Build + Test	2026-10-04T13:38:19.4588454Z ScalarVectorUtilSupportTest > mappedF32GgufKernelReadsLittleEndianRows() PASSED
build	Build + Test	2026-10-04T13:38:19.4669797Z 
build	Build + Test	2026-10-04T13:38:19.4827279Z ScalarVectorUtilSupportTest > byteMemoryAndBinaryKernelsReturnReferenceValues() PASSED
build	Build + Test	2026-10-04T13:38:19.4957325Z 
build	Build + Test	2026-10-04T13:38:19.5038409Z ScalarVectorUtilSupportTest > mixedQ4_KQ6_KTripleMatmulMatchesIndependentScalarProjectionsExactly() PASSED
build	Build + Test	2026-10-04T13:38:19.5137437Z 
build	Build + Test	2026-10-04T13:38:19.5228360Z ScalarVectorUtilSupportTest > q8_0BatchedMatmulMatchesIndependentScalarQueriesExactly() PASSED
build	Build + Test	2026-10-04T13:38:19.5287321Z 
build	Build + Test	2026-10-04T13:38:19.5406041Z ScalarVectorUtilSupportTest > mappedBfloat16KernelHonorsActivationAndResultOffsets() PASSED
build	Build + Test	2026-10-04T13:38:19.5487392Z 
build	Build + Test	2026-10-04T13:38:19.5578189Z ScalarVectorUtilSupportTest > fusedAndAdcBatchKernelsCoverFourRowGroupsAndTails() PASSED
build	Build + Test	2026-10-04T13:38:19.5587229Z 
build	Build + Test	2026-10-04T13:38:19.5708228Z ScalarVectorUtilSupportTest > q4_KBatchedMatmulMatchesIndependentScalarQueriesExactly() PASSED
build	Build + Test	2026-10-04T13:38:19.5819046Z 
build	Build + Test	2026-10-04T13:38:19.5858359Z ScalarVectorUtilSupportTest > q5_KBatchedMatmulMatchesIndependentScalarQueriesExactly() PASSED
build	Build + Test	2026-10-04T13:38:19.5859338Z 
build	Build + Test	2026-10-04T13:38:19.5918066Z ScalarVectorUtilSupportTest > q6_KBatchedMatmulMatchesIndependentScalarQueriesExactly() PASSED
build	Build + Test	2026-10-04T13:38:19.5977053Z 
build	Build + Test	2026-10-04T13:38:19.6038206Z ScalarVectorUtilSupportTest > mappedBfloat16KernelReadsLittleEndianRows() PASSED
build	Build + Test	2026-10-04T13:38:19.6107274Z 
build	Build + Test	2026-10-04T13:38:19.6136609Z ScalarVectorUtilSupportTest > mappedBfloat16BatchHonorsActivationAndResultOffsets() PASSED
build	Build + Test	2026-10-04T13:38:19.6247257Z 
build	Build + Test	2026-10-04T13:38:19.6368234Z ScalarVectorUtilSupportTest > floatArrayKernelsCoverUnrolledAndTailPaths() PASSED
build	Build + Test	2026-10-04T13:38:19.6467357Z 
build	Build + Test	2026-10-04T13:38:19.6510880Z ScalarVectorUtilSupportTest > arithmeticAndNormalizationHandleEveryContractBranch() PASSED
build	Build + Test	2026-10-04T13:38:19.6587490Z 
build	Build + Test	2026-10-04T13:38:19.6659764Z SimilarityFunctionTest > euclidean_farVectors_lowScore() PASSED
build	Build + Test	2026-10-04T13:38:19.6677156Z 
build	Build + Test	2026-10-04T13:38:19.6770386Z SimilarityFunctionTest > segmentCompare_matchesFloatArray_allMetrics() PASSED
build	Build + Test	2026-10-04T13:38:19.6847622Z 
build	Build + Test	2026-10-04T13:38:19.6947994Z SimilarityFunctionTest > cosine_resultInZeroOneRange() PASSED
build	Build + Test	2026-10-04T13:38:19.6995444Z 
build	Build + Test	2026-10-04T13:38:19.7068115Z SimilarityFunctionTest > euclidean_bytes_identicalIsOne() PASSED
build	Build + Test	2026-10-04T13:38:19.7127461Z 
build	Build + Test	2026-10-04T13:38:19.7191365Z SimilarityFunctionTest > euclidean_identicalVectors_scoreIsOne() PASSED
build	Build + Test	2026-10-04T13:38:19.7207108Z 
build	Build + Test	2026-10-04T13:38:19.7281677Z SimilarityFunctionTest > maxInnerProduct_positiveScore() PASSED
build	Build + Test	2026-10-04T13:38:19.7382209Z 
build	Build + Test	2026-10-04T13:38:19.7438091Z SimilarityFunctionTest > dotProduct_normalizedVectors_resultInZeroOneRange() PASSED
build	Build + Test	2026-10-04T13:38:19.7499184Z 
build	Build + Test	2026-10-04T13:38:19.7578334Z SimilarityFunctionTest > cosine_identicalDirection_highScore() PASSED
build	Build + Test	2026-10-04T13:38:19.7653691Z 
build	Build + Test	2026-10-04T13:38:19.7700647Z SimilarityFunctionTest > maxInnerProduct_negativeScore() PASSED
build	Build + Test	2026-10-04T13:38:19.7777337Z 
build	Build + Test	2026-10-04T13:38:19.7828085Z SimilarityFunctionTest > euclidean_resultInZeroOneRange() PASSED
build	Build + Test	2026-10-04T13:38:19.7888926Z 
build	Build + Test	2026-10-04T13:38:19.7968408Z SimilarityFunctionTest > segmentCompare_identicalVectors_matchesFloatArray() PASSED
build	Build + Test	2026-10-04T13:38:19.7997534Z 
build	Build + Test	2026-10-04T13:38:19.8078140Z SimilarityFunctionTest > dotProduct_sameDirection_highScore() PASSED
build	Build + Test	2026-10-04T13:38:19.8145502Z 
build	Build + Test	2026-10-04T13:38:19.8198062Z SimilarityFunctionTest > scaleMaxInnerProductScore_monotonicOrdering() PASSED
build	Build + Test	2026-10-04T13:38:19.8247206Z 
build	Build + Test	2026-10-04T13:38:19.8308007Z SimilarityFunctionTest > cosine_bytes_resultInZeroOneRange() PASSED
build	Build + Test	2026-10-04T13:38:19.8338844Z 
build	Build + Test	2026-10-04T13:38:19.8427903Z TopKTest > select_mixedTiesAndDistinct() PASSED
build	Build + Test	2026-10-04T13:38:19.8507476Z 
build	Build + Test	2026-10-04T13:38:19.8557417Z TopKTest > select_kNegative_returnsEmpty() PASSED
build	Build + Test	2026-10-04T13:38:19.8597337Z 
build	Build + Test	2026-10-04T13:38:19.8669385Z TopKTest > select_descendingOrder() PASSED
build	Build + Test	2026-10-04T13:38:19.8700893Z 
build	Build + Test	2026-10-04T13:38:19.8774001Z TopKTest > select_kEqualsZero_returnsEmpty() PASSED
build	Build + Test	2026-10-04T13:38:19.8817233Z 
build	Build + Test	2026-10-04T13:38:19.8878166Z TopKTest > select_nanScoreRejected() PASSED
build	Build + Test	2026-10-04T13:38:19.8907240Z 
build	Build + Test	2026-10-04T13:38:19.8958277Z TopKTest > select_tiesBrokenByOrdinalAscending() PASSED
build	Build + Test	2026-10-04T13:38:19.9011074Z 
build	Build + Test	2026-10-04T13:38:19.9068111Z TopKTest > select_nullScoresRejected() PASSED
build	Build + Test	2026-10-04T13:38:19.9087186Z 
build	Build + Test	2026-10-04T13:38:19.9104871Z TopKTest > select_negativeAndPositiveScores() PASSED
build	Build + Test	2026-10-04T13:38:19.9127318Z 
build	Build + Test	2026-10-04T13:38:19.9218154Z TopKTest > select_infinityScores() PASSED
build	Build + Test	2026-10-04T13:38:19.9307621Z 
build	Build + Test	2026-10-04T13:38:19.9327789Z TopKTest > select_doesNotMutateInput() PASSED
build	Build + Test	2026-10-04T13:38:19.9377984Z 
build	Build + Test	2026-10-04T13:38:19.9458072Z TopKTest > select_singleElement() PASSED
build	Build + Test	2026-10-04T13:38:19.9514531Z 
build	Build + Test	2026-10-04T13:38:19.9547955Z TopKTest > select_basicTop3() PASSED
build	Build + Test	2026-10-04T13:38:19.9627597Z 
build	Build + Test	2026-10-04T13:38:19.9718156Z TopKTest > select_emptyScores_returnsEmpty() PASSED
build	Build + Test	2026-10-04T13:38:19.9748406Z 
build	Build + Test	2026-10-04T13:38:19.9789386Z TopKTest > select_kGreaterThanN_returnsFullSort() PASSED
build	Build + Test	2026-10-04T13:38:19.9837622Z 
build	Build + Test	2026-10-04T13:38:19.9884590Z TopKTest > select_matchesFullSort_randomArray() PASSED
build	Build + Test	2026-10-04T13:38:19.9937381Z 
build	Build + Test	2026-10-04T13:38:19.9998089Z VectorEncodingTest > float32_bytesPerDimension() PASSED
build	Build + Test	2026-10-04T13:38:20.0057340Z 
build	Build + Test	2026-10-04T13:38:20.0118001Z VectorEncodingTest > binary_vectorByteSize() PASSED
build	Build + Test	2026-10-04T13:38:20.0157488Z 
build	Build + Test	2026-10-04T13:38:20.0187959Z VectorEncodingTest > float32_vectorByteSize() PASSED
build	Build + Test	2026-10-04T13:38:20.0272174Z 
build	Build + Test	2026-10-04T13:38:20.0315905Z VectorEncodingTest > int8_bytesPerDimension() PASSED
build	Build + Test	2026-10-04T13:38:20.0357459Z 
build	Build + Test	2026-10-04T13:38:20.0397832Z VectorEncodingTest > int8_vectorByteSize() PASSED
build	Build + Test	2026-10-04T13:38:20.0447302Z 
build	Build + Test	2026-10-04T13:38:20.0488097Z VectorEncodingTest > binary_bytesPerDimension() PASSED
build	Build + Test	2026-10-04T13:38:20.0557549Z 
build	Build + Test	2026-10-04T13:38:20.0588505Z VectorSpeciesConstantStructureTest > detectorFlagsInstanceAndNonFinalStaticSpeciesFields() PASSED
build	Build + Test	2026-10-04T13:38:20.0631498Z 
build	Build + Test	2026-10-04T13:38:20.0671630Z VectorSpeciesConstantStructureTest > noVectorSpeciesParametersOrMutableSpeciesFieldsInMainClasses() PASSED
build	Build + Test	2026-10-04T13:38:20.0744309Z 
build	Build + Test	2026-10-04T13:38:20.0780780Z VectorSpeciesConstantStructureTest > detectorFlagsSpeciesParameter() PASSED
build	Build + Test	2026-10-04T13:38:20.0847365Z 
build	Build + Test	2026-10-04T13:38:20.0868106Z VectorSpeciesConstantStructureTest > detectorAcceptsStaticFinalSpecies() PASSED
build	Build + Test	2026-10-04T13:38:20.0918883Z 
build	Build + Test	2026-10-04T13:38:20.0998468Z VectorUtilSupportProviderTest > defaultUnavailabilityCauseIsEmpty() PASSED
build	Build + Test	2026-10-04T13:38:20.1027148Z 
build	Build + Test	2026-10-04T13:38:20.1098422Z VectorUtilSupportProviderTest > allUnavailableFallsBackToScalarKernels() PASSED
build	Build + Test	2026-10-04T13:38:20.1137326Z 
build	Build + Test	2026-10-04T13:38:20.1160693Z VectorUtilSupportProviderTest > builtInScalarProviderIsAlwaysAvailable() PASSED
build	Build + Test	2026-10-04T13:38:20.1214290Z 
build	Build + Test	2026-10-04T13:38:20.1305547Z VectorUtilSupportProviderTest > emptyProviderListFallsBackToScalarKernels() PASSED
build	Build + Test	2026-10-04T13:38:20.1347156Z 
build	Build + Test	2026-10-04T13:38:20.1385840Z VectorUtilSupportProviderTest > serviceLoaderDiscoversBothBuiltInProviders() PASSED
build	Build + Test	2026-10-04T13:38:20.1445643Z 
build	Build + Test	2026-10-04T13:38:20.1468225Z VectorUtilSupportProviderTest > highestPriorityAvailableProviderWins() PASSED
build	Build + Test	2026-10-04T13:38:20.1492767Z 
build	Build + Test	2026-10-04T13:38:20.1528355Z VectorUtilSupportProviderTest > providerThatThrowsOnCreateIsSkipped() PASSED
build	Build + Test	2026-10-04T13:38:20.1529321Z 
build	Build + Test	2026-10-04T13:38:20.1558136Z VectorUtilSupportProviderTest > builtInPanamaProviderReportsAvailabilityWithoutThrowing() PASSED
build	Build + Test	2026-10-04T13:38:20.1600156Z 
build	Build + Test	2026-10-04T13:38:20.1607752Z VectorUtilSupportProviderTest > discoveryOrderBreaksPriorityTies() PASSED
build	Build + Test	2026-10-04T13:38:20.1627369Z 
build	Build + Test	2026-10-04T13:38:20.1655597Z VectorUtilSupportProviderTest > unavailableProvidersAreSkipped() PASSED
build	Build + Test	2026-10-04T13:38:20.1687276Z 
build	Build + Test	2026-10-04T13:38:20.1718149Z VectorUtilSupportProviderTest > providerReturningNullIsSkipped() PASSED
build	Build + Test	2026-10-04T13:38:20.1719167Z 
build	Build + Test	2026-10-04T13:38:20.1747996Z VectorUtilSupportTest > L2NormalizeTest > alreadyUnitVectorNoChange() PASSED
build	Build + Test	2026-10-04T13:38:20.1784745Z 
build	Build + Test	2026-10-04T13:38:20.1807940Z VectorUtilSupportTest > L2NormalizeTest > panamaMatchesScalar(int) > dim=1 PASSED
build	Build + Test	2026-10-04T13:38:20.1827198Z 
build	Build + Test	2026-10-04T13:38:20.1837831Z VectorUtilSupportTest > L2NormalizeTest > panamaMatchesScalar(int) > dim=2 PASSED
build	Build + Test	2026-10-04T13:38:20.1867400Z 
build	Build + Test	2026-10-04T13:38:20.1943618Z VectorUtilSupportTest > L2NormalizeTest > panamaMatchesScalar(int) > dim=3 PASSED
build	Build + Test	2026-10-04T13:38:20.1997485Z 
build	Build + Test	2026-10-04T13:38:20.2038163Z VectorUtilSupportTest > L2NormalizeTest > panamaMatchesScalar(int) > dim=4 PASSED
build	Build + Test	2026-10-04T13:38:20.2094108Z 
build	Build + Test	2026-10-04T13:38:20.2128569Z VectorUtilSupportTest > L2NormalizeTest > panamaMatchesScalar(int) > dim=5 PASSED
build	Build + Test	2026-10-04T13:38:20.2159555Z 
build	Build + Test	2026-10-04T13:38:20.2198112Z VectorUtilSupportTest > L2NormalizeTest > panamaMatchesScalar(int) > dim=7 PASSED
build	Build + Test	2026-10-04T13:38:20.2233640Z 
build	Build + Test	2026-10-04T13:38:20.2258221Z VectorUtilSupportTest > L2NormalizeTest > panamaMatchesScalar(int) > dim=8 PASSED
build	Build + Test	2026-10-04T13:38:20.2287359Z 
build	Build + Test	2026-10-04T13:38:20.2318192Z VectorUtilSupportTest > L2NormalizeTest > panamaMatchesScalar(int) > dim=9 PASSED
build	Build + Test	2026-10-04T13:38:20.2328887Z 
build	Build + Test	2026-10-04T13:38:20.2347975Z VectorUtilSupportTest > L2NormalizeTest > panamaMatchesScalar(int) > dim=15 PASSED
build	Build + Test	2026-10-04T13:38:20.2397250Z 
build	Build + Test	2026-10-04T13:38:20.2437220Z VectorUtilSupportTest > L2NormalizeTest > panamaMatchesScalar(int) > dim=16 PASSED
build	Build + Test	2026-10-04T13:38:20.2501491Z 
build	Build + Test	2026-10-04T13:38:20.2528190Z VectorUtilSupportTest > L2NormalizeTest > panamaMatchesScalar(int) > dim=17 PASSED
build	Build + Test	2026-10-04T13:38:20.2597214Z 
build	Build + Test	2026-10-04T13:38:20.2698284Z VectorUtilSupportTest > L2NormalizeTest > panamaMatchesScalar(int) > dim=31 PASSED
build	Build + Test	2026-10-04T13:38:20.2737178Z 
build	Build + Test	2026-10-04T13:38:20.2791006Z VectorUtilSupportTest > L2NormalizeTest > panamaMatchesScalar(int) > dim=32 PASSED
build	Build + Test	2026-10-04T13:38:20.2848920Z 
build	Build + Test	2026-10-04T13:38:20.2922781Z VectorUtilSupportTest > L2NormalizeTest > panamaMatchesScalar(int) > dim=33 PASSED
build	Build + Test	2026-10-04T13:38:20.3007505Z 
build	Build + Test	2026-10-04T13:38:20.3058095Z VectorUtilSupportTest > L2NormalizeTest > panamaMatchesScalar(int) > dim=63 PASSED
build	Build + Test	2026-10-04T13:38:20.3127314Z 
build	Build + Test	2026-10-04T13:38:20.3188338Z VectorUtilSupportTest > L2NormalizeTest > panamaMatchesScalar(int) > dim=64 PASSED
build	Build + Test	2026-10-04T13:38:20.3264577Z 
build	Build + Test	2026-10-04T13:38:20.3318069Z VectorUtilSupportTest > L2NormalizeTest > panamaMatchesScalar(int) > dim=65 PASSED
build	Build + Test	2026-10-04T13:38:20.3347311Z 
build	Build + Test	2026-10-04T13:38:20.3408313Z VectorUtilSupportTest > L2NormalizeTest > panamaMatchesScalar(int) > dim=127 PASSED
build	Build + Test	2026-10-04T13:38:20.3454150Z 
build	Build + Test	2026-10-04T13:38:20.3494099Z VectorUtilSupportTest > L2NormalizeTest > panamaMatchesScalar(int) > dim=128 PASSED
build	Build + Test	2026-10-04T13:38:20.3517264Z 
build	Build + Test	2026-10-04T13:38:20.3518049Z VectorUtilSupportTest > L2NormalizeTest > panamaMatchesScalar(int) > dim=129 PASSED
build	Build + Test	2026-10-04T13:38:20.3518852Z 
build	Build + Test	2026-10-04T13:38:20.3519380Z VectorUtilSupportTest > L2NormalizeTest > panamaMatchesScalar(int) > dim=255 PASSED
build	Build + Test	2026-10-04T13:38:20.3520082Z 
build	Build + Test	2026-10-04T13:38:20.3520587Z VectorUtilSupportTest > L2NormalizeTest > panamaMatchesScalar(int) > dim=256 PASSED
build	Build + Test	2026-10-04T13:38:20.3521239Z 
build	Build + Test	2026-10-04T13:38:20.3521690Z VectorUtilSupportTest > L2NormalizeTest > panamaMatchesScalar(int) > dim=257 PASSED
build	Build + Test	2026-10-04T13:38:20.3522333Z 
build	Build + Test	2026-10-04T13:38:20.3522791Z VectorUtilSupportTest > L2NormalizeTest > panamaMatchesScalar(int) > dim=300 PASSED
build	Build + Test	2026-10-04T13:38:20.3523419Z 
build	Build + Test	2026-10-04T13:38:20.3523884Z VectorUtilSupportTest > L2NormalizeTest > panamaMatchesScalar(int) > dim=384 PASSED
build	Build + Test	2026-10-04T13:38:20.3524541Z 
build	Build + Test	2026-10-04T13:38:20.3524997Z VectorUtilSupportTest > L2NormalizeTest > panamaMatchesScalar(int) > dim=511 PASSED
build	Build + Test	2026-10-04T13:38:20.3525621Z 
build	Build + Test	2026-10-04T13:38:20.3526098Z VectorUtilSupportTest > L2NormalizeTest > panamaMatchesScalar(int) > dim=512 PASSED
build	Build + Test	2026-10-04T13:38:20.3526738Z 
build	Build + Test	2026-10-04T13:38:20.3527582Z VectorUtilSupportTest > L2NormalizeTest > panamaMatchesScalar(int) > dim=513 PASSED
build	Build + Test	2026-10-04T13:38:20.3528278Z 
build	Build + Test	2026-10-04T13:38:20.3528753Z VectorUtilSupportTest > L2NormalizeTest > panamaMatchesScalar(int) > dim=768 PASSED
build	Build + Test	2026-10-04T13:38:20.3529401Z 
build	Build + Test	2026-10-04T13:38:20.3529885Z VectorUtilSupportTest > L2NormalizeTest > panamaMatchesScalar(int) > dim=1023 PASSED
build	Build + Test	2026-10-04T13:38:20.3530693Z 
build	Build + Test	2026-10-04T13:38:20.3578232Z VectorUtilSupportTest > L2NormalizeTest > panamaMatchesScalar(int) > dim=1024 PASSED
build	Build + Test	2026-10-04T13:38:20.3637308Z 
build	Build + Test	2026-10-04T13:38:20.3668357Z VectorUtilSupportTest > L2NormalizeTest > panamaMatchesScalar(int) > dim=1025 PASSED
build	Build + Test	2026-10-04T13:38:20.3717205Z 
build	Build + Test	2026-10-04T13:38:20.3758426Z VectorUtilSupportTest > L2NormalizeTest > panamaMatchesScalar(int) > dim=1536 PASSED
build	Build + Test	2026-10-04T13:38:20.3817299Z 
build	Build + Test	2026-10-04T13:38:20.3838155Z VectorUtilSupportTest > L2NormalizeTest > zeroVectorThrowsWhenRequested() PASSED
build	Build + Test	2026-10-04T13:38:20.3867531Z 
build	Build + Test	2026-10-04T13:38:20.3909122Z VectorUtilSupportTest > L2NormalizeTest > zeroVectorReturnsZeroWhenNotThrowing() PASSED
build	Build + Test	2026-10-04T13:38:20.3997396Z 
build	Build + Test	2026-10-04T13:38:20.4030172Z VectorUtilSupportTest > L2NormalizeTest > producesUnitVector(int) > dim=1 PASSED
build	Build + Test	2026-10-04T13:38:20.4117483Z 
build	Build + Test	2026-10-04T13:38:20.4186076Z VectorUtilSupportTest > L2NormalizeTest > producesUnitVector(int) > dim=2 PASSED
build	Build + Test	2026-10-04T13:38:20.4255960Z 
build	Build + Test	2026-10-04T13:38:20.4288411Z VectorUtilSupportTest > L2NormalizeTest > producesUnitVector(int) > dim=3 PASSED
build	Build + Test	2026-10-04T13:38:20.4340595Z 
build	Build + Test	2026-10-04T13:38:20.4380046Z VectorUtilSupportTest > L2NormalizeTest > producesUnitVector(int) > dim=4 PASSED
build	Build + Test	2026-10-04T13:38:20.4437291Z 
build	Build + Test	2026-10-04T13:38:20.4468193Z VectorUtilSupportTest > L2NormalizeTest > producesUnitVector(int) > dim=5 PASSED
build	Build + Test	2026-10-04T13:38:20.4501671Z 
build	Build + Test	2026-10-04T13:38:20.4578091Z VectorUtilSupportTest > L2NormalizeTest > producesUnitVector(int) > dim=7 PASSED
build	Build + Test	2026-10-04T13:38:20.4604958Z 
build	Build + Test	2026-10-04T13:38:20.4628090Z VectorUtilSupportTest > L2NormalizeTest > producesUnitVector(int) > dim=8 PASSED
build	Build + Test	2026-10-04T13:38:20.4687537Z 
build	Build + Test	2026-10-04T13:38:20.4738228Z VectorUtilSupportTest > L2NormalizeTest > producesUnitVector(int) > dim=9 PASSED
build	Build + Test	2026-10-04T13:38:20.4767254Z 
build	Build + Test	2026-10-04T13:38:20.4768313Z VectorUtilSupportTest > L2NormalizeTest > producesUnitVector(int) > dim=15 PASSED
build	Build + Test	2026-10-04T13:38:20.4797339Z 
build	Build + Test	2026-10-04T13:38:20.4828119Z VectorUtilSupportTest > L2NormalizeTest > producesUnitVector(int) > dim=16 PASSED
build	Build + Test	2026-10-04T13:38:20.4871170Z 
build	Build + Test	2026-10-04T13:38:20.4918079Z VectorUtilSupportTest > L2NormalizeTest > producesUnitVector(int) > dim=17 PASSED
build	Build + Test	2026-10-04T13:38:20.4969291Z 
build	Build + Test	2026-10-04T13:38:20.4998209Z VectorUtilSupportTest > L2NormalizeTest > producesUnitVector(int) > dim=31 PASSED
build	Build + Test	2026-10-04T13:38:20.5027218Z 
build	Build + Test	2026-10-04T13:38:20.5028296Z VectorUtilSupportTest > L2NormalizeTest > producesUnitVector(int) > dim=32 PASSED
build	Build + Test	2026-10-04T13:38:20.5064091Z 
build	Build + Test	2026-10-04T13:38:20.5088002Z VectorUtilSupportTest > L2NormalizeTest > producesUnitVector(int) > dim=33 PASSED
build	Build + Test	2026-10-04T13:38:20.5117316Z 
build	Build + Test	2026-10-04T13:38:20.5148055Z VectorUtilSupportTest > L2NormalizeTest > producesUnitVector(int) > dim=63 PASSED
build	Build + Test	2026-10-04T13:38:20.5154143Z 
build	Build + Test	2026-10-04T13:38:20.5195050Z VectorUtilSupportTest > L2NormalizeTest > producesUnitVector(int) > dim=64 PASSED
build	Build + Test	2026-10-04T13:38:20.5217125Z 
build	Build + Test	2026-10-04T13:38:20.5248088Z VectorUtilSupportTest > L2NormalizeTest > producesUnitVector(int) > dim=65 PASSED
build	Build + Test	2026-10-04T13:38:20.5264899Z 
build	Build + Test	2026-10-04T13:38:20.5328169Z VectorUtilSupportTest > L2NormalizeTest > producesUnitVector(int) > dim=127 PASSED
build	Build + Test	2026-10-04T13:38:20.5347593Z 
build	Build + Test	2026-10-04T13:38:20.5378360Z VectorUtilSupportTest > L2NormalizeTest > producesUnitVector(int) > dim=128 PASSED
build	Build + Test	2026-10-04T13:38:20.5407315Z 
build	Build + Test	2026-10-04T13:38:20.5438119Z VectorUtilSupportTest > L2NormalizeTest > producesUnitVector(int) > dim=129 PASSED
build	Build + Test	2026-10-04T13:38:20.5457301Z 
build	Build + Test	2026-10-04T13:38:20.5487910Z VectorUtilSupportTest > L2NormalizeTest > producesUnitVector(int) > dim=255 PASSED
build	Build + Test	2026-10-04T13:38:20.5523350Z 
build	Build + Test	2026-10-04T13:38:20.5527951Z VectorUtilSupportTest > L2NormalizeTest > producesUnitVector(int) > dim=256 PASSED
build	Build + Test	2026-10-04T13:38:20.5577179Z 
build	Build + Test	2026-10-04T13:38:20.5578235Z VectorUtilSupportTest > L2NormalizeTest > producesUnitVector(int) > dim=257 PASSED
build	Build + Test	2026-10-04T13:38:20.5627652Z 
build	Build + Test	2026-10-04T13:38:20.5688343Z VectorUtilSupportTest > L2NormalizeTest > producesUnitVector(int) > dim=300 PASSED
build	Build + Test	2026-10-04T13:38:20.5702541Z 
build	Build + Test	2026-10-04T13:38:20.5758043Z VectorUtilSupportTest > L2NormalizeTest > producesUnitVector(int) > dim=384 PASSED
build	Build + Test	2026-10-04T13:38:20.5797376Z 
build	Build + Test	2026-10-04T13:38:20.5876106Z VectorUtilSupportTest > L2NormalizeTest > producesUnitVector(int) > dim=511 PASSED
build	Build + Test	2026-10-04T13:38:20.5912169Z 
build	Build + Test	2026-10-04T13:38:20.5968150Z VectorUtilSupportTest > L2NormalizeTest > producesUnitVector(int) > dim=512 PASSED
build	Build + Test	2026-10-04T13:38:20.6043503Z 
build	Build + Test	2026-10-04T13:38:20.6100588Z VectorUtilSupportTest > L2NormalizeTest > producesUnitVector(int) > dim=513 PASSED
build	Build + Test	2026-10-04T13:38:20.6187401Z 
build	Build + Test	2026-10-04T13:38:20.6226750Z VectorUtilSupportTest > L2NormalizeTest > producesUnitVector(int) > dim=768 PASSED
build	Build + Test	2026-10-04T13:38:20.6267276Z 
build	Build + Test	2026-10-04T13:38:20.6338936Z VectorUtilSupportTest > L2NormalizeTest > producesUnitVector(int) > dim=1023 PASSED
build	Build + Test	2026-10-04T13:38:20.6397255Z 
build	Build + Test	2026-10-04T13:38:20.6478428Z VectorUtilSupportTest > L2NormalizeTest > producesUnitVector(int) > dim=1024 PASSED
build	Build + Test	2026-10-04T13:38:20.6567543Z 
build	Build + Test	2026-10-04T13:38:20.6596069Z VectorUtilSupportTest > L2NormalizeTest > producesUnitVector(int) > dim=1025 PASSED
build	Build + Test	2026-10-04T13:38:20.6676374Z 
build	Build + Test	2026-10-04T13:38:20.6708169Z VectorUtilSupportTest > L2NormalizeTest > producesUnitVector(int) > dim=1536 PASSED
build	Build + Test	2026-10-04T13:38:20.6720615Z 
build	Build + Test	2026-10-04T13:38:20.6748099Z VectorUtilSupportTest > VectorArithmeticTest > addInPlacePanamaMatchesScalar(int) > dim=1 PASSED
build	Build + Test	2026-10-04T13:38:20.6778297Z 
build	Build + Test	2026-10-04T13:38:20.6788614Z VectorUtilSupportTest > VectorArithmeticTest > addInPlacePanamaMatchesScalar(int) > dim=2 PASSED
build	Build + Test	2026-10-04T13:38:20.6807964Z 
build	Build + Test	2026-10-04T13:38:20.6898861Z VectorUtilSupportTest > VectorArithmeticTest > addInPlacePanamaMatchesScalar(int) > dim=3 PASSED
build	Build + Test	2026-10-04T13:38:20.6997255Z 
build	Build + Test	2026-10-04T13:38:20.7074510Z VectorUtilSupportTest > VectorArithmeticTest > addInPlacePanamaMatchesScalar(int) > dim=4 PASSED
build	Build + Test	2026-10-04T13:38:20.7207434Z 
build	Build + Test	2026-10-04T13:38:20.7245462Z VectorUtilSupportTest > VectorArithmeticTest > addInPlacePanamaMatchesScalar(int) > dim=5 PASSED
build	Build + Test	2026-10-04T13:38:20.7310756Z 
build	Build + Test	2026-10-04T13:38:20.7428634Z VectorUtilSupportTest > VectorArithmeticTest > addInPlacePanamaMatchesScalar(int) > dim=7 PASSED
build	Build + Test	2026-10-04T13:38:20.7497361Z 
build	Build + Test	2026-10-04T13:38:20.7605388Z VectorUtilSupportTest > VectorArithmeticTest > addInPlacePanamaMatchesScalar(int) > dim=8 PASSED
build	Build + Test	2026-10-04T13:38:20.7715135Z 
build	Build + Test	2026-10-04T13:38:20.7798559Z VectorUtilSupportTest > VectorArithmeticTest > addInPlacePanamaMatchesScalar(int) > dim=9 PASSED
build	Build + Test	2026-10-04T13:38:20.7887318Z 
build	Build + Test	2026-10-04T13:38:20.7943098Z VectorUtilSupportTest > VectorArithmeticTest > addInPlacePanamaMatchesScalar(int) > dim=15 PASSED
build	Build + Test	2026-10-04T13:38:20.7987369Z 
build	Build + Test	2026-10-04T13:38:20.8085630Z VectorUtilSupportTest > VectorArithmeticTest > addInPlacePanamaMatchesScalar(int) > dim=16 PASSED
build	Build + Test	2026-10-04T13:38:20.8157684Z 
build	Build + Test	2026-10-04T13:38:20.8208385Z VectorUtilSupportTest > VectorArithmeticTest > addInPlacePanamaMatchesScalar(int) > dim=17 PASSED
build	Build + Test	2026-10-04T13:38:20.8257758Z 
build	Build + Test	2026-10-04T13:38:20.8334503Z VectorUtilSupportTest > VectorArithmeticTest > addInPlacePanamaMatchesScalar(int) > dim=31 PASSED
build	Build + Test	2026-10-04T13:38:20.8361221Z 
build	Build + Test	2026-10-04T13:38:20.8458468Z VectorUtilSupportTest > VectorArithmeticTest > addInPlacePanamaMatchesScalar(int) > dim=32 PASSED
build	Build + Test	2026-10-04T13:38:20.8550936Z 
build	Build + Test	2026-10-04T13:38:20.8628298Z VectorUtilSupportTest > VectorArithmeticTest > addInPlacePanamaMatchesScalar(int) > dim=33 PASSED
build	Build + Test	2026-10-04T13:38:20.8657199Z 
build	Build + Test	2026-10-04T13:38:20.8708285Z VectorUtilSupportTest > VectorArithmeticTest > addInPlacePanamaMatchesScalar(int) > dim=63 PASSED
build	Build + Test	2026-10-04T13:38:20.8767444Z 
build	Build + Test	2026-10-04T13:38:20.8813153Z VectorUtilSupportTest > VectorArithmeticTest > addInPlacePanamaMatchesScalar(int) > dim=64 PASSED
build	Build + Test	2026-10-04T13:38:20.8937528Z 
build	Build + Test	2026-10-04T13:38:20.9038246Z VectorUtilSupportTest > VectorArithmeticTest > addInPlacePanamaMatchesScalar(int) > dim=65 PASSED
build	Build + Test	2026-10-04T13:38:20.9077294Z 
build	Build + Test	2026-10-04T13:38:20.9198312Z VectorUtilSupportTest > VectorArithmeticTest > addInPlacePanamaMatchesScalar(int) > dim=127 PASSED
build	Build + Test	2026-10-04T13:38:20.9238199Z 
build	Build + Test	2026-10-04T13:38:20.9349107Z VectorUtilSupportTest > VectorArithmeticTest > addInPlacePanamaMatchesScalar(int) > dim=128 PASSED
build	Build + Test	2026-10-04T13:38:20.9457456Z 
build	Build + Test	2026-10-04T13:38:20.9535429Z VectorUtilSupportTest > VectorArithmeticTest > addInPlacePanamaMatchesScalar(int) > dim=129 PASSED
build	Build + Test	2026-10-04T13:38:20.9617271Z 
build	Build + Test	2026-10-04T13:38:20.9699439Z VectorUtilSupportTest > VectorArithmeticTest > addInPlacePanamaMatchesScalar(int) > dim=255 PASSED
build	Build + Test	2026-10-04T13:38:20.9807199Z 
build	Build + Test	2026-10-04T13:38:20.9868196Z VectorUtilSupportTest > VectorArithmeticTest > addInPlacePanamaMatchesScalar(int) > dim=256 PASSED
build	Build + Test	2026-10-04T13:38:20.9996029Z 
build	Build + Test	2026-10-04T13:38:21.0028371Z VectorUtilSupportTest > VectorArithmeticTest > addInPlacePanamaMatchesScalar(int) > dim=257 PASSED
build	Build + Test	2026-10-04T13:38:21.0122878Z 
build	Build + Test	2026-10-04T13:38:21.0189425Z VectorUtilSupportTest > VectorArithmeticTest > addInPlacePanamaMatchesScalar(int) > dim=300 PASSED
build	Build + Test	2026-10-04T13:38:21.0246082Z 
build	Build + Test	2026-10-04T13:38:21.0251175Z VectorUtilSupportTest > VectorArithmeticTest > addInPlacePanamaMatchesScalar(int) > dim=384 PASSED
build	Build + Test	2026-10-04T13:38:21.0307285Z 
build	Build + Test	2026-10-04T13:38:21.0348294Z VectorUtilSupportTest > VectorArithmeticTest > addInPlacePanamaMatchesScalar(int) > dim=511 PASSED
build	Build + Test	2026-10-04T13:38:21.0364379Z 
build	Build + Test	2026-10-04T13:38:21.0365431Z VectorUtilSupportTest > VectorArithmeticTest > addInPlacePanamaMatchesScalar(int) > dim=512 PASSED
build	Build + Test	2026-10-04T13:38:21.0366188Z 
build	Build + Test	2026-10-04T13:38:21.0366730Z VectorUtilSupportTest > VectorArithmeticTest > addInPlacePanamaMatchesScalar(int) > dim=513 PASSED
build	Build + Test	2026-10-04T13:38:21.0367646Z 
build	Build + Test	2026-10-04T13:38:21.0368180Z VectorUtilSupportTest > VectorArithmeticTest > addInPlacePanamaMatchesScalar(int) > dim=768 PASSED
build	Build + Test	2026-10-04T13:38:21.0368972Z 
build	Build + Test	2026-10-04T13:38:21.0369524Z VectorUtilSupportTest > VectorArithmeticTest > addInPlacePanamaMatchesScalar(int) > dim=1023 PASSED
build	Build + Test	2026-10-04T13:38:21.0370213Z 
build	Build + Test	2026-10-04T13:38:21.0370739Z VectorUtilSupportTest > VectorArithmeticTest > addInPlacePanamaMatchesScalar(int) > dim=1024 PASSED
build	Build + Test	2026-10-04T13:38:21.0371419Z 
build	Build + Test	2026-10-04T13:38:21.0371955Z VectorUtilSupportTest > VectorArithmeticTest > addInPlacePanamaMatchesScalar(int) > dim=1025 PASSED
build	Build + Test	2026-10-04T13:38:21.0372632Z 
build	Build + Test	2026-10-04T13:38:21.0373153Z VectorUtilSupportTest > VectorArithmeticTest > addInPlacePanamaMatchesScalar(int) > dim=1536 PASSED
build	Build + Test	2026-10-04T13:38:21.0373868Z 
build	Build + Test	2026-10-04T13:38:21.0374344Z VectorUtilSupportTest > VectorArithmeticTest > sumPanamaMatchesScalar(int) > dim=1 PASSED
build	Build + Test	2026-10-04T13:38:21.0374979Z 
build	Build + Test	2026-10-04T13:38:21.0375479Z VectorUtilSupportTest > VectorArithmeticTest > sumPanamaMatchesScalar(int) > dim=2 PASSED
build	Build + Test	2026-10-04T13:38:21.0376110Z 
build	Build + Test	2026-10-04T13:38:21.0376570Z VectorUtilSupportTest > VectorArithmeticTest > sumPanamaMatchesScalar(int) > dim=3 PASSED
build	Build + Test	2026-10-04T13:38:21.0377391Z 
build	Build + Test	2026-10-04T13:38:21.0377855Z VectorUtilSupportTest > VectorArithmeticTest > sumPanamaMatchesScalar(int) > dim=4 PASSED
build	Build + Test	2026-10-04T13:38:21.0378756Z 
build	Build + Test	2026-10-04T13:38:21.0379218Z VectorUtilSupportTest > VectorArithmeticTest > sumPanamaMatchesScalar(int) > dim=5 PASSED
build	Build + Test	2026-10-04T13:38:21.0379848Z 
build	Build + Test	2026-10-04T13:38:21.0380306Z VectorUtilSupportTest > VectorArithmeticTest > sumPanamaMatchesScalar(int) > dim=7 PASSED
build	Build + Test	2026-10-04T13:38:21.0380927Z 
build	Build + Test	2026-10-04T13:38:21.0381396Z VectorUtilSupportTest > VectorArithmeticTest > sumPanamaMatchesScalar(int) > dim=8 PASSED
build	Build + Test	2026-10-04T13:38:21.0382029Z 
build	Build + Test	2026-10-04T13:38:21.0382506Z VectorUtilSupportTest > VectorArithmeticTest > sumPanamaMatchesScalar(int) > dim=9 PASSED
build	Build + Test	2026-10-04T13:38:21.0383127Z 
build	Build + Test	2026-10-04T13:38:21.0383593Z VectorUtilSupportTest > VectorArithmeticTest > sumPanamaMatchesScalar(int) > dim=15 PASSED
build	Build + Test	2026-10-04T13:38:21.0384232Z 
build	Build + Test	2026-10-04T13:38:21.0384694Z VectorUtilSupportTest > VectorArithmeticTest > sumPanamaMatchesScalar(int) > dim=16 PASSED
build	Build + Test	2026-10-04T13:38:21.0385314Z 
build	Build + Test	2026-10-04T13:38:21.0385774Z VectorUtilSupportTest > VectorArithmeticTest > sumPanamaMatchesScalar(int) > dim=17 PASSED
build	Build + Test	2026-10-04T13:38:21.0386395Z 
build	Build + Test	2026-10-04T13:38:21.0387066Z VectorUtilSupportTest > VectorArithmeticTest > sumPanamaMatchesScalar(int) > dim=31 PASSED
build	Build + Test	2026-10-04T13:38:21.0387761Z 
build	Build + Test	2026-10-04T13:38:21.0388280Z VectorUtilSupportTest > VectorArithmeticTest > sumPanamaMatchesScalar(int) > dim=32 PASSED
build	Build + Test	2026-10-04T13:38:21.0388983Z 
build	Build + Test	2026-10-04T13:38:21.0389510Z VectorUtilSupportTest > VectorArithmeticTest > sumPanamaMatchesScalar(int) > dim=33 PASSED
build	Build + Test	2026-10-04T13:38:21.0390234Z 
build	Build + Test	2026-10-04T13:38:21.0390742Z VectorUtilSupportTest > VectorArithmeticTest > sumPanamaMatchesScalar(int) > dim=63 PASSED
build	Build + Test	2026-10-04T13:38:21.0391441Z 
build	Build + Test	2026-10-04T13:38:21.0391967Z VectorUtilSupportTest > VectorArithmeticTest > sumPanamaMatchesScalar(int) > dim=64 PASSED
build	Build + Test	2026-10-04T13:38:21.0393124Z 
build	Build + Test	2026-10-04T13:38:21.0393646Z VectorUtilSupportTest > VectorArithmeticTest > sumPanamaMatchesScalar(int) > dim=65 PASSED
build	Build + Test	2026-10-04T13:38:21.0394338Z 
build	Build + Test	2026-10-04T13:38:21.0394882Z VectorUtilSupportTest > VectorArithmeticTest > sumPanamaMatchesScalar(int) > dim=127 PASSED
build	Build + Test	2026-10-04T13:38:21.0395663Z 
build	Build + Test	2026-10-04T13:38:21.0396194Z VectorUtilSupportTest > VectorArithmeticTest > sumPanamaMatchesScalar(int) > dim=128 PASSED
build	Build + Test	2026-10-04T13:38:21.0397074Z 
build	Build + Test	2026-10-04T13:38:21.0397583Z VectorUtilSupportTest > VectorArithmeticTest > sumPanamaMatchesScalar(int) > dim=129 PASSED
build	Build + Test	2026-10-04T13:38:21.0419930Z 
build	Build + Test	2026-10-04T13:38:21.0420562Z VectorUtilSupportTest > VectorArithmeticTest > sumPanamaMatchesScalar(int) > dim=255 PASSED
build	Build + Test	2026-10-04T13:38:21.0421348Z 
build	Build + Test	2026-10-04T13:38:21.0421935Z VectorUtilSupportTest > VectorArithmeticTest > sumPanamaMatchesScalar(int) > dim=256 PASSED
build	Build + Test	2026-10-04T13:38:21.0438098Z 
build	Build + Test	2026-10-04T13:38:21.0438734Z VectorUtilSupportTest > VectorArithmeticTest > sumPanamaMatchesScalar(int) > dim=257 PASSED
build	Build + Test	2026-10-04T13:38:21.0439579Z 
build	Build + Test	2026-10-04T13:38:21.0440162Z VectorUtilSupportTest > VectorArithmeticTest > sumPanamaMatchesScalar(int) > dim=300 PASSED
build	Build + Test	2026-10-04T13:38:21.0440928Z 
build	Build + Test	2026-10-04T13:38:21.0441472Z VectorUtilSupportTest > VectorArithmeticTest > sumPanamaMatchesScalar(int) > dim=384 PASSED
build	Build + Test	2026-10-04T13:38:21.0442204Z 
build	Build + Test	2026-10-04T13:38:21.0442754Z VectorUtilSupportTest > VectorArithmeticTest > sumPanamaMatchesScalar(int) > dim=511 PASSED
build	Build + Test	2026-10-04T13:38:21.0443487Z 
build	Build + Test	2026-10-04T13:38:21.0444044Z VectorUtilSupportTest > VectorArithmeticTest > sumPanamaMatchesScalar(int) > dim=512 PASSED
build	Build + Test	2026-10-04T13:38:21.0444807Z 
build	Build + Test	2026-10-04T13:38:21.0445346Z VectorUtilSupportTest > VectorArithmeticTest > sumPanamaMatchesScalar(int) > dim=513 PASSED
build	Build + Test	2026-10-04T13:38:21.0446063Z 
build	Build + Test	2026-10-04T13:38:21.0446605Z VectorUtilSupportTest > VectorArithmeticTest > sumPanamaMatchesScalar(int) > dim=768 PASSED
build	Build + Test	2026-10-04T13:38:21.0454088Z 
build	Build + Test	2026-10-04T13:38:21.0454738Z VectorUtilSupportTest > VectorArithmeticTest > sumPanamaMatchesScalar(int) > dim=1023 PASSED
build	Build + Test	2026-10-04T13:38:21.0455458Z 
build	Build + Test	2026-10-04T13:38:21.0456215Z VectorUtilSupportTest > VectorArithmeticTest > sumPanamaMatchesScalar(int) > dim=1024 PASSED
build	Build + Test	2026-10-04T13:38:21.0457145Z 
build	Build + Test	2026-10-04T13:38:21.0472356Z VectorUtilSupportTest > VectorArithmeticTest > sumPanamaMatchesScalar(int) > dim=1025 PASSED
build	Build + Test	2026-10-04T13:38:21.0473185Z 
build	Build + Test	2026-10-04T13:38:21.0473817Z VectorUtilSupportTest > VectorArithmeticTest > sumPanamaMatchesScalar(int) > dim=1536 PASSED
build	Build + Test	2026-10-04T13:38:21.0474584Z 
build	Build + Test	2026-10-04T13:38:21.0475056Z VectorUtilSupportTest > VectorArithmeticTest > subInPlaceKnownValues() PASSED
build	Build + Test	2026-10-04T13:38:21.0475739Z 
build	Build + Test	2026-10-04T13:38:21.0476385Z VectorUtilSupportTest > VectorArithmeticTest > addScaledInPlacePanamaMatchesScalar(int) > dim=1 PASSED
build	Build + Test	2026-10-04T13:38:21.0477502Z 
build	Build + Test	2026-10-04T13:38:21.0478161Z VectorUtilSupportTest > VectorArithmeticTest > addScaledInPlacePanamaMatchesScalar(int) > dim=2 PASSED
build	Build + Test	2026-10-04T13:38:21.0479057Z 
build	Build + Test	2026-10-04T13:38:21.0479718Z VectorUtilSupportTest > VectorArithmeticTest > addScaledInPlacePanamaMatchesScalar(int) > dim=3 PASSED
build	Build + Test	2026-10-04T13:38:21.0480559Z 
build	Build + Test	2026-10-04T13:38:21.0481184Z VectorUtilSupportTest > VectorArithmeticTest > addScaledInPlacePanamaMatchesScalar(int) > dim=4 PASSED
build	Build + Test	2026-10-04T13:38:21.0481998Z 
build	Build + Test	2026-10-04T13:38:21.0482627Z VectorUtilSupportTest > VectorArithmeticTest > addScaledInPlacePanamaMatchesScalar(int) > dim=5 PASSED
build	Build + Test	2026-10-04T13:38:21.0483452Z 
build	Build + Test	2026-10-04T13:38:21.0484097Z VectorUtilSupportTest > VectorArithmeticTest > addScaledInPlacePanamaMatchesScalar(int) > dim=7 PASSED
build	Build + Test	2026-10-04T13:38:21.0484922Z 
build	Build + Test	2026-10-04T13:38:21.0485566Z VectorUtilSupportTest > VectorArithmeticTest > addScaledInPlacePanamaMatchesScalar(int) > dim=8 PASSED
build	Build + Test	2026-10-04T13:38:21.0486406Z 
build	Build + Test	2026-10-04T13:38:21.0487237Z VectorUtilSupportTest > VectorArithmeticTest > addScaledInPlacePanamaMatchesScalar(int) > dim=9 PASSED
build	Build + Test	2026-10-04T13:38:21.0487981Z 
build	Build + Test	2026-10-04T13:38:21.0489064Z VectorUtilSupportTest > VectorArithmeticTest > addScaledInPlacePanamaMatchesScalar(int) > dim=15 PASSED
build	Build + Test	2026-10-04T13:38:21.0489883Z 
build	Build + Test	2026-10-04T13:38:21.0490519Z VectorUtilSupportTest > VectorArithmeticTest > addScaledInPlacePanamaMatchesScalar(int) > dim=16 PASSED
build	Build + Test	2026-10-04T13:38:21.0491334Z 
build	Build + Test	2026-10-04T13:38:21.0491929Z VectorUtilSupportTest > VectorArithmeticTest > addScaledInPlacePanamaMatchesScalar(int) > dim=17 PASSED
build	Build + Test	2026-10-04T13:38:21.0492703Z 
build	Build + Test	2026-10-04T13:38:21.0493341Z VectorUtilSupportTest > VectorArithmeticTest > addScaledInPlacePanamaMatchesScalar(int) > dim=31 PASSED
build	Build + Test	2026-10-04T13:38:21.0494120Z 
build	Build + Test	2026-10-04T13:38:21.0495037Z VectorUtilSupportTest > VectorArithmeticTest > addScaledInPlacePanamaMatchesScalar(int) > dim=32 PASSED
build	Build + Test	2026-10-04T13:38:21.0495886Z 
build	Build + Test	2026-10-04T13:38:21.0496509Z VectorUtilSupportTest > VectorArithmeticTest > addScaledInPlacePanamaMatchesScalar(int) > dim=33 PASSED
build	Build + Test	2026-10-04T13:38:21.0534236Z 
build	Build + Test	2026-10-04T13:38:21.0535024Z VectorUtilSupportTest > VectorArithmeticTest > addScaledInPlacePanamaMatchesScalar(int) > dim=63 PASSED
build	Build + Test	2026-10-04T13:38:21.0535941Z 
build	Build + Test	2026-10-04T13:38:21.0536616Z VectorUtilSupportTest > VectorArithmeticTest > addScaledInPlacePanamaMatchesScalar(int) > dim=64 PASSED
build	Build + Test	2026-10-04T13:38:21.0537660Z 
build	Build + Test	2026-10-04T13:38:21.0538266Z VectorUtilSupportTest > VectorArithmeticTest > addScaledInPlacePanamaMatchesScalar(int) > dim=65 PASSED
build	Build + Test	2026-10-04T13:38:21.0539025Z 
build	Build + Test	2026-10-04T13:38:21.0539619Z VectorUtilSupportTest > VectorArithmeticTest > addScaledInPlacePanamaMatchesScalar(int) > dim=127 PASSED
build	Build + Test	2026-10-04T13:38:21.0540397Z 
build	Build + Test	2026-10-04T13:38:21.0541015Z VectorUtilSupportTest > VectorArithmeticTest > addScaledInPlacePanamaMatchesScalar(int) > dim=128 PASSED
build	Build + Test	2026-10-04T13:38:21.0541803Z 
build	Build + Test	2026-10-04T13:38:21.0542400Z VectorUtilSupportTest > VectorArithmeticTest > addScaledInPlacePanamaMatchesScalar(int) > dim=129 PASSED
build	Build + Test	2026-10-04T13:38:21.0543181Z 
build	Build + Test	2026-10-04T13:38:21.0543791Z VectorUtilSupportTest > VectorArithmeticTest > addScaledInPlacePanamaMatchesScalar(int) > dim=255 PASSED
build	Build + Test	2026-10-04T13:38:21.0544592Z 
build	Build + Test	2026-10-04T13:38:21.0545193Z VectorUtilSupportTest > VectorArithmeticTest > addScaledInPlacePanamaMatchesScalar(int) > dim=256 PASSED
build	Build + Test	2026-10-04T13:38:21.0545966Z 
build	Build + Test	2026-10-04T13:38:21.0546560Z VectorUtilSupportTest > VectorArithmeticTest > addScaledInPlacePanamaMatchesScalar(int) > dim=257 PASSED
build	Build + Test	2026-10-04T13:38:21.0548787Z 
build	Build + Test	2026-10-04T13:38:21.0549405Z VectorUtilSupportTest > VectorArithmeticTest > addScaledInPlacePanamaMatchesScalar(int) > dim=300 PASSED
build	Build + Test	2026-10-04T13:38:21.0550182Z 
build	Build + Test	2026-10-04T13:38:21.0550784Z VectorUtilSupportTest > VectorArithmeticTest > addScaledInPlacePanamaMatchesScalar(int) > dim=384 PASSED
build	Build + Test	2026-10-04T13:38:21.0551557Z 
build	Build + Test	2026-10-04T13:38:21.0552147Z VectorUtilSupportTest > VectorArithmeticTest > addScaledInPlacePanamaMatchesScalar(int) > dim=511 PASSED
build	Build + Test	2026-10-04T13:38:21.0552905Z 
build	Build + Test	2026-10-04T13:38:21.0553496Z VectorUtilSupportTest > VectorArithmeticTest > addScaledInPlacePanamaMatchesScalar(int) > dim=512 PASSED
build	Build + Test	2026-10-04T13:38:21.0554263Z 
build	Build + Test	2026-10-04T13:38:21.0554875Z VectorUtilSupportTest > VectorArithmeticTest > addScaledInPlacePanamaMatchesScalar(int) > dim=513 PASSED
build	Build + Test	2026-10-04T13:38:21.0555652Z 
build	Build + Test	2026-10-04T13:38:21.0556255Z VectorUtilSupportTest > VectorArithmeticTest > addScaledInPlacePanamaMatchesScalar(int) > dim=768 PASSED
build	Build + Test	2026-10-04T13:38:21.0605220Z 
build	Build + Test	2026-10-04T13:38:21.0606078Z VectorUtilSupportTest > VectorArithmeticTest > addScaledInPlacePanamaMatchesScalar(int) > dim=1023 PASSED
build	Build + Test	2026-10-04T13:38:21.0607229Z 
build	Build + Test	2026-10-04T13:38:21.0607929Z VectorUtilSupportTest > VectorArithmeticTest > addScaledInPlacePanamaMatchesScalar(int) > dim=1024 PASSED
build	Build + Test	2026-10-04T13:38:21.0608824Z 
build	Build + Test	2026-10-04T13:38:21.0609490Z VectorUtilSupportTest > VectorArithmeticTest > addScaledInPlacePanamaMatchesScalar(int) > dim=1025 PASSED
build	Build + Test	2026-10-04T13:38:21.0610325Z 
build	Build + Test	2026-10-04T13:38:21.0610980Z VectorUtilSupportTest > VectorArithmeticTest > addScaledInPlacePanamaMatchesScalar(int) > dim=1536 PASSED
build	Build + Test	2026-10-04T13:38:21.0611812Z 
build	Build + Test	2026-10-04T13:38:21.0612991Z VectorUtilSupportTest > VectorArithmeticTest > addWeightedRowsInPlacePanamaMatchesScalarExactly(int) > dim=1 PASSED
build	Build + Test	2026-10-04T13:38:21.0613947Z 
build	Build + Test	2026-10-04T13:38:21.0614711Z VectorUtilSupportTest > VectorArithmeticTest > addWeightedRowsInPlacePanamaMatchesScalarExactly(int) > dim=2 PASSED
build	Build + Test	2026-10-04T13:38:21.0615661Z 
build	Build + Test	2026-10-04T13:38:21.0616414Z VectorUtilSupportTest > VectorArithmeticTest > addWeightedRowsInPlacePanamaMatchesScalarExactly(int) > dim=3 PASSED
build	Build + Test	2026-10-04T13:38:21.0617534Z 
build	Build + Test	2026-10-04T13:38:21.0618276Z VectorUtilSupportTest > VectorArithmeticTest > addWeightedRowsInPlacePanamaMatchesScalarExactly(int) > dim=4 PASSED
build	Build + Test	2026-10-04T13:38:21.0619431Z 
build	Build + Test	2026-10-04T13:38:21.0620204Z VectorUtilSupportTest > VectorArithmeticTest > addWeightedRowsInPlacePanamaMatchesScalarExactly(int) > dim=5 PASSED
build	Build + Test	2026-10-04T13:38:21.0621117Z 
build	Build + Test	2026-10-04T13:38:21.0621859Z VectorUtilSupportTest > VectorArithmeticTest > addWeightedRowsInPlacePanamaMatchesScalarExactly(int) > dim=7 PASSED
build	Build + Test	2026-10-04T13:38:21.0622800Z 
build	Build + Test	2026-10-04T13:38:21.0623541Z VectorUtilSupportTest > VectorArithmeticTest > addWeightedRowsInPlacePanamaMatchesScalarExactly(int) > dim=8 PASSED
build	Build + Test	2026-10-04T13:38:21.0624460Z 
build	Build + Test	2026-10-04T13:38:21.0625197Z VectorUtilSupportTest > VectorArithmeticTest > addWeightedRowsInPlacePanamaMatchesScalarExactly(int) > dim=9 PASSED
build	Build + Test	2026-10-04T13:38:21.0626107Z 
build	Build + Test	2026-10-04T13:38:21.0640103Z VectorUtilSupportTest > VectorArithmeticTest > addWeightedRowsInPlacePanamaMatchesScalarExactly(int) > dim=15 PASSED
build	Build + Test	2026-10-04T13:38:21.0641087Z 
build	Build + Test	2026-10-04T13:38:21.0641816Z VectorUtilSupportTest > VectorArithmeticTest > addWeightedRowsInPlacePanamaMatchesScalarExactly(int) > dim=16 PASSED
build	Build + Test	2026-10-04T13:38:21.0642705Z 
build	Build + Test	2026-10-04T13:38:21.0643408Z VectorUtilSupportTest > VectorArithmeticTest > addWeightedRowsInPlacePanamaMatchesScalarExactly(int) > dim=17 PASSED
build	Build + Test	2026-10-04T13:38:21.0644268Z 
build	Build + Test	2026-10-04T13:38:21.0644942Z VectorUtilSupportTest > VectorArithmeticTest > addWeightedRowsInPlacePanamaMatchesScalarExactly(int) > dim=31 PASSED
build	Build + Test	2026-10-04T13:38:21.0645794Z 
build	Build + Test	2026-10-04T13:38:21.0646474Z VectorUtilSupportTest > VectorArithmeticTest > addWeightedRowsInPlacePanamaMatchesScalarExactly(int) > dim=32 PASSED
build	Build + Test	2026-10-04T13:38:21.0647632Z 
build	Build + Test	2026-10-04T13:38:21.0648423Z VectorUtilSupportTest > VectorArithmeticTest > addWeightedRowsInPlacePanamaMatchesScalarExactly(int) > dim=33 PASSED
build	Build + Test	2026-10-04T13:38:21.0649405Z 
build	Build + Test	2026-10-04T13:38:21.0650184Z VectorUtilSupportTest > VectorArithmeticTest > addWeightedRowsInPlacePanamaMatchesScalarExactly(int) > dim=63 PASSED
build	Build + Test	2026-10-04T13:38:21.0651142Z 
build	Build + Test	2026-10-04T13:38:21.0651872Z VectorUtilSupportTest > VectorArithmeticTest > addWeightedRowsInPlacePanamaMatchesScalarExactly(int) > dim=64 PASSED
build	Build + Test	2026-10-04T13:38:21.0652813Z 
build	Build + Test	2026-10-04T13:38:21.0653533Z VectorUtilSupportTest > VectorArithmeticTest > addWeightedRowsInPlacePanamaMatchesScalarExactly(int) > dim=65 PASSED
build	Build + Test	2026-10-04T13:38:21.0654445Z 
build	Build + Test	2026-10-04T13:38:21.0655306Z VectorUtilSupportTest > VectorArithmeticTest > addWeightedRowsInPlacePanamaMatchesScalarExactly(int) > dim=127 PASSED
build	Build + Test	2026-10-04T13:38:21.0656325Z 
build	Build + Test	2026-10-04T13:38:21.0657281Z VectorUtilSupportTest > VectorArithmeticTest > addWeightedRowsInPlacePanamaMatchesScalarExactly(int) > dim=128 PASSED
build	Build + Test	2026-10-04T13:38:21.0658270Z 
build	Build + Test	2026-10-04T13:38:21.0659056Z VectorUtilSupportTest > VectorArithmeticTest > addWeightedRowsInPlacePanamaMatchesScalarExactly(int) > dim=129 PASSED
build	Build + Test	2026-10-04T13:38:21.0660019Z 
build	Build + Test	2026-10-04T13:38:21.0660822Z VectorUtilSupportTest > VectorArithmeticTest > addWeightedRowsInPlacePanamaMatchesScalarExactly(int) > dim=255 PASSED
build	Build + Test	2026-10-04T13:38:21.0661805Z 
build	Build + Test	2026-10-04T13:38:21.0662576Z VectorUtilSupportTest > VectorArithmeticTest > addWeightedRowsInPlacePanamaMatchesScalarExactly(int) > dim=256 PASSED
build	Build + Test	2026-10-04T13:38:21.0663556Z 
build	Build + Test	2026-10-04T13:38:21.0664319Z VectorUtilSupportTest > VectorArithmeticTest > addWeightedRowsInPlacePanamaMatchesScalarExactly(int) > dim=257 PASSED
build	Build + Test	2026-10-04T13:38:21.0665260Z 
build	Build + Test	2026-10-04T13:38:21.0666022Z VectorUtilSupportTest > VectorArithmeticTest > addWeightedRowsInPlacePanamaMatchesScalarExactly(int) > dim=300 PASSED
build	Build + Test	2026-10-04T13:38:21.0667827Z 
build	Build + Test	2026-10-04T13:38:21.0668621Z VectorUtilSupportTest > VectorArithmeticTest > addWeightedRowsInPlacePanamaMatchesScalarExactly(int) > dim=384 PASSED
build	Build + Test	2026-10-04T13:38:21.0669548Z 
build	Build + Test	2026-10-04T13:38:21.0670296Z VectorUtilSupportTest > VectorArithmeticTest > addWeightedRowsInPlacePanamaMatchesScalarExactly(int) > dim=511 PASSED
build	Build + Test	2026-10-04T13:38:21.0671223Z 
build	Build + Test	2026-10-04T13:38:21.0671974Z VectorUtilSupportTest > VectorArithmeticTest > addWeightedRowsInPlacePanamaMatchesScalarExactly(int) > dim=512 PASSED
build	Build + Test	2026-10-04T13:38:21.0673275Z 
build	Build + Test	2026-10-04T13:38:21.0674047Z VectorUtilSupportTest > VectorArithmeticTest > addWeightedRowsInPlacePanamaMatchesScalarExactly(int) > dim=513 PASSED
build	Build + Test	2026-10-04T13:38:21.0675002Z 
build	Build + Test	2026-10-04T13:38:21.0675776Z VectorUtilSupportTest > VectorArithmeticTest > addWeightedRowsInPlacePanamaMatchesScalarExactly(int) > dim=768 PASSED
build	Build + Test	2026-10-04T13:38:21.0676726Z 
build	Build + Test	2026-10-04T13:38:21.0677664Z VectorUtilSupportTest > VectorArithmeticTest > addWeightedRowsInPlacePanamaMatchesScalarExactly(int) > dim=1023 PASSED
build	Build + Test	2026-10-04T13:38:21.0680449Z 
build	Build + Test	2026-10-04T13:38:21.0681278Z VectorUtilSupportTest > VectorArithmeticTest > addWeightedRowsInPlacePanamaMatchesScalarExactly(int) > dim=1024 PASSED
build	Build + Test	2026-10-04T13:38:21.0682261Z 
build	Build + Test	2026-10-04T13:38:21.0683073Z VectorUtilSupportTest > VectorArithmeticTest > addWeightedRowsInPlacePanamaMatchesScalarExactly(int) > dim=1025 PASSED
build	Build + Test	2026-10-04T13:38:21.0684049Z 
build	Build + Test	2026-10-04T13:38:21.0684827Z VectorUtilSupportTest > VectorArithmeticTest > addWeightedRowsInPlacePanamaMatchesScalarExactly(int) > dim=1536 PASSED
build	Build + Test	2026-10-04T13:38:21.0685826Z 
build	Build + Test	2026-10-04T13:38:21.0686435Z VectorUtilSupportTest > VectorArithmeticTest > subInPlacePanamaMatchesScalar(int) > dim=1 PASSED
build	Build + Test	2026-10-04T13:38:21.0697454Z 
build	Build + Test	2026-10-04T13:38:21.0698077Z VectorUtilSupportTest > VectorArithmeticTest > subInPlacePanamaMatchesScalar(int) > dim=2 PASSED
build	Build + Test	2026-10-04T13:38:21.0698792Z 
build	Build + Test	2026-10-04T13:38:21.0699326Z VectorUtilSupportTest > VectorArithmeticTest > subInPlacePanamaMatchesScalar(int) > dim=3 PASSED
build	Build + Test	2026-10-04T13:38:21.0700045Z 
build	Build + Test	2026-10-04T13:38:21.0700573Z VectorUtilSupportTest > VectorArithmeticTest > subInPlacePanamaMatchesScalar(int) > dim=4 PASSED
build	Build + Test	2026-10-04T13:38:21.0701252Z 
build	Build + Test	2026-10-04T13:38:21.0701776Z VectorUtilSupportTest > VectorArithmeticTest > subInPlacePanamaMatchesScalar(int) > dim=5 PASSED
build	Build + Test	2026-10-04T13:38:21.0702467Z 
build	Build + Test	2026-10-04T13:38:21.0703002Z VectorUtilSupportTest > VectorArithmeticTest > subInPlacePanamaMatchesScalar(int) > dim=7 PASSED
build	Build + Test	2026-10-04T13:38:21.0703702Z 
build	Build + Test	2026-10-04T13:38:21.0704231Z VectorUtilSupportTest > VectorArithmeticTest > subInPlacePanamaMatchesScalar(int) > dim=8 PASSED
build	Build + Test	2026-10-04T13:38:21.0704924Z 
build	Build + Test	2026-10-04T13:38:21.0705430Z VectorUtilSupportTest > VectorArithmeticTest > subInPlacePanamaMatchesScalar(int) > dim=9 PASSED
build	Build + Test	2026-10-04T13:38:21.0706103Z 
build	Build + Test	2026-10-04T13:38:21.0710427Z VectorUtilSupportTest > VectorArithmeticTest > subInPlacePanamaMatchesScalar(int) > dim=15 PASSED
build	Build + Test	2026-10-04T13:38:21.0711307Z 
build	Build + Test	2026-10-04T13:38:21.0737330Z VectorUtilSupportTest > VectorArithmeticTest > subInPlacePanamaMatchesScalar(int) > dim=16 PASSED
build	Build + Test	2026-10-04T13:38:21.0738397Z 
build	Build + Test	2026-10-04T13:38:21.0739103Z VectorUtilSupportTest > VectorArithmeticTest > subInPlacePanamaMatchesScalar(int) > dim=17 PASSED
build	Build + Test	2026-10-04T13:38:21.0739965Z 
build	Build + Test	2026-10-04T13:38:21.0740848Z VectorUtilSupportTest > VectorArithmeticTest > subInPlacePanamaMatchesScalar(int) > dim=31 PASSED
build	Build + Test	2026-10-04T13:38:21.0741696Z 
build	Build + Test	2026-10-04T13:38:21.0742305Z VectorUtilSupportTest > VectorArithmeticTest > subInPlacePanamaMatchesScalar(int) > dim=32 PASSED
build	Build + Test	2026-10-04T13:38:21.0743135Z 
build	Build + Test	2026-10-04T13:38:21.0743703Z VectorUtilSupportTest > VectorArithmeticTest > subInPlacePanamaMatchesScalar(int) > dim=33 PASSED
build	Build + Test	2026-10-04T13:38:21.0744479Z 
build	Build + Test	2026-10-04T13:38:21.0745078Z VectorUtilSupportTest > VectorArithmeticTest > subInPlacePanamaMatchesScalar(int) > dim=63 PASSED
build	Build + Test	2026-10-04T13:38:21.0745875Z 
build	Build + Test	2026-10-04T13:38:21.0746495Z VectorUtilSupportTest > VectorArithmeticTest > subInPlacePanamaMatchesScalar(int) > dim=64 PASSED
build	Build + Test	2026-10-04T13:38:21.0748082Z 
build	Build + Test	2026-10-04T13:38:21.0748721Z VectorUtilSupportTest > VectorArithmeticTest > subInPlacePanamaMatchesScalar(int) > dim=65 PASSED
build	Build + Test	2026-10-04T13:38:21.0749514Z 
build	Build + Test	2026-10-04T13:38:21.0750096Z VectorUtilSupportTest > VectorArithmeticTest > subInPlacePanamaMatchesScalar(int) > dim=127 PASSED
build	Build + Test	2026-10-04T13:38:21.0750859Z 
build	Build + Test	2026-10-04T13:38:21.0751458Z VectorUtilSupportTest > VectorArithmeticTest > subInPlacePanamaMatchesScalar(int) > dim=128 PASSED
build	Build + Test	2026-10-04T13:38:21.0752301Z 
build	Build + Test	2026-10-04T13:38:21.0752960Z VectorUtilSupportTest > VectorArithmeticTest > subInPlacePanamaMatchesScalar(int) > dim=129 PASSED
build	Build + Test	2026-10-04T13:38:21.0754115Z 
build	Build + Test	2026-10-04T13:38:21.0754779Z VectorUtilSupportTest > VectorArithmeticTest > subInPlacePanamaMatchesScalar(int) > dim=255 PASSED
build	Build + Test	2026-10-04T13:38:21.0755626Z 
build	Build + Test	2026-10-04T13:38:21.0756287Z VectorUtilSupportTest > VectorArithmeticTest > subInPlacePanamaMatchesScalar(int) > dim=256 PASSED
build	Build + Test	2026-10-04T13:38:21.0818050Z 
build	Build + Test	2026-10-04T13:38:21.0818866Z VectorUtilSupportTest > VectorArithmeticTest > subInPlacePanamaMatchesScalar(int) > dim=257 PASSED
build	Build + Test	2026-10-04T13:38:21.0819695Z 
build	Build + Test	2026-10-04T13:38:21.0820313Z VectorUtilSupportTest > VectorArithmeticTest > subInPlacePanamaMatchesScalar(int) > dim=300 PASSED
build	Build + Test	2026-10-04T13:38:21.0821089Z 
build	Build + Test	2026-10-04T13:38:21.0821697Z VectorUtilSupportTest > VectorArithmeticTest > subInPlacePanamaMatchesScalar(int) > dim=384 PASSED
build	Build + Test	2026-10-04T13:38:21.0822499Z 
build	Build + Test	2026-10-04T13:38:21.0823116Z VectorUtilSupportTest > VectorArithmeticTest > subInPlacePanamaMatchesScalar(int) > dim=511 PASSED
build	Build + Test	2026-10-04T13:38:21.0823923Z 
build	Build + Test	2026-10-04T13:38:21.0824468Z VectorUtilSupportTest > VectorArithmeticTest > subInPlacePanamaMatchesScalar(int) > dim=512 PASSED
build	Build + Test	2026-10-04T13:38:21.0825165Z 
build	Build + Test	2026-10-04T13:38:21.0825722Z VectorUtilSupportTest > VectorArithmeticTest > subInPlacePanamaMatchesScalar(int) > dim=513 PASSED
build	Build + Test	2026-10-04T13:38:21.0826419Z 
build	Build + Test	2026-10-04T13:38:21.0827262Z VectorUtilSupportTest > VectorArithmeticTest > subInPlacePanamaMatchesScalar(int) > dim=768 PASSED
build	Build + Test	2026-10-04T13:38:21.0828091Z 
build	Build + Test	2026-10-04T13:38:21.0828794Z VectorUtilSupportTest > VectorArithmeticTest > subInPlacePanamaMatchesScalar(int) > dim=1023 PASSED
build	Build + Test	2026-10-04T13:38:21.0829514Z 
build	Build + Test	2026-10-04T13:38:21.0830055Z VectorUtilSupportTest > VectorArithmeticTest > subInPlacePanamaMatchesScalar(int) > dim=1024 PASSED
build	Build + Test	2026-10-04T13:38:21.0830766Z 
build	Build + Test	2026-10-04T13:38:21.0831304Z VectorUtilSupportTest > VectorArithmeticTest > subInPlacePanamaMatchesScalar(int) > dim=1025 PASSED
build	Build + Test	2026-10-04T13:38:21.1547285Z 
build	Build + Test	2026-10-04T13:38:21.1608318Z VectorUtilSupportTest > VectorArithmeticTest > subInPlacePanamaMatchesScalar(int) > dim=1536 PASSED
build	Build + Test	2026-10-04T13:38:21.1637291Z 
build	Build + Test	2026-10-04T13:38:21.1678229Z VectorUtilSupportTest > VectorArithmeticTest > addInPlaceKnownValues() PASSED
build	Build + Test	2026-10-04T13:38:21.1697268Z 
build	Build + Test	2026-10-04T13:38:21.1758606Z VectorUtilSupportTest > VectorArithmeticTest > sigmoidAndScaledSoftplusPanamaMatchesScalar(int) > dim=1 PASSED
build	Build + Test	2026-10-04T13:38:21.1772991Z 
build	Build + Test	2026-10-04T13:38:21.1808909Z VectorUtilSupportTest > VectorArithmeticTest > sigmoidAndScaledSoftplusPanamaMatchesScalar(int) > dim=2 PASSED
build	Build + Test	2026-10-04T13:38:21.1830341Z 
build	Build + Test	2026-10-04T13:38:21.1998470Z VectorUtilSupportTest > VectorArithmeticTest > sigmoidAndScaledSoftplusPanamaMatchesScalar(int) > dim=3 PASSED
build	Build + Test	2026-10-04T13:38:21.2000747Z 
build	Build + Test	2026-10-04T13:38:21.2103038Z VectorUtilSupportTest > VectorArithmeticTest > sigmoidAndScaledSoftplusPanamaMatchesScalar(int) > dim=4 PASSED
build	Build + Test	2026-10-04T13:38:21.2149380Z 
build	Build + Test	2026-10-04T13:38:21.2238650Z VectorUtilSupportTest > VectorArithmeticTest > sigmoidAndScaledSoftplusPanamaMatchesScalar(int) > dim=5 PASSED
build	Build + Test	2026-10-04T13:38:21.2307369Z 
build	Build + Test	2026-10-04T13:38:21.2368529Z VectorUtilSupportTest > VectorArithmeticTest > sigmoidAndScaledSoftplusPanamaMatchesScalar(int) > dim=7 PASSED
build	Build + Test	2026-10-04T13:38:21.2549228Z 
build	Build + Test	2026-10-04T13:38:21.2608325Z VectorUtilSupportTest > VectorArithmeticTest > sigmoidAndScaledSoftplusPanamaMatchesScalar(int) > dim=8 PASSED
build	Build + Test	2026-10-04T13:38:21.2609944Z 
build	Build + Test	2026-10-04T13:38:21.2610715Z VectorUtilSupportTest > VectorArithmeticTest > sigmoidAndScaledSoftplusPanamaMatchesScalar(int) > dim=9 PASSED
build	Build + Test	2026-10-04T13:38:21.2611610Z 
build	Build + Test	2026-10-04T13:38:21.2612296Z VectorUtilSupportTest > VectorArithmeticTest > sigmoidAndScaledSoftplusPanamaMatchesScalar(int) > dim=15 PASSED
build	Build + Test	2026-10-04T13:38:21.3500616Z 
build	Build + Test	2026-10-04T13:38:21.3581723Z VectorUtilSupportTest > VectorArithmeticTest > sigmoidAndScaledSoftplusPanamaMatchesScalar(int) > dim=16 PASSED
build	Build + Test	2026-10-04T13:38:21.3667462Z 
build	Build + Test	2026-10-04T13:38:21.3718439Z VectorUtilSupportTest > VectorArithmeticTest > sigmoidAndScaledSoftplusPanamaMatchesScalar(int) > dim=17 PASSED
build	Build + Test	2026-10-04T13:38:21.3797347Z 
build	Build + Test	2026-10-04T13:38:21.3847812Z VectorUtilSupportTest > VectorArithmeticTest > sigmoidAndScaledSoftplusPanamaMatchesScalar(int) > dim=31 PASSED
build	Build + Test	2026-10-04T13:38:21.3931074Z 
build	Build + Test	2026-10-04T13:38:21.4010988Z VectorUtilSupportTest > VectorArithmeticTest > sigmoidAndScaledSoftplusPanamaMatchesScalar(int) > dim=32 PASSED
build	Build + Test	2026-10-04T13:38:21.4020334Z 
build	Build + Test	2026-10-04T13:38:21.4053140Z VectorUtilSupportTest > VectorArithmeticTest > sigmoidAndScaledSoftplusPanamaMatchesScalar(int) > dim=33 PASSED
build	Build + Test	2026-10-04T13:38:21.4083670Z 
build	Build + Test	2026-10-04T13:38:21.4112291Z VectorUtilSupportTest > VectorArithmeticTest > sigmoidAndScaledSoftplusPanamaMatchesScalar(int) > dim=63 PASSED
build	Build + Test	2026-10-04T13:38:21.4113192Z 
build	Build + Test	2026-10-04T13:38:21.4113841Z VectorUtilSupportTest > VectorArithmeticTest > sigmoidAndScaledSoftplusPanamaMatchesScalar(int) > dim=64 PASSED
build	Build + Test	2026-10-04T13:38:21.4114728Z 
build	Build + Test	2026-10-04T13:38:21.4115449Z VectorUtilSupportTest > VectorArithmeticTest > sigmoidAndScaledSoftplusPanamaMatchesScalar(int) > dim=65 PASSED
build	Build + Test	2026-10-04T13:38:21.4116403Z 
build	Build + Test	2026-10-04T13:38:21.4117400Z VectorUtilSupportTest > VectorArithmeticTest > sigmoidAndScaledSoftplusPanamaMatchesScalar(int) > dim=127 PASSED
build	Build + Test	2026-10-04T13:38:21.4118361Z 
build	Build + Test	2026-10-04T13:38:21.4119122Z VectorUtilSupportTest > VectorArithmeticTest > sigmoidAndScaledSoftplusPanamaMatchesScalar(int) > dim=128 PASSED
build	Build + Test	2026-10-04T13:38:21.4120093Z 
build	Build + Test	2026-10-04T13:38:21.4120849Z VectorUtilSupportTest > VectorArithmeticTest > sigmoidAndScaledSoftplusPanamaMatchesScalar(int) > dim=129 PASSED
build	Build + Test	2026-10-04T13:38:21.4517350Z 
build	Build + Test	2026-10-04T13:38:21.4568469Z VectorUtilSupportTest > VectorArithmeticTest > sigmoidAndScaledSoftplusPanamaMatchesScalar(int) > dim=255 PASSED
build	Build + Test	2026-10-04T13:38:21.4612236Z 
build	Build + Test	2026-10-04T13:38:21.4658421Z VectorUtilSupportTest > VectorArithmeticTest > sigmoidAndScaledSoftplusPanamaMatchesScalar(int) > dim=256 PASSED
build	Build + Test	2026-10-04T13:38:21.4708009Z 
build	Build + Test	2026-10-04T13:38:21.4718297Z VectorUtilSupportTest > VectorArithmeticTest > sigmoidAndScaledSoftplusPanamaMatchesScalar(int) > dim=257 PASSED
build	Build + Test	2026-10-04T13:38:21.4777560Z 
build	Build + Test	2026-10-04T13:38:21.4823901Z VectorUtilSupportTest > VectorArithmeticTest > sigmoidAndScaledSoftplusPanamaMatchesScalar(int) > dim=300 PASSED
build	Build + Test	2026-10-04T13:38:21.4874080Z 
build	Build + Test	2026-10-04T13:38:21.4893946Z VectorUtilSupportTest > VectorArithmeticTest > sigmoidAndScaledSoftplusPanamaMatchesScalar(int) > dim=384 PASSED
build	Build + Test	2026-10-04T13:38:21.4975101Z 
build	Build + Test	2026-10-04T13:38:21.5008400Z VectorUtilSupportTest > VectorArithmeticTest > sigmoidAndScaledSoftplusPanamaMatchesScalar(int) > dim=511 PASSED
build	Build + Test	2026-10-04T13:38:21.5037241Z 
build	Build + Test	2026-10-04T13:38:21.5102600Z VectorUtilSupportTest > VectorArithmeticTest > sigmoidAndScaledSoftplusPanamaMatchesScalar(int) > dim=512 PASSED
build	Build + Test	2026-10-04T13:38:21.5567246Z 
build	Build + Test	2026-10-04T13:38:21.5568374Z VectorUtilSupportTest > VectorArithmeticTest > sigmoidAndScaledSoftplusPanamaMatchesScalar(int) > dim=513 PASSED
build	Build + Test	2026-10-04T13:38:21.5569286Z 
build	Build + Test	2026-10-04T13:38:21.5569981Z VectorUtilSupportTest > VectorArithmeticTest > sigmoidAndScaledSoftplusPanamaMatchesScalar(int) > dim=768 PASSED
build	Build + Test	2026-10-04T13:38:21.5570865Z 
build	Build + Test	2026-10-04T13:38:21.5571548Z VectorUtilSupportTest > VectorArithmeticTest > sigmoidAndScaledSoftplusPanamaMatchesScalar(int) > dim=1023 PASSED
build	Build + Test	2026-10-04T13:38:21.5572409Z 
build	Build + Test	2026-10-04T13:38:21.5573094Z VectorUtilSupportTest > VectorArithmeticTest > sigmoidAndScaledSoftplusPanamaMatchesScalar(int) > dim=1024 PASSED
build	Build + Test	2026-10-04T13:38:21.5574483Z 
build	Build + Test	2026-10-04T13:38:21.5575196Z VectorUtilSupportTest > VectorArithmeticTest > sigmoidAndScaledSoftplusPanamaMatchesScalar(int) > dim=1025 PASSED
build	Build + Test	2026-10-04T13:38:21.5576069Z 
build	Build + Test	2026-10-04T13:38:21.5576995Z VectorUtilSupportTest > VectorArithmeticTest > sigmoidAndScaledSoftplusPanamaMatchesScalar(int) > dim=1536 PASSED
build	Build + Test	2026-10-04T13:38:21.6517468Z 
build	Build + Test	2026-10-04T13:38:21.6578652Z VectorUtilSupportTest > VectorArithmeticTest > causalDepthwiseConv1dSiluPanamaMatchesScalar(int) > dim=1 PASSED
build	Build + Test	2026-10-04T13:38:21.6637656Z 
build	Build + Test	2026-10-04T13:38:21.6719791Z VectorUtilSupportTest > VectorArithmeticTest > causalDepthwiseConv1dSiluPanamaMatchesScalar(int) > dim=2 PASSED
build	Build + Test	2026-10-04T13:38:21.6794233Z 
build	Build + Test	2026-10-04T13:38:21.6818403Z VectorUtilSupportTest > VectorArithmeticTest > causalDepthwiseConv1dSiluPanamaMatchesScalar(int) > dim=3 PASSED
build	Build + Test	2026-10-04T13:38:21.6879693Z 
build	Build + Test	2026-10-04T13:38:21.6931550Z VectorUtilSupportTest > VectorArithmeticTest > causalDepthwiseConv1dSiluPanamaMatchesScalar(int) > dim=4 PASSED
build	Build + Test	2026-10-04T13:38:21.6979121Z 
build	Build + Test	2026-10-04T13:38:21.6998354Z VectorUtilSupportTest > VectorArithmeticTest > causalDepthwiseConv1dSiluPanamaMatchesScalar(int) > dim=5 PASSED
build	Build + Test	2026-10-04T13:38:21.7087305Z 
build	Build + Test	2026-10-04T13:38:21.7123490Z VectorUtilSupportTest > VectorArithmeticTest > causalDepthwiseConv1dSiluPanamaMatchesScalar(int) > dim=7 PASSED
build	Build + Test	2026-10-04T13:38:21.7167320Z 
build	Build + Test	2026-10-04T13:38:21.7198248Z VectorUtilSupportTest > VectorArithmeticTest > causalDepthwiseConv1dSiluPanamaMatchesScalar(int) > dim=8 PASSED
build	Build + Test	2026-10-04T13:38:21.7227055Z 
build	Build + Test	2026-10-04T13:38:21.7247633Z VectorUtilSupportTest > VectorArithmeticTest > causalDepthwiseConv1dSiluPanamaMatchesScalar(int) > dim=9 PASSED
build	Build + Test	2026-10-04T13:38:21.7277296Z 
build	Build + Test	2026-10-04T13:38:21.7340608Z VectorUtilSupportTest > VectorArithmeticTest > causalDepthwiseConv1dSiluPanamaMatchesScalar(int) > dim=15 PASSED
build	Build + Test	2026-10-04T13:38:21.7394672Z 
build	Build + Test	2026-10-04T13:38:21.7396310Z VectorUtilSupportTest > VectorArithmeticTest > causalDepthwiseConv1dSiluPanamaMatchesScalar(int) > dim=16 PASSED
build	Build + Test	2026-10-04T13:38:21.7447729Z 
build	Build + Test	2026-10-04T13:38:21.7498568Z VectorUtilSupportTest > VectorArithmeticTest > causalDepthwiseConv1dSiluPanamaMatchesScalar(int) > dim=17 PASSED
build	Build + Test	2026-10-04T13:38:21.7547283Z 
build	Build + Test	2026-10-04T13:38:21.7608497Z VectorUtilSupportTest > VectorArithmeticTest > causalDepthwiseConv1dSiluPanamaMatchesScalar(int) > dim=31 PASSED
build	Build + Test	2026-10-04T13:38:21.7626992Z 
build	Build + Test	2026-10-04T13:38:21.7660128Z VectorUtilSupportTest > VectorArithmeticTest > causalDepthwiseConv1dSiluPanamaMatchesScalar(int) > dim=32 PASSED
build	Build + Test	2026-10-04T13:38:21.7687194Z 
build	Build + Test	2026-10-04T13:38:21.7759927Z VectorUtilSupportTest > VectorArithmeticTest > causalDepthwiseConv1dSiluPanamaMatchesScalar(int) > dim=33 PASSED
build	Build + Test	2026-10-04T13:38:21.7817309Z 
build	Build + Test	2026-10-04T13:38:21.7838354Z VectorUtilSupportTest > VectorArithmeticTest > causalDepthwiseConv1dSiluPanamaMatchesScalar(int) > dim=63 PASSED
build	Build + Test	2026-10-04T13:38:21.7887353Z 
build	Build + Test	2026-10-04T13:38:21.7958465Z VectorUtilSupportTest > VectorArithmeticTest > causalDepthwiseConv1dSiluPanamaMatchesScalar(int) > dim=64 PASSED
build	Build + Test	2026-10-04T13:38:21.7987237Z 
build	Build + Test	2026-10-04T13:38:21.8015566Z VectorUtilSupportTest > VectorArithmeticTest > causalDepthwiseConv1dSiluPanamaMatchesScalar(int) > dim=65 PASSED
build	Build + Test	2026-10-04T13:38:21.8017168Z 
build	Build + Test	2026-10-04T13:38:21.8078771Z VectorUtilSupportTest > VectorArithmeticTest > causalDepthwiseConv1dSiluPanamaMatchesScalar(int) > dim=127 PASSED
build	Build + Test	2026-10-04T13:38:21.8138692Z 
build	Build + Test	2026-10-04T13:38:21.8148357Z VectorUtilSupportTest > VectorArithmeticTest > causalDepthwiseConv1dSiluPanamaMatchesScalar(int) > dim=128 PASSED
build	Build + Test	2026-10-04T13:38:21.8217331Z 
build	Build + Test	2026-10-04T13:38:21.8260913Z VectorUtilSupportTest > VectorArithmeticTest > causalDepthwiseConv1dSiluPanamaMatchesScalar(int) > dim=129 PASSED
build	Build + Test	2026-10-04T13:38:21.8317571Z 
build	Build + Test	2026-10-04T13:38:21.8363165Z VectorUtilSupportTest > VectorArithmeticTest > causalDepthwiseConv1dSiluPanamaMatchesScalar(int) > dim=255 PASSED
build	Build + Test	2026-10-04T13:38:21.8407199Z 
build	Build + Test	2026-10-04T13:38:21.8435617Z VectorUtilSupportTest > VectorArithmeticTest > causalDepthwiseConv1dSiluPanamaMatchesScalar(int) > dim=256 PASSED
build	Build + Test	2026-10-04T13:38:21.8507544Z 
build	Build + Test	2026-10-04T13:38:21.8558441Z VectorUtilSupportTest > VectorArithmeticTest > causalDepthwiseConv1dSiluPanamaMatchesScalar(int) > dim=257 PASSED
build	Build + Test	2026-10-04T13:38:21.8597293Z 
build	Build + Test	2026-10-04T13:38:21.8642685Z VectorUtilSupportTest > VectorArithmeticTest > causalDepthwiseConv1dSiluPanamaMatchesScalar(int) > dim=300 PASSED
build	Build + Test	2026-10-04T13:38:21.8687368Z 
build	Build + Test	2026-10-04T13:38:21.8778570Z VectorUtilSupportTest > VectorArithmeticTest > causalDepthwiseConv1dSiluPanamaMatchesScalar(int) > dim=384 PASSED
build	Build + Test	2026-10-04T13:38:21.8847743Z 
build	Build + Test	2026-10-04T13:38:21.8918447Z VectorUtilSupportTest > VectorArithmeticTest > causalDepthwiseConv1dSiluPanamaMatchesScalar(int) > dim=511 PASSED
build	Build + Test	2026-10-04T13:38:21.8935909Z 
build	Build + Test	2026-10-04T13:38:21.9018511Z VectorUtilSupportTest > VectorArithmeticTest > causalDepthwiseConv1dSiluPanamaMatchesScalar(int) > dim=512 PASSED
build	Build + Test	2026-10-04T13:38:21.9087344Z 
build	Build + Test	2026-10-04T13:38:21.9135791Z VectorUtilSupportTest > VectorArithmeticTest > causalDepthwiseConv1dSiluPanamaMatchesScalar(int) > dim=513 PASSED
build	Build + Test	2026-10-04T13:38:21.9204619Z 
build	Build + Test	2026-10-04T13:38:21.9268776Z VectorUtilSupportTest > VectorArithmeticTest > causalDepthwiseConv1dSiluPanamaMatchesScalar(int) > dim=768 PASSED
build	Build + Test	2026-10-04T13:38:21.9336323Z 
build	Build + Test	2026-10-04T13:38:21.9338408Z VectorUtilSupportTest > VectorArithmeticTest > causalDepthwiseConv1dSiluPanamaMatchesScalar(int) > dim=1023 PASSED
build	Build + Test	2026-10-04T13:38:21.9407531Z 
build	Build + Test	2026-10-04T13:38:21.9494332Z VectorUtilSupportTest > VectorArithmeticTest > causalDepthwiseConv1dSiluPanamaMatchesScalar(int) > dim=1024 PASSED
build	Build + Test	2026-10-04T13:38:21.9569578Z 
build	Build + Test	2026-10-04T13:38:21.9587039Z VectorUtilSupportTest > VectorArithmeticTest > causalDepthwiseConv1dSiluPanamaMatchesScalar(int) > dim=1025 PASSED
build	Build + Test	2026-10-04T13:38:21.9657429Z 
build	Build + Test	2026-10-04T13:38:21.9673960Z VectorUtilSupportTest > VectorArithmeticTest > causalDepthwiseConv1dSiluPanamaMatchesScalar(int) > dim=1536 PASSED
build	Build + Test	2026-10-04T13:38:21.9725186Z 
build	Build + Test	2026-10-04T13:38:21.9798497Z VectorUtilSupportTest > VectorArithmeticTest > swiGluPanamaMatchesScalarWhenOutputAliasesUpInput(int) > dim=1 PASSED
build	Build + Test	2026-10-04T13:38:21.9845435Z 
build	Build + Test	2026-10-04T13:38:21.9858331Z VectorUtilSupportTest > VectorArithmeticTest > swiGluPanamaMatchesScalarWhenOutputAliasesUpInput(int) > dim=2 PASSED
build	Build + Test	2026-10-04T13:38:21.9859333Z 
build	Build + Test	2026-10-04T13:38:21.9860096Z VectorUtilSupportTest > VectorArithmeticTest > swiGluPanamaMatchesScalarWhenOutputAliasesUpInput(int) > dim=3 PASSED
build	Build + Test	2026-10-04T13:38:21.9861045Z 
build	Build + Test	2026-10-04T13:38:21.9861791Z VectorUtilSupportTest > VectorArithmeticTest > swiGluPanamaMatchesScalarWhenOutputAliasesUpInput(int) > dim=4 PASSED
build	Build + Test	2026-10-04T13:38:21.9862737Z 
build	Build + Test	2026-10-04T13:38:21.9863478Z VectorUtilSupportTest > VectorArithmeticTest > swiGluPanamaMatchesScalarWhenOutputAliasesUpInput(int) > dim=5 PASSED
build	Build + Test	2026-10-04T13:38:21.9864398Z 
build	Build + Test	2026-10-04T13:38:21.9865123Z VectorUtilSupportTest > VectorArithmeticTest > swiGluPanamaMatchesScalarWhenOutputAliasesUpInput(int) > dim=7 PASSED
build	Build + Test	2026-10-04T13:38:21.9866041Z 
build	Build + Test	2026-10-04T13:38:21.9866779Z VectorUtilSupportTest > VectorArithmeticTest > swiGluPanamaMatchesScalarWhenOutputAliasesUpInput(int) > dim=8 PASSED
build	Build + Test	2026-10-04T13:38:21.9867912Z 
build	Build + Test	2026-10-04T13:38:21.9868639Z VectorUtilSupportTest > VectorArithmeticTest > swiGluPanamaMatchesScalarWhenOutputAliasesUpInput(int) > dim=9 PASSED
build	Build + Test	2026-10-04T13:38:21.9869713Z 
build	Build + Test	2026-10-04T13:38:21.9870486Z VectorUtilSupportTest > VectorArithmeticTest > swiGluPanamaMatchesScalarWhenOutputAliasesUpInput(int) > dim=15 PASSED
build	Build + Test	2026-10-04T13:38:21.9871464Z 
build	Build + Test	2026-10-04T13:38:21.9872196Z VectorUtilSupportTest > VectorArithmeticTest > swiGluPanamaMatchesScalarWhenOutputAliasesUpInput(int) > dim=16 PASSED
build	Build + Test	2026-10-04T13:38:21.9873135Z 
build	Build + Test	2026-10-04T13:38:21.9873884Z VectorUtilSupportTest > VectorArithmeticTest > swiGluPanamaMatchesScalarWhenOutputAliasesUpInput(int) > dim=17 PASSED
build	Build + Test	2026-10-04T13:38:21.9874884Z 
build	Build + Test	2026-10-04T13:38:21.9875676Z VectorUtilSupportTest > VectorArithmeticTest > swiGluPanamaMatchesScalarWhenOutputAliasesUpInput(int) > dim=31 PASSED
build	Build + Test	2026-10-04T13:38:21.9877363Z 
build	Build + Test	2026-10-04T13:38:21.9907501Z VectorUtilSupportTest > VectorArithmeticTest > swiGluPanamaMatchesScalarWhenOutputAliasesUpInput(int) > dim=32 PASSED
build	Build + Test	2026-10-04T13:38:21.9908535Z 
build	Build + Test	2026-10-04T13:38:21.9909348Z VectorUtilSupportTest > VectorArithmeticTest > swiGluPanamaMatchesScalarWhenOutputAliasesUpInput(int) > dim=33 PASSED
build	Build + Test	2026-10-04T13:38:21.9910352Z 
build	Build + Test	2026-10-04T13:38:21.9911179Z VectorUtilSupportTest > VectorArithmeticTest > swiGluPanamaMatchesScalarWhenOutputAliasesUpInput(int) > dim=63 PASSED
build	Build + Test	2026-10-04T13:38:21.9912111Z 
build	Build + Test	2026-10-04T13:38:21.9912954Z VectorUtilSupportTest > VectorArithmeticTest > swiGluPanamaMatchesScalarWhenOutputAliasesUpInput(int) > dim=64 PASSED
build	Build + Test	2026-10-04T13:38:21.9914471Z 
build	Build + Test	2026-10-04T13:38:21.9915295Z VectorUtilSupportTest > VectorArithmeticTest > swiGluPanamaMatchesScalarWhenOutputAliasesUpInput(int) > dim=65 PASSED
build	Build + Test	2026-10-04T13:38:21.9916188Z 
build	Build + Test	2026-10-04T13:38:21.9977629Z VectorUtilSupportTest > VectorArithmeticTest > swiGluPanamaMatchesScalarWhenOutputAliasesUpInput(int) > dim=127 PASSED
build	Build + Test	2026-10-04T13:38:21.9978857Z 
build	Build + Test	2026-10-04T13:38:21.9979702Z VectorUtilSupportTest > VectorArithmeticTest > swiGluPanamaMatchesScalarWhenOutputAliasesUpInput(int) > dim=128 PASSED
build	Build + Test	2026-10-04T13:38:21.9980924Z 
build	Build + Test	2026-10-04T13:38:21.9981725Z VectorUtilSupportTest > VectorArithmeticTest > swiGluPanamaMatchesScalarWhenOutputAliasesUpInput(int) > dim=129 PASSED
build	Build + Test	2026-10-04T13:38:21.9982730Z 
build	Build + Test	2026-10-04T13:38:21.9983540Z VectorUtilSupportTest > VectorArithmeticTest > swiGluPanamaMatchesScalarWhenOutputAliasesUpInput(int) > dim=255 PASSED
build	Build + Test	2026-10-04T13:38:21.9984502Z 
build	Build + Test	2026-10-04T13:38:21.9985318Z VectorUtilSupportTest > VectorArithmeticTest > swiGluPanamaMatchesScalarWhenOutputAliasesUpInput(int) > dim=256 PASSED
build	Build + Test	2026-10-04T13:38:21.9986298Z 
build	Build + Test	2026-10-04T13:38:21.9987309Z VectorUtilSupportTest > VectorArithmeticTest > swiGluPanamaMatchesScalarWhenOutputAliasesUpInput(int) > dim=257 PASSED
build	Build + Test	2026-10-04T13:38:21.9988260Z 
build	Build + Test	2026-10-04T13:38:21.9989023Z VectorUtilSupportTest > VectorArithmeticTest > swiGluPanamaMatchesScalarWhenOutputAliasesUpInput(int) > dim=300 PASSED
build	Build + Test	2026-10-04T13:38:21.9989990Z 
build	Build + Test	2026-10-04T13:38:21.9990779Z VectorUtilSupportTest > VectorArithmeticTest > swiGluPanamaMatchesScalarWhenOutputAliasesUpInput(int) > dim=384 PASSED
build	Build + Test	2026-10-04T13:38:21.9991862Z 
build	Build + Test	2026-10-04T13:38:21.9992657Z VectorUtilSupportTest > VectorArithmeticTest > swiGluPanamaMatchesScalarWhenOutputAliasesUpInput(int) > dim=511 PASSED
build	Build + Test	2026-10-04T13:38:21.9993632Z 
build	Build + Test	2026-10-04T13:38:21.9994418Z VectorUtilSupportTest > VectorArithmeticTest > swiGluPanamaMatchesScalarWhenOutputAliasesUpInput(int) > dim=512 PASSED
build	Build + Test	2026-10-04T13:38:21.9995392Z 
build	Build + Test	2026-10-04T13:38:21.9996195Z VectorUtilSupportTest > VectorArithmeticTest > swiGluPanamaMatchesScalarWhenOutputAliasesUpInput(int) > dim=513 PASSED
build	Build + Test	2026-10-04T13:38:21.9997349Z 
build	Build + Test	2026-10-04T13:38:21.9998079Z VectorUtilSupportTest > VectorArithmeticTest > swiGluPanamaMatchesScalarWhenOutputAliasesUpInput(int) > dim=768 PASSED
build	Build + Test	2026-10-04T13:38:21.9999039Z 
build	Build + Test	2026-10-04T13:38:21.9999834Z VectorUtilSupportTest > VectorArithmeticTest > swiGluPanamaMatchesScalarWhenOutputAliasesUpInput(int) > dim=1023 PASSED
build	Build + Test	2026-10-04T13:38:22.0000865Z 
build	Build + Test	2026-10-04T13:38:22.0001713Z VectorUtilSupportTest > VectorArithmeticTest > swiGluPanamaMatchesScalarWhenOutputAliasesUpInput(int) > dim=1024 PASSED
build	Build + Test	2026-10-04T13:38:22.0002759Z 
build	Build + Test	2026-10-04T13:38:22.0003592Z VectorUtilSupportTest > VectorArithmeticTest > swiGluPanamaMatchesScalarWhenOutputAliasesUpInput(int) > dim=1025 PASSED
build	Build + Test	2026-10-04T13:38:22.0004566Z 
build	Build + Test	2026-10-04T13:38:22.0005326Z VectorUtilSupportTest > VectorArithmeticTest > swiGluPanamaMatchesScalarWhenOutputAliasesUpInput(int) > dim=1536 PASSED
build	Build + Test	2026-10-04T13:38:22.0006330Z 
build	Build + Test	2026-10-04T13:38:22.0097465Z VectorUtilSupportTest > VectorArithmeticTest > swiGluPanamaMatchesScalar(int) > dim=1 PASSED
build	Build + Test	2026-10-04T13:38:22.0098553Z 
build	Build + Test	2026-10-04T13:38:22.0099173Z VectorUtilSupportTest > VectorArithmeticTest > swiGluPanamaMatchesScalar(int) > dim=2 PASSED
build	Build + Test	2026-10-04T13:38:22.0099927Z 
build	Build + Test	2026-10-04T13:38:22.0100536Z VectorUtilSupportTest > VectorArithmeticTest > swiGluPanamaMatchesScalar(int) > dim=3 PASSED
build	Build + Test	2026-10-04T13:38:22.0101747Z 
build	Build + Test	2026-10-04T13:38:22.0102356Z VectorUtilSupportTest > VectorArithmeticTest > swiGluPanamaMatchesScalar(int) > dim=4 PASSED
build	Build + Test	2026-10-04T13:38:22.0537534Z 
build	Build + Test	2026-10-04T13:38:22.0568375Z VectorUtilSupportTest > VectorArithmeticTest > swiGluPanamaMatchesScalar(int) > dim=5 PASSED
build	Build + Test	2026-10-04T13:38:22.0569279Z 
build	Build + Test	2026-10-04T13:38:22.0569898Z VectorUtilSupportTest > VectorArithmeticTest > swiGluPanamaMatchesScalar(int) > dim=7 PASSED
build	Build + Test	2026-10-04T13:38:22.0570697Z 
build	Build + Test	2026-10-04T13:38:22.0571309Z VectorUtilSupportTest > VectorArithmeticTest > swiGluPanamaMatchesScalar(int) > dim=8 PASSED
build	Build + Test	2026-10-04T13:38:22.0572692Z 
build	Build + Test	2026-10-04T13:38:22.0573318Z VectorUtilSupportTest > VectorArithmeticTest > swiGluPanamaMatchesScalar(int) > dim=9 PASSED
build	Build + Test	2026-10-04T13:38:22.0574139Z 
build	Build + Test	2026-10-04T13:38:22.0574772Z VectorUtilSupportTest > VectorArithmeticTest > swiGluPanamaMatchesScalar(int) > dim=15 PASSED
build	Build + Test	2026-10-04T13:38:22.0575591Z 
build	Build + Test	2026-10-04T13:38:22.0576244Z VectorUtilSupportTest > VectorArithmeticTest > swiGluPanamaMatchesScalar(int) > dim=16 PASSED
build	Build + Test	2026-10-04T13:38:22.0577333Z 
build	Build + Test	2026-10-04T13:38:22.0577983Z VectorUtilSupportTest > VectorArithmeticTest > swiGluPanamaMatchesScalar(int) > dim=17 PASSED
build	Build + Test	2026-10-04T13:38:22.0578821Z 
build	Build + Test	2026-10-04T13:38:22.0579447Z VectorUtilSupportTest > VectorArithmeticTest > swiGluPanamaMatchesScalar(int) > dim=31 PASSED
build	Build + Test	2026-10-04T13:38:22.0580273Z 
build	Build + Test	2026-10-04T13:38:22.0580899Z VectorUtilSupportTest > VectorArithmeticTest > swiGluPanamaMatchesScalar(int) > dim=32 PASSED
build	Build + Test	2026-10-04T13:38:22.0581723Z 
build	Build + Test	2026-10-04T13:38:22.0582365Z VectorUtilSupportTest > VectorArithmeticTest > swiGluPanamaMatchesScalar(int) > dim=33 PASSED
build	Build + Test	2026-10-04T13:38:22.0583191Z 
build	Build + Test	2026-10-04T13:38:22.0583818Z VectorUtilSupportTest > VectorArithmeticTest > swiGluPanamaMatchesScalar(int) > dim=63 PASSED
build	Build + Test	2026-10-04T13:38:22.0584626Z 
build	Build + Test	2026-10-04T13:38:22.0585256Z VectorUtilSupportTest > VectorArithmeticTest > swiGluPanamaMatchesScalar(int) > dim=64 PASSED
build	Build + Test	2026-10-04T13:38:22.0586094Z 
build	Build + Test	2026-10-04T13:38:22.0586711Z VectorUtilSupportTest > VectorArithmeticTest > swiGluPanamaMatchesScalar(int) > dim=65 PASSED
build	Build + Test	2026-10-04T13:38:22.0587820Z 
build	Build + Test	2026-10-04T13:38:22.0588458Z VectorUtilSupportTest > VectorArithmeticTest > swiGluPanamaMatchesScalar(int) > dim=127 PASSED
build	Build + Test	2026-10-04T13:38:22.0589260Z 
build	Build + Test	2026-10-04T13:38:22.0589860Z VectorUtilSupportTest > VectorArithmeticTest > swiGluPanamaMatchesScalar(int) > dim=128 PASSED
build	Build + Test	2026-10-04T13:38:22.0590650Z 
build	Build + Test	2026-10-04T13:38:22.0591245Z VectorUtilSupportTest > VectorArithmeticTest > swiGluPanamaMatchesScalar(int) > dim=129 PASSED
build	Build + Test	2026-10-04T13:38:22.0591991Z 
build	Build + Test	2026-10-04T13:38:22.0592557Z VectorUtilSupportTest > VectorArithmeticTest > swiGluPanamaMatchesScalar(int) > dim=255 PASSED
build	Build + Test	2026-10-04T13:38:22.0593336Z 
build	Build + Test	2026-10-04T13:38:22.0593900Z VectorUtilSupportTest > VectorArithmeticTest > swiGluPanamaMatchesScalar(int) > dim=256 PASSED
build	Build + Test	2026-10-04T13:38:22.0594631Z 
build	Build + Test	2026-10-04T13:38:22.0595181Z VectorUtilSupportTest > VectorArithmeticTest > swiGluPanamaMatchesScalar(int) > dim=257 PASSED
build	Build + Test	2026-10-04T13:38:22.0595922Z 
build	Build + Test	2026-10-04T13:38:22.0596480Z VectorUtilSupportTest > VectorArithmeticTest > swiGluPanamaMatchesScalar(int) > dim=300 PASSED
build	Build + Test	2026-10-04T13:38:22.0687966Z 
build	Build + Test	2026-10-04T13:38:22.0688665Z VectorUtilSupportTest > VectorArithmeticTest > swiGluPanamaMatchesScalar(int) > dim=384 PASSED
build	Build + Test	2026-10-04T13:38:22.0689452Z 
build	Build + Test	2026-10-04T13:38:22.0690077Z VectorUtilSupportTest > VectorArithmeticTest > swiGluPanamaMatchesScalar(int) > dim=511 PASSED
build	Build + Test	2026-10-04T13:38:22.0690797Z 
build	Build + Test	2026-10-04T13:38:22.0691331Z VectorUtilSupportTest > VectorArithmeticTest > swiGluPanamaMatchesScalar(int) > dim=512 PASSED
build	Build + Test	2026-10-04T13:38:22.0692079Z 
build	Build + Test	2026-10-04T13:38:22.0692620Z VectorUtilSupportTest > VectorArithmeticTest > swiGluPanamaMatchesScalar(int) > dim=513 PASSED
build	Build + Test	2026-10-04T13:38:22.0693319Z 
build	Build + Test	2026-10-04T13:38:22.0693849Z VectorUtilSupportTest > VectorArithmeticTest > swiGluPanamaMatchesScalar(int) > dim=768 PASSED
build	Build + Test	2026-10-04T13:38:22.0694657Z 
build	Build + Test	2026-10-04T13:38:22.0695843Z VectorUtilSupportTest > VectorArithmeticTest > swiGluPanamaMatchesScalar(int) > dim=1023 PASSED
build	Build + Test	2026-10-04T13:38:22.0696597Z 
build	Build + Test	2026-10-04T13:38:22.0697514Z VectorUtilSupportTest > VectorArithmeticTest > swiGluPanamaMatchesScalar(int) > dim=1024 PASSED
build	Build + Test	2026-10-04T13:38:22.0698303Z 
build	Build + Test	2026-10-04T13:38:22.0698941Z VectorUtilSupportTest > VectorArithmeticTest > swiGluPanamaMatchesScalar(int) > dim=1025 PASSED
build	Build + Test	2026-10-04T13:38:22.1513740Z 
build	Build + Test	2026-10-04T13:38:22.1568249Z VectorUtilSupportTest > VectorArithmeticTest > swiGluPanamaMatchesScalar(int) > dim=1536 PASSED
build	Build + Test	2026-10-04T13:38:22.1596352Z 
build	Build + Test	2026-10-04T13:38:22.1628372Z VectorUtilSupportTest > VectorArithmeticTest > scalePanamaMatchesScalar(int) > dim=1 PASSED
build	Build + Test	2026-10-04T13:38:22.1687376Z 
build	Build + Test	2026-10-04T13:38:22.1731553Z VectorUtilSupportTest > VectorArithmeticTest > scalePanamaMatchesScalar(int) > dim=2 PASSED
build	Build + Test	2026-10-04T13:38:22.1768264Z 
build	Build + Test	2026-10-04T13:38:22.1798257Z VectorUtilSupportTest > VectorArithmeticTest > scalePanamaMatchesScalar(int) > dim=3 PASSED
build	Build + Test	2026-10-04T13:38:22.1827285Z 
build	Build + Test	2026-10-04T13:38:22.1860729Z VectorUtilSupportTest > VectorArithmeticTest > scalePanamaMatchesScalar(int) > dim=4 PASSED
build	Build + Test	2026-10-04T13:38:22.1861924Z 
build	Build + Test	2026-10-04T13:38:22.1894224Z VectorUtilSupportTest > VectorArithmeticTest > scalePanamaMatchesScalar(int) > dim=5 PASSED
build	Build + Test	2026-10-04T13:38:22.1917127Z 
build	Build + Test	2026-10-04T13:38:22.1948033Z VectorUtilSupportTest > VectorArithmeticTest > scalePanamaMatchesScalar(int) > dim=7 PASSED
build	Build + Test	2026-10-04T13:38:22.1961751Z 
build	Build + Test	2026-10-04T13:38:22.1977875Z VectorUtilSupportTest > VectorArithmeticTest > scalePanamaMatchesScalar(int) > dim=8 PASSED
build	Build + Test	2026-10-04T13:38:22.2037896Z 
build	Build + Test	2026-10-04T13:38:22.2088145Z VectorUtilSupportTest > VectorArithmeticTest > scalePanamaMatchesScalar(int) > dim=9 PASSED
build	Build + Test	2026-10-04T13:38:22.2117344Z 
build	Build + Test	2026-10-04T13:38:22.2178397Z VectorUtilSupportTest > VectorArithmeticTest > scalePanamaMatchesScalar(int) > dim=15 PASSED
build	Build + Test	2026-10-04T13:38:22.2207283Z 
build	Build + Test	2026-10-04T13:38:22.2268242Z VectorUtilSupportTest > VectorArithmeticTest > scalePanamaMatchesScalar(int) > dim=16 PASSED
build	Build + Test	2026-10-04T13:38:22.2281576Z 
build	Build + Test	2026-10-04T13:38:22.2348020Z VectorUtilSupportTest > VectorArithmeticTest > scalePanamaMatchesScalar(int) > dim=17 PASSED
build	Build + Test	2026-10-04T13:38:22.2349007Z 
build	Build + Test	2026-10-04T13:38:22.2379098Z VectorUtilSupportTest > VectorArithmeticTest > scalePanamaMatchesScalar(int) > dim=31 PASSED
build	Build + Test	2026-10-04T13:38:22.2440485Z 
build	Build + Test	2026-10-04T13:38:22.2458415Z VectorUtilSupportTest > VectorArithmeticTest > scalePanamaMatchesScalar(int) > dim=32 PASSED
build	Build + Test	2026-10-04T13:38:22.2489991Z 
build	Build + Test	2026-10-04T13:38:22.2518049Z VectorUtilSupportTest > VectorArithmeticTest > scalePanamaMatchesScalar(int) > dim=33 PASSED
build	Build + Test	2026-10-04T13:38:22.2519312Z 
build	Build + Test	2026-10-04T13:38:22.2549885Z VectorUtilSupportTest > VectorArithmeticTest > scalePanamaMatchesScalar(int) > dim=63 PASSED
build	Build + Test	2026-10-04T13:38:22.2591112Z 
build	Build + Test	2026-10-04T13:38:22.2618052Z VectorUtilSupportTest > VectorArithmeticTest > scalePanamaMatchesScalar(int) > dim=64 PASSED
build	Build + Test	2026-10-04T13:38:22.2647169Z 
build	Build + Test	2026-10-04T13:38:22.2678454Z VectorUtilSupportTest > VectorArithmeticTest > scalePanamaMatchesScalar(int) > dim=65 PASSED
build	Build + Test	2026-10-04T13:38:22.2716608Z 
build	Build + Test	2026-10-04T13:38:22.2748291Z VectorUtilSupportTest > VectorArithmeticTest > scalePanamaMatchesScalar(int) > dim=127 PASSED
build	Build + Test	2026-10-04T13:38:22.2777139Z 
build	Build + Test	2026-10-04T13:38:22.2778182Z VectorUtilSupportTest > VectorArithmeticTest > scalePanamaMatchesScalar(int) > dim=128 PASSED
build	Build + Test	2026-10-04T13:38:22.2807173Z 
build	Build + Test	2026-10-04T13:38:22.2830861Z VectorUtilSupportTest > VectorArithmeticTest > scalePanamaMatchesScalar(int) > dim=129 PASSED
build	Build + Test	2026-10-04T13:38:22.2857151Z 
build	Build + Test	2026-10-04T13:38:22.2877235Z VectorUtilSupportTest > VectorArithmeticTest > scalePanamaMatchesScalar(int) > dim=255 PASSED
build	Build + Test	2026-10-04T13:38:22.2889010Z 
build	Build + Test	2026-10-04T13:38:22.2917938Z VectorUtilSupportTest > VectorArithmeticTest > scalePanamaMatchesScalar(int) > dim=256 PASSED
build	Build + Test	2026-10-04T13:38:22.2947248Z 
build	Build + Test	2026-10-04T13:38:22.2977963Z VectorUtilSupportTest > VectorArithmeticTest > scalePanamaMatchesScalar(int) > dim=257 PASSED
build	Build + Test	2026-10-04T13:38:22.2979619Z 
build	Build + Test	2026-10-04T13:38:22.3017235Z VectorUtilSupportTest > VectorArithmeticTest > scalePanamaMatchesScalar(int) > dim=300 PASSED
build	Build + Test	2026-10-04T13:38:22.3047218Z 
build	Build + Test	2026-10-04T13:38:22.3078009Z VectorUtilSupportTest > VectorArithmeticTest > scalePanamaMatchesScalar(int) > dim=384 PASSED
build	Build + Test	2026-10-04T13:38:22.3079039Z 
build	Build + Test	2026-10-04T13:38:22.3110217Z VectorUtilSupportTest > VectorArithmeticTest > scalePanamaMatchesScalar(int) > dim=511 PASSED
build	Build + Test	2026-10-04T13:38:22.3137276Z 
build	Build + Test	2026-10-04T13:38:22.3157879Z VectorUtilSupportTest > VectorArithmeticTest > scalePanamaMatchesScalar(int) > dim=512 PASSED
build	Build + Test	2026-10-04T13:38:22.3194132Z 
build	Build + Test	2026-10-04T13:38:22.3195900Z VectorUtilSupportTest > VectorArithmeticTest > scalePanamaMatchesScalar(int) > dim=513 PASSED
build	Build + Test	2026-10-04T13:38:22.3229594Z 
build	Build + Test	2026-10-04T13:38:22.3253112Z VectorUtilSupportTest > VectorArithmeticTest > scalePanamaMatchesScalar(int) > dim=768 PASSED
build	Build + Test	2026-10-04T13:38:22.3277200Z 
build	Build + Test	2026-10-04T13:38:22.3295907Z VectorUtilSupportTest > VectorArithmeticTest > scalePanamaMatchesScalar(int) > dim=1023 PASSED
build	Build + Test	2026-10-04T13:38:22.3307231Z 
build	Build + Test	2026-10-04T13:38:22.3333407Z VectorUtilSupportTest > VectorArithmeticTest > scalePanamaMatchesScalar(int) > dim=1024 PASSED
build	Build + Test	2026-10-04T13:38:22.3357359Z 
build	Build + Test	2026-10-04T13:38:22.3395522Z VectorUtilSupportTest > VectorArithmeticTest > scalePanamaMatchesScalar(int) > dim=1025 PASSED
build	Build + Test	2026-10-04T13:38:22.3413034Z 
build	Build + Test	2026-10-04T13:38:22.3428255Z VectorUtilSupportTest > VectorArithmeticTest > scalePanamaMatchesScalar(int) > dim=1536 PASSED
build	Build + Test	2026-10-04T13:38:22.3459794Z 
build	Build + Test	2026-10-04T13:38:22.3488077Z VectorUtilSupportTest > MemorySegmentCosineTest > panamaMatchesScalar(int) > dim=1 PASSED
build	Build + Test	2026-10-04T13:38:22.3520940Z 
build	Build + Test	2026-10-04T13:38:22.3548115Z VectorUtilSupportTest > MemorySegmentCosineTest > panamaMatchesScalar(int) > dim=8 PASSED
build	Build + Test	2026-10-04T13:38:22.3549236Z 
build	Build + Test	2026-10-04T13:38:22.3580908Z VectorUtilSupportTest > MemorySegmentCosineTest > panamaMatchesScalar(int) > dim=16 PASSED
build	Build + Test	2026-10-04T13:38:22.3607378Z 
build	Build + Test	2026-10-04T13:38:22.3637954Z VectorUtilSupportTest > MemorySegmentCosineTest > panamaMatchesScalar(int) > dim=32 PASSED
build	Build + Test	2026-10-04T13:38:22.3639044Z 
build	Build + Test	2026-10-04T13:38:22.3668270Z VectorUtilSupportTest > MemorySegmentCosineTest > panamaMatchesScalar(int) > dim=64 PASSED
build	Build + Test	2026-10-04T13:38:22.3697348Z 
build	Build + Test	2026-10-04T13:38:22.3728146Z VectorUtilSupportTest > MemorySegmentCosineTest > panamaMatchesScalar(int) > dim=128 PASSED
build	Build + Test	2026-10-04T13:38:22.3729312Z 
build	Build + Test	2026-10-04T13:38:22.3759731Z VectorUtilSupportTest > MemorySegmentCosineTest > panamaMatchesScalar(int) > dim=256 PASSED
build	Build + Test	2026-10-04T13:38:22.3784505Z 
build	Build + Test	2026-10-04T13:38:22.3803273Z VectorUtilSupportTest > MemorySegmentCosineTest > panamaMatchesScalar(int) > dim=768 PASSED
build	Build + Test	2026-10-04T13:38:22.3837347Z 
build	Build + Test	2026-10-04T13:38:22.3868079Z VectorUtilSupportTest > MemorySegmentCosineTest > orthogonalVectorsIsZero() PASSED
build	Build + Test	2026-10-04T13:38:22.3869148Z 
build	Build + Test	2026-10-04T13:38:22.3895473Z VectorUtilSupportTest > MemorySegmentCosineTest > selfCosineIsOne() PASSED
build	Build + Test	2026-10-04T13:38:22.3896433Z 
build	Build + Test	2026-10-04T13:38:22.3897454Z VectorUtilSupportTest > MemorySegmentCosineTest > cosineMatchesArrayVersion(int) > dim=1 PASSED
build	Build + Test	2026-10-04T13:38:22.3898454Z 
build	Build + Test	2026-10-04T13:38:22.3899194Z VectorUtilSupportTest > MemorySegmentCosineTest > cosineMatchesArrayVersion(int) > dim=8 PASSED
build	Build + Test	2026-10-04T13:38:22.3900181Z 
build	Build + Test	2026-10-04T13:38:22.3900956Z VectorUtilSupportTest > MemorySegmentCosineTest > cosineMatchesArrayVersion(int) > dim=16 PASSED
build	Build + Test	2026-10-04T13:38:22.3901820Z 
build	Build + Test	2026-10-04T13:38:22.3902514Z VectorUtilSupportTest > MemorySegmentCosineTest > cosineMatchesArrayVersion(int) > dim=32 PASSED
build	Build + Test	2026-10-04T13:38:22.3903493Z 
build	Build + Test	2026-10-04T13:38:22.3904260Z VectorUtilSupportTest > MemorySegmentCosineTest > cosineMatchesArrayVersion(int) > dim=64 PASSED
build	Build + Test	2026-10-04T13:38:22.3905234Z 
build	Build + Test	2026-10-04T13:38:22.3905973Z VectorUtilSupportTest > MemorySegmentCosineTest > cosineMatchesArrayVersion(int) > dim=128 PASSED
build	Build + Test	2026-10-04T13:38:22.3907210Z 
build	Build + Test	2026-10-04T13:38:22.3907992Z VectorUtilSupportTest > MemorySegmentCosineTest > cosineMatchesArrayVersion(int) > dim=256 PASSED
build	Build + Test	2026-10-04T13:38:22.3909490Z 
build	Build + Test	2026-10-04T13:38:22.3910201Z VectorUtilSupportTest > MemorySegmentCosineTest > cosineMatchesArrayVersion(int) > dim=768 PASSED
build	Build + Test	2026-10-04T13:38:22.3911139Z 
build	Build + Test	2026-10-04T13:38:22.3911858Z VectorUtilSupportTest > MemorySegmentTest > dotProductMatchesArrayVersion(int) > dim=1 PASSED
build	Build + Test	2026-10-04T13:38:22.3912868Z 
build	Build + Test	2026-10-04T13:38:22.3913656Z VectorUtilSupportTest > MemorySegmentTest > dotProductMatchesArrayVersion(int) > dim=8 PASSED
build	Build + Test	2026-10-04T13:38:22.3914694Z 
build	Build + Test	2026-10-04T13:38:22.3915506Z VectorUtilSupportTest > MemorySegmentTest > dotProductMatchesArrayVersion(int) > dim=16 PASSED
build	Build + Test	2026-10-04T13:38:22.3917146Z 
build	Build + Test	2026-10-04T13:38:22.3917897Z VectorUtilSupportTest > MemorySegmentTest > dotProductMatchesArrayVersion(int) > dim=32 PASSED
build	Build + Test	2026-10-04T13:38:22.3918797Z 
build	Build + Test	2026-10-04T13:38:22.3919480Z VectorUtilSupportTest > MemorySegmentTest > dotProductMatchesArrayVersion(int) > dim=64 PASSED
build	Build + Test	2026-10-04T13:38:22.3920397Z 
build	Build + Test	2026-10-04T13:38:22.3921151Z VectorUtilSupportTest > MemorySegmentTest > dotProductMatchesArrayVersion(int) > dim=128 PASSED
build	Build + Test	2026-10-04T13:38:22.3947294Z 
build	Build + Test	2026-10-04T13:38:22.3978229Z VectorUtilSupportTest > MemorySegmentTest > dotProductMatchesArrayVersion(int) > dim=256 PASSED
build	Build + Test	2026-10-04T13:38:22.4007266Z 
build	Build + Test	2026-10-04T13:38:22.4010337Z VectorUtilSupportTest > MemorySegmentTest > dotProductMatchesArrayVersion(int) > dim=768 PASSED
build	Build + Test	2026-10-04T13:38:22.4037263Z 
build	Build + Test	2026-10-04T13:38:22.4090578Z VectorUtilSupportTest > MemorySegmentTest > squareDistanceMatchesArrayVersion(int) > dim=1 PASSED
build	Build + Test	2026-10-04T13:38:22.4150157Z 
build	Build + Test	2026-10-04T13:38:22.4178255Z VectorUtilSupportTest > MemorySegmentTest > squareDistanceMatchesArrayVersion(int) > dim=8 PASSED
build	Build + Test	2026-10-04T13:38:22.4200327Z 
build	Build + Test	2026-10-04T13:38:22.4250341Z VectorUtilSupportTest > MemorySegmentTest > squareDistanceMatchesArrayVersion(int) > dim=16 PASSED
build	Build + Test	2026-10-04T13:38:22.4307393Z 
build	Build + Test	2026-10-04T13:38:22.4338350Z VectorUtilSupportTest > MemorySegmentTest > squareDistanceMatchesArrayVersion(int) > dim=32 PASSED
build	Build + Test	2026-10-04T13:38:22.4367386Z 
build	Build + Test	2026-10-04T13:38:22.4428435Z VectorUtilSupportTest > MemorySegmentTest > squareDistanceMatchesArrayVersion(int) > dim=64 PASSED
build	Build + Test	2026-10-04T13:38:22.4479506Z 
build	Build + Test	2026-10-04T13:38:22.4538495Z VectorUtilSupportTest > MemorySegmentTest > squareDistanceMatchesArrayVersion(int) > dim=128 PASSED
build	Build + Test	2026-10-04T13:38:22.4567310Z 
build	Build + Test	2026-10-04T13:38:22.4600293Z VectorUtilSupportTest > MemorySegmentTest > squareDistanceMatchesArrayVersion(int) > dim=256 PASSED
build	Build + Test	2026-10-04T13:38:22.4627445Z 
build	Build + Test	2026-10-04T13:38:22.4658503Z VectorUtilSupportTest > MemorySegmentTest > squareDistanceMatchesArrayVersion(int) > dim=768 PASSED
build	Build + Test	2026-10-04T13:38:22.4676577Z 
build	Build + Test	2026-10-04T13:38:22.4702290Z VectorUtilSupportTest > HammingDistanceTest > panamaMatchesScalar(int) > longs=1 PASSED
build	Build + Test	2026-10-04T13:38:22.4717331Z 
build	Build + Test	2026-10-04T13:38:22.4748532Z VectorUtilSupportTest > HammingDistanceTest > panamaMatchesScalar(int) > longs=2 PASSED
build	Build + Test	2026-10-04T13:38:22.4777429Z 
build	Build + Test	2026-10-04T13:38:22.4801801Z VectorUtilSupportTest > HammingDistanceTest > panamaMatchesScalar(int) > longs=3 PASSED
build	Build + Test	2026-10-04T13:38:22.4827174Z 
build	Build + Test	2026-10-04T13:38:22.4855062Z VectorUtilSupportTest > HammingDistanceTest > panamaMatchesScalar(int) > longs=4 PASSED
build	Build + Test	2026-10-04T13:38:22.4856210Z 
build	Build + Test	2026-10-04T13:38:22.4880842Z VectorUtilSupportTest > HammingDistanceTest > panamaMatchesScalar(int) > longs=7 PASSED
build	Build + Test	2026-10-04T13:38:22.4904700Z 
build	Build + Test	2026-10-04T13:38:22.4938185Z VectorUtilSupportTest > HammingDistanceTest > panamaMatchesScalar(int) > longs=8 PASSED
build	Build + Test	2026-10-04T13:38:22.4967334Z 
build	Build + Test	2026-10-04T13:38:22.4968546Z VectorUtilSupportTest > HammingDistanceTest > panamaMatchesScalar(int) > longs=15 PASSED
build	Build + Test	2026-10-04T13:38:22.5029703Z 
build	Build + Test	2026-10-04T13:38:22.5088177Z VectorUtilSupportTest > HammingDistanceTest > panamaMatchesScalar(int) > longs=16 PASSED
build	Build + Test	2026-10-04T13:38:22.5117221Z 
build	Build + Test	2026-10-04T13:38:22.5171756Z VectorUtilSupportTest > HammingDistanceTest > panamaMatchesScalar(int) > longs=32 PASSED
build	Build + Test	2026-10-04T13:38:22.5239351Z 
build	Build + Test	2026-10-04T13:38:22.5348266Z VectorUtilSupportTest > HammingDistanceTest > identicalVectorsIsZero() PASSED
build	Build + Test	2026-10-04T13:38:22.5397319Z 
build	Build + Test	2026-10-04T13:38:22.5503469Z VectorUtilSupportTest > HammingDistanceTest > allBitsFlipped() PASSED
build	Build + Test	2026-10-04T13:38:22.5578607Z 
build	Build + Test	2026-10-04T13:38:22.5711297Z VectorUtilSupportTest > HammingDistanceTest > knownValues() PASSED
build	Build + Test	2026-10-04T13:38:22.5727225Z 
build	Build + Test	2026-10-04T13:38:22.5878249Z VectorUtilSupportTest > ByteDistanceTest > cosinePanamaMatchesScalar(int) > dim=1 PASSED
build	Build + Test	2026-10-04T13:38:22.5917314Z 
build	Build + Test	2026-10-04T13:38:22.5971157Z VectorUtilSupportTest > ByteDistanceTest > cosinePanamaMatchesScalar(int) > dim=2 PASSED
build	Build + Test	2026-10-04T13:38:22.6027394Z 
build	Build + Test	2026-10-04T13:38:22.6028426Z VectorUtilSupportTest > ByteDistanceTest > cosinePanamaMatchesScalar(int) > dim=3 PASSED
build	Build + Test	2026-10-04T13:38:22.6029613Z 
build	Build + Test	2026-10-04T13:38:22.6030200Z VectorUtilSupportTest > ByteDistanceTest > cosinePanamaMatchesScalar(int) > dim=4 PASSED
build	Build + Test	2026-10-04T13:38:22.6030858Z 
build	Build + Test	2026-10-04T13:38:22.6031346Z VectorUtilSupportTest > ByteDistanceTest > cosinePanamaMatchesScalar(int) > dim=5 PASSED
build	Build + Test	2026-10-04T13:38:22.6031991Z 
build	Build + Test	2026-10-04T13:38:22.6032456Z VectorUtilSupportTest > ByteDistanceTest > cosinePanamaMatchesScalar(int) > dim=7 PASSED
build	Build + Test	2026-10-04T13:38:22.6033083Z 
build	Build + Test	2026-10-04T13:38:22.6033541Z VectorUtilSupportTest > ByteDistanceTest > cosinePanamaMatchesScalar(int) > dim=8 PASSED
build	Build + Test	2026-10-04T13:38:22.6034156Z 
build	Build + Test	2026-10-04T13:38:22.6034628Z VectorUtilSupportTest > ByteDistanceTest > cosinePanamaMatchesScalar(int) > dim=9 PASSED
build	Build + Test	2026-10-04T13:38:22.6035274Z 
build	Build + Test	2026-10-04T13:38:22.6035759Z VectorUtilSupportTest > ByteDistanceTest > cosinePanamaMatchesScalar(int) > dim=15 PASSED
build	Build + Test	2026-10-04T13:38:22.6036396Z 
build	Build + Test	2026-10-04T13:38:22.6037084Z VectorUtilSupportTest > ByteDistanceTest > cosinePanamaMatchesScalar(int) > dim=16 PASSED
build	Build + Test	2026-10-04T13:38:22.6037714Z 
build	Build + Test	2026-10-04T13:38:22.6038220Z VectorUtilSupportTest > ByteDistanceTest > cosinePanamaMatchesScalar(int) > dim=17 PASSED
build	Build + Test	2026-10-04T13:38:22.6038876Z 
build	Build + Test	2026-10-04T13:38:22.6039353Z VectorUtilSupportTest > ByteDistanceTest > cosinePanamaMatchesScalar(int) > dim=31 PASSED
build	Build + Test	2026-10-04T13:38:22.6039995Z 
build	Build + Test	2026-10-04T13:38:22.6040492Z VectorUtilSupportTest > ByteDistanceTest > cosinePanamaMatchesScalar(int) > dim=32 PASSED
build	Build + Test	2026-10-04T13:38:22.6041152Z 
build	Build + Test	2026-10-04T13:38:22.6041634Z VectorUtilSupportTest > ByteDistanceTest > cosinePanamaMatchesScalar(int) > dim=33 PASSED
build	Build + Test	2026-10-04T13:38:22.6042297Z 
build	Build + Test	2026-10-04T13:38:22.6042791Z VectorUtilSupportTest > ByteDistanceTest > cosinePanamaMatchesScalar(int) > dim=63 PASSED
build	Build + Test	2026-10-04T13:38:22.6043473Z 
build	Build + Test	2026-10-04T13:38:22.6043984Z VectorUtilSupportTest > ByteDistanceTest > cosinePanamaMatchesScalar(int) > dim=64 PASSED
build	Build + Test	2026-10-04T13:38:22.6044656Z 
build	Build + Test	2026-10-04T13:38:22.6045214Z VectorUtilSupportTest > ByteDistanceTest > cosinePanamaMatchesScalar(int) > dim=65 PASSED
build	Build + Test	2026-10-04T13:38:22.6045914Z 
build	Build + Test	2026-10-04T13:38:22.6046413Z VectorUtilSupportTest > ByteDistanceTest > cosinePanamaMatchesScalar(int) > dim=127 PASSED
build	Build + Test	2026-10-04T13:38:22.6047364Z 
build	Build + Test	2026-10-04T13:38:22.6047886Z VectorUtilSupportTest > ByteDistanceTest > cosinePanamaMatchesScalar(int) > dim=128 PASSED
build	Build + Test	2026-10-04T13:38:22.6048567Z 
build	Build + Test	2026-10-04T13:38:22.6049060Z VectorUtilSupportTest > ByteDistanceTest > cosinePanamaMatchesScalar(int) > dim=129 PASSED
build	Build + Test	2026-10-04T13:38:22.6049713Z 
build	Build + Test	2026-10-04T13:38:22.6050214Z VectorUtilSupportTest > ByteDistanceTest > cosinePanamaMatchesScalar(int) > dim=255 PASSED
build	Build + Test	2026-10-04T13:38:22.6050892Z 
build	Build + Test	2026-10-04T13:38:22.6051376Z VectorUtilSupportTest > ByteDistanceTest > cosinePanamaMatchesScalar(int) > dim=256 PASSED
build	Build + Test	2026-10-04T13:38:22.6052043Z 
build	Build + Test	2026-10-04T13:38:22.6052532Z VectorUtilSupportTest > ByteDistanceTest > cosinePanamaMatchesScalar(int) > dim=257 PASSED
build	Build + Test	2026-10-04T13:38:22.6053203Z 
build	Build + Test	2026-10-04T13:38:22.6053703Z VectorUtilSupportTest > ByteDistanceTest > cosinePanamaMatchesScalar(int) > dim=300 PASSED
build	Build + Test	2026-10-04T13:38:22.6054384Z 
build	Build + Test	2026-10-04T13:38:22.6054890Z VectorUtilSupportTest > ByteDistanceTest > cosinePanamaMatchesScalar(int) > dim=384 PASSED
build	Build + Test	2026-10-04T13:38:22.6055551Z 
build	Build + Test	2026-10-04T13:38:22.6056057Z VectorUtilSupportTest > ByteDistanceTest > cosinePanamaMatchesScalar(int) > dim=511 PASSED
build	Build + Test	2026-10-04T13:38:22.6151901Z 
build	Build + Test	2026-10-04T13:38:22.6152616Z VectorUtilSupportTest > ByteDistanceTest > cosinePanamaMatchesScalar(int) > dim=512 PASSED
build	Build + Test	2026-10-04T13:38:22.6153361Z 
build	Build + Test	2026-10-04T13:38:22.6153909Z VectorUtilSupportTest > ByteDistanceTest > cosinePanamaMatchesScalar(int) > dim=513 PASSED
build	Build + Test	2026-10-04T13:38:22.6154597Z 
build	Build + Test	2026-10-04T13:38:22.6155101Z VectorUtilSupportTest > ByteDistanceTest > cosinePanamaMatchesScalar(int) > dim=768 PASSED
build	Build + Test	2026-10-04T13:38:22.6155783Z 
build	Build + Test	2026-10-04T13:38:22.6156377Z VectorUtilSupportTest > ByteDistanceTest > cosinePanamaMatchesScalar(int) > dim=1023 PASSED
build	Build + Test	2026-10-04T13:38:22.6157770Z 
build	Build + Test	2026-10-04T13:38:22.6158263Z VectorUtilSupportTest > ByteDistanceTest > cosinePanamaMatchesScalar(int) > dim=1024 PASSED
build	Build + Test	2026-10-04T13:38:22.6158922Z 
build	Build + Test	2026-10-04T13:38:22.6159415Z VectorUtilSupportTest > ByteDistanceTest > cosinePanamaMatchesScalar(int) > dim=1025 PASSED
build	Build + Test	2026-10-04T13:38:22.6160089Z 
build	Build + Test	2026-10-04T13:38:22.6160640Z VectorUtilSupportTest > ByteDistanceTest > cosinePanamaMatchesScalar(int) > dim=1536 PASSED
build	Build + Test	2026-10-04T13:38:22.6161343Z 
build	Build + Test	2026-10-04T13:38:22.6161826Z VectorUtilSupportTest > ByteDistanceTest > byteSquareDistanceKnownValues() PASSED
build	Build + Test	2026-10-04T13:38:22.6162450Z 
build	Build + Test	2026-10-04T13:38:22.6162889Z VectorUtilSupportTest > ByteDistanceTest > byteDotProductKnownValues() PASSED
build	Build + Test	2026-10-04T13:38:22.6163498Z 
build	Build + Test	2026-10-04T13:38:22.6164035Z VectorUtilSupportTest > ByteDistanceTest > dotProductPanamaMatchesScalar(int) > dim=1 PASSED
build	Build + Test	2026-10-04T13:38:22.6164745Z 
build	Build + Test	2026-10-04T13:38:22.6165296Z VectorUtilSupportTest > ByteDistanceTest > dotProductPanamaMatchesScalar(int) > dim=2 PASSED
build	Build + Test	2026-10-04T13:38:22.6166042Z 
build	Build + Test	2026-10-04T13:38:22.6166594Z VectorUtilSupportTest > ByteDistanceTest > dotProductPanamaMatchesScalar(int) > dim=3 PASSED
build	Build + Test	2026-10-04T13:38:22.6167536Z 
build	Build + Test	2026-10-04T13:38:22.6168105Z VectorUtilSupportTest > ByteDistanceTest > dotProductPanamaMatchesScalar(int) > dim=4 PASSED
build	Build + Test	2026-10-04T13:38:22.6168849Z 
build	Build + Test	2026-10-04T13:38:22.6169408Z VectorUtilSupportTest > ByteDistanceTest > dotProductPanamaMatchesScalar(int) > dim=5 PASSED
build	Build + Test	2026-10-04T13:38:22.6170182Z 
build	Build + Test	2026-10-04T13:38:22.6170742Z VectorUtilSupportTest > ByteDistanceTest > dotProductPanamaMatchesScalar(int) > dim=7 PASSED
build	Build + Test	2026-10-04T13:38:22.6171484Z 
build	Build + Test	2026-10-04T13:38:22.6172045Z VectorUtilSupportTest > ByteDistanceTest > dotProductPanamaMatchesScalar(int) > dim=8 PASSED
build	Build + Test	2026-10-04T13:38:22.6172813Z 
build	Build + Test	2026-10-04T13:38:22.6173359Z VectorUtilSupportTest > ByteDistanceTest > dotProductPanamaMatchesScalar(int) > dim=9 PASSED
build	Build + Test	2026-10-04T13:38:22.6174119Z 
build	Build + Test	2026-10-04T13:38:22.6174685Z VectorUtilSupportTest > ByteDistanceTest > dotProductPanamaMatchesScalar(int) > dim=15 PASSED
build	Build + Test	2026-10-04T13:38:22.6175429Z 
build	Build + Test	2026-10-04T13:38:22.6176041Z VectorUtilSupportTest > ByteDistanceTest > dotProductPanamaMatchesScalar(int) > dim=16 PASSED
build	Build + Test	2026-10-04T13:38:22.6225377Z 
build	Build + Test	2026-10-04T13:38:22.6226239Z VectorUtilSupportTest > ByteDistanceTest > dotProductPanamaMatchesScalar(int) > dim=17 PASSED
build	Build + Test	2026-10-04T13:38:22.6227288Z 
build	Build + Test	2026-10-04T13:38:22.6227872Z VectorUtilSupportTest > ByteDistanceTest > dotProductPanamaMatchesScalar(int) > dim=31 PASSED
build	Build + Test	2026-10-04T13:38:22.6228565Z 
build	Build + Test	2026-10-04T13:38:22.6229111Z VectorUtilSupportTest > ByteDistanceTest > dotProductPanamaMatchesScalar(int) > dim=32 PASSED
build	Build + Test	2026-10-04T13:38:22.6229904Z 
build	Build + Test	2026-10-04T13:38:22.6230450Z VectorUtilSupportTest > ByteDistanceTest > dotProductPanamaMatchesScalar(int) > dim=33 PASSED
build	Build + Test	2026-10-04T13:38:22.6231226Z 
build	Build + Test	2026-10-04T13:38:22.6231826Z VectorUtilSupportTest > ByteDistanceTest > dotProductPanamaMatchesScalar(int) > dim=63 PASSED
build	Build + Test	2026-10-04T13:38:22.6232536Z 
build	Build + Test	2026-10-04T13:38:22.6233126Z VectorUtilSupportTest > ByteDistanceTest > dotProductPanamaMatchesScalar(int) > dim=64 PASSED
build	Build + Test	2026-10-04T13:38:22.6233899Z 
build	Build + Test	2026-10-04T13:38:22.6234497Z VectorUtilSupportTest > ByteDistanceTest > dotProductPanamaMatchesScalar(int) > dim=65 PASSED
build	Build + Test	2026-10-04T13:38:22.6235283Z 
build	Build + Test	2026-10-04T13:38:22.6235887Z VectorUtilSupportTest > ByteDistanceTest > dotProductPanamaMatchesScalar(int) > dim=127 PASSED
build	Build + Test	2026-10-04T13:38:22.6237431Z 
build	Build + Test	2026-10-04T13:38:22.6237990Z VectorUtilSupportTest > ByteDistanceTest > dotProductPanamaMatchesScalar(int) > dim=128 PASSED
build	Build + Test	2026-10-04T13:38:22.6238711Z 
build	Build + Test	2026-10-04T13:38:22.6239244Z VectorUtilSupportTest > ByteDistanceTest > dotProductPanamaMatchesScalar(int) > dim=129 PASSED
build	Build + Test	2026-10-04T13:38:22.6239965Z 
build	Build + Test	2026-10-04T13:38:22.6240483Z VectorUtilSupportTest > ByteDistanceTest > dotProductPanamaMatchesScalar(int) > dim=255 PASSED
build	Build + Test	2026-10-04T13:38:22.6241175Z 
build	Build + Test	2026-10-04T13:38:22.6241688Z VectorUtilSupportTest > ByteDistanceTest > dotProductPanamaMatchesScalar(int) > dim=256 PASSED
build	Build + Test	2026-10-04T13:38:22.6242559Z 
build	Build + Test	2026-10-04T13:38:22.6243039Z VectorUtilSupportTest > ByteDistanceTest > dotProductPanamaMatchesScalar(int) > dim=257 PASSED
build	Build + Test	2026-10-04T13:38:22.6243674Z 
build	Build + Test	2026-10-04T13:38:22.6244154Z VectorUtilSupportTest > ByteDistanceTest > dotProductPanamaMatchesScalar(int) > dim=300 PASSED
build	Build + Test	2026-10-04T13:38:22.6244804Z 
build	Build + Test	2026-10-04T13:38:22.6245281Z VectorUtilSupportTest > ByteDistanceTest > dotProductPanamaMatchesScalar(int) > dim=384 PASSED
build	Build + Test	2026-10-04T13:38:22.6245929Z 
build	Build + Test	2026-10-04T13:38:22.6246408Z VectorUtilSupportTest > ByteDistanceTest > dotProductPanamaMatchesScalar(int) > dim=511 PASSED
build	Build + Test	2026-10-04T13:38:22.6317813Z 
build	Build + Test	2026-10-04T13:38:22.6318597Z VectorUtilSupportTest > ByteDistanceTest > dotProductPanamaMatchesScalar(int) > dim=512 PASSED
build	Build + Test	2026-10-04T13:38:22.6319387Z 
build	Build + Test	2026-10-04T13:38:22.6319963Z VectorUtilSupportTest > ByteDistanceTest > dotProductPanamaMatchesScalar(int) > dim=513 PASSED
build	Build + Test	2026-10-04T13:38:22.6320700Z 
build	Build + Test	2026-10-04T13:38:22.6321278Z VectorUtilSupportTest > ByteDistanceTest > dotProductPanamaMatchesScalar(int) > dim=768 PASSED
build	Build + Test	2026-10-04T13:38:22.6322042Z 
build	Build + Test	2026-10-04T13:38:22.6322612Z VectorUtilSupportTest > ByteDistanceTest > dotProductPanamaMatchesScalar(int) > dim=1023 PASSED
build	Build + Test	2026-10-04T13:38:22.6323358Z 
build	Build + Test	2026-10-04T13:38:22.6323927Z VectorUtilSupportTest > ByteDistanceTest > dotProductPanamaMatchesScalar(int) > dim=1024 PASSED
build	Build + Test	2026-10-04T13:38:22.6324688Z 
build	Build + Test	2026-10-04T13:38:22.6325247Z VectorUtilSupportTest > ByteDistanceTest > dotProductPanamaMatchesScalar(int) > dim=1025 PASSED
build	Build + Test	2026-10-04T13:38:22.6325985Z 
build	Build + Test	2026-10-04T13:38:22.6326536Z VectorUtilSupportTest > ByteDistanceTest > dotProductPanamaMatchesScalar(int) > dim=1536 PASSED
build	Build + Test	2026-10-04T13:38:22.6327473Z 
build	Build + Test	2026-10-04T13:38:22.6328067Z VectorUtilSupportTest > ByteDistanceTest > squareDistancePanamaMatchesScalar(int) > dim=1 PASSED
build	Build + Test	2026-10-04T13:38:22.6328847Z 
build	Build + Test	2026-10-04T13:38:22.6329426Z VectorUtilSupportTest > ByteDistanceTest > squareDistancePanamaMatchesScalar(int) > dim=2 PASSED
build	Build + Test	2026-10-04T13:38:22.6330277Z 
build	Build + Test	2026-10-04T13:38:22.6330854Z VectorUtilSupportTest > ByteDistanceTest > squareDistancePanamaMatchesScalar(int) > dim=3 PASSED
build	Build + Test	2026-10-04T13:38:22.6331615Z 
build	Build + Test	2026-10-04T13:38:22.6332178Z VectorUtilSupportTest > ByteDistanceTest > squareDistancePanamaMatchesScalar(int) > dim=4 PASSED
build	Build + Test	2026-10-04T13:38:22.6332937Z 
build	Build + Test	2026-10-04T13:38:22.6333501Z VectorUtilSupportTest > ByteDistanceTest > squareDistancePanamaMatchesScalar(int) > dim=5 PASSED
build	Build + Test	2026-10-04T13:38:22.6334256Z 
build	Build + Test	2026-10-04T13:38:22.6334833Z VectorUtilSupportTest > ByteDistanceTest > squareDistancePanamaMatchesScalar(int) > dim=7 PASSED
build	Build + Test	2026-10-04T13:38:22.6335598Z 
build	Build + Test	2026-10-04T13:38:22.6336166Z VectorUtilSupportTest > ByteDistanceTest > squareDistancePanamaMatchesScalar(int) > dim=8 PASSED
build	Build + Test	2026-10-04T13:38:22.6337078Z 
build	Build + Test	2026-10-04T13:38:22.6337588Z VectorUtilSupportTest > ByteDistanceTest > squareDistancePanamaMatchesScalar(int) > dim=9 PASSED
build	Build + Test	2026-10-04T13:38:22.6338271Z 
build	Build + Test	2026-10-04T13:38:22.6338820Z VectorUtilSupportTest > ByteDistanceTest > squareDistancePanamaMatchesScalar(int) > dim=15 PASSED
build	Build + Test	2026-10-04T13:38:22.6339533Z 
build	Build + Test	2026-10-04T13:38:22.6340091Z VectorUtilSupportTest > ByteDistanceTest > squareDistancePanamaMatchesScalar(int) > dim=16 PASSED
build	Build + Test	2026-10-04T13:38:22.6510568Z 
build	Build + Test	2026-10-04T13:38:22.6598306Z VectorUtilSupportTest > ByteDistanceTest > squareDistancePanamaMatchesScalar(int) > dim=17 PASSED
build	Build + Test	2026-10-04T13:38:22.6622575Z 
build	Build + Test	2026-10-04T13:38:22.6673640Z VectorUtilSupportTest > ByteDistanceTest > squareDistancePanamaMatchesScalar(int) > dim=31 PASSED
build	Build + Test	2026-10-04T13:38:22.6697297Z 
build	Build + Test	2026-10-04T13:38:22.6758315Z VectorUtilSupportTest > ByteDistanceTest > squareDistancePanamaMatchesScalar(int) > dim=32 PASSED
build	Build + Test	2026-10-04T13:38:22.6847314Z 
build	Build + Test	2026-10-04T13:38:22.6898156Z VectorUtilSupportTest > ByteDistanceTest > squareDistancePanamaMatchesScalar(int) > dim=33 PASSED
build	Build + Test	2026-10-04T13:38:22.7016226Z 
build	Build + Test	2026-10-04T13:38:22.7078497Z VectorUtilSupportTest > ByteDistanceTest > squareDistancePanamaMatchesScalar(int) > dim=63 PASSED
build	Build + Test	2026-10-04T13:38:22.7137291Z 
build	Build + Test	2026-10-04T13:38:22.7198602Z VectorUtilSupportTest > ByteDistanceTest > squareDistancePanamaMatchesScalar(int) > dim=64 PASSED
build	Build + Test	2026-10-04T13:38:22.7257334Z 
build	Build + Test	2026-10-04T13:38:22.7319040Z VectorUtilSupportTest > ByteDistanceTest > squareDistancePanamaMatchesScalar(int) > dim=65 PASSED
build	Build + Test	2026-10-04T13:38:22.7437735Z 
build	Build + Test	2026-10-04T13:38:22.7546112Z VectorUtilSupportTest > ByteDistanceTest > squareDistancePanamaMatchesScalar(int) > dim=127 PASSED
build	Build + Test	2026-10-04T13:38:22.7627445Z 
build	Build + Test	2026-10-04T13:38:22.7675334Z VectorUtilSupportTest > ByteDistanceTest > squareDistancePanamaMatchesScalar(int) > dim=128 PASSED
build	Build + Test	2026-10-04T13:38:22.7757479Z 
build	Build + Test	2026-10-04T13:38:22.7848635Z VectorUtilSupportTest > ByteDistanceTest > squareDistancePanamaMatchesScalar(int) > dim=129 PASSED
build	Build + Test	2026-10-04T13:38:22.7923898Z 
build	Build + Test	2026-10-04T13:38:22.7967645Z VectorUtilSupportTest > ByteDistanceTest > squareDistancePanamaMatchesScalar(int) > dim=255 PASSED
build	Build + Test	2026-10-04T13:38:22.8057255Z 
build	Build + Test	2026-10-04T13:38:22.8127678Z VectorUtilSupportTest > ByteDistanceTest > squareDistancePanamaMatchesScalar(int) > dim=256 PASSED
build	Build + Test	2026-10-04T13:38:22.8197410Z 
build	Build + Test	2026-10-04T13:38:22.8277648Z VectorUtilSupportTest > ByteDistanceTest > squareDistancePanamaMatchesScalar(int) > dim=257 PASSED
build	Build + Test	2026-10-04T13:38:22.8297442Z 
build	Build + Test	2026-10-04T13:38:22.8410841Z VectorUtilSupportTest > ByteDistanceTest > squareDistancePanamaMatchesScalar(int) > dim=300 PASSED
build	Build + Test	2026-10-04T13:38:22.8497583Z 
build	Build + Test	2026-10-04T13:38:22.8538313Z VectorUtilSupportTest > ByteDistanceTest > squareDistancePanamaMatchesScalar(int) > dim=384 PASSED
build	Build + Test	2026-10-04T13:38:22.8597319Z 
build	Build + Test	2026-10-04T13:38:22.8650988Z VectorUtilSupportTest > ByteDistanceTest > squareDistancePanamaMatchesScalar(int) > dim=511 PASSED
build	Build + Test	2026-10-04T13:38:22.8731969Z 
build	Build + Test	2026-10-04T13:38:22.8809883Z VectorUtilSupportTest > ByteDistanceTest > squareDistancePanamaMatchesScalar(int) > dim=512 PASSED
build	Build + Test	2026-10-04T13:38:22.8837234Z 
build	Build + Test	2026-10-04T13:38:22.8938544Z VectorUtilSupportTest > ByteDistanceTest > squareDistancePanamaMatchesScalar(int) > dim=513 PASSED
build	Build + Test	2026-10-04T13:38:22.8998043Z 
build	Build + Test	2026-10-04T13:38:22.9080371Z VectorUtilSupportTest > ByteDistanceTest > squareDistancePanamaMatchesScalar(int) > dim=768 PASSED
build	Build + Test	2026-10-04T13:38:22.9125275Z 
build	Build + Test	2026-10-04T13:38:22.9198328Z VectorUtilSupportTest > ByteDistanceTest > squareDistancePanamaMatchesScalar(int) > dim=1023 PASSED
build	Build + Test	2026-10-04T13:38:22.9287537Z 
build	Build + Test	2026-10-04T13:38:22.9318388Z VectorUtilSupportTest > ByteDistanceTest > squareDistancePanamaMatchesScalar(int) > dim=1024 PASSED
build	Build + Test	2026-10-04T13:38:22.9387337Z 
build	Build + Test	2026-10-04T13:38:22.9428541Z VectorUtilSupportTest > ByteDistanceTest > squareDistancePanamaMatchesScalar(int) > dim=1025 PASSED
build	Build + Test	2026-10-04T13:38:22.9470372Z 
build	Build + Test	2026-10-04T13:38:22.9547750Z VectorUtilSupportTest > ByteDistanceTest > squareDistancePanamaMatchesScalar(int) > dim=1536 PASSED
build	Build + Test	2026-10-04T13:38:22.9557375Z 
build	Build + Test	2026-10-04T13:38:22.9648066Z VectorUtilSupportTest > FloatCosineTest > matchesNaive(int) > dim=1 PASSED
build	Build + Test	2026-10-04T13:38:22.9718845Z 
build	Build + Test	2026-10-04T13:38:22.9801217Z VectorUtilSupportTest > FloatCosineTest > matchesNaive(int) > dim=2 PASSED
build	Build + Test	2026-10-04T13:38:22.9847282Z 
build	Build + Test	2026-10-04T13:38:22.9931732Z VectorUtilSupportTest > FloatCosineTest > matchesNaive(int) > dim=3 PASSED
build	Build + Test	2026-10-04T13:38:23.0011959Z 
build	Build + Test	2026-10-04T13:38:23.0100763Z VectorUtilSupportTest > FloatCosineTest > matchesNaive(int) > dim=4 PASSED
build	Build + Test	2026-10-04T13:38:23.0160776Z 
build	Build + Test	2026-10-04T13:38:23.0221217Z VectorUtilSupportTest > FloatCosineTest > matchesNaive(int) > dim=5 PASSED
build	Build + Test	2026-10-04T13:38:23.0334793Z 
build	Build + Test	2026-10-04T13:38:23.0395414Z VectorUtilSupportTest > FloatCosineTest > matchesNaive(int) > dim=7 PASSED
build	Build + Test	2026-10-04T13:38:23.0448233Z 
build	Build + Test	2026-10-04T13:38:23.0508011Z VectorUtilSupportTest > FloatCosineTest > matchesNaive(int) > dim=8 PASSED
build	Build + Test	2026-10-04T13:38:23.0597302Z 
build	Build + Test	2026-10-04T13:38:23.0638049Z VectorUtilSupportTest > FloatCosineTest > matchesNaive(int) > dim=9 PASSED
build	Build + Test	2026-10-04T13:38:23.0737348Z 
build	Build + Test	2026-10-04T13:38:23.0757965Z VectorUtilSupportTest > FloatCosineTest > matchesNaive(int) > dim=15 PASSED
build	Build + Test	2026-10-04T13:38:23.0827299Z 
build	Build + Test	2026-10-04T13:38:23.0851303Z VectorUtilSupportTest > FloatCosineTest > matchesNaive(int) > dim=16 PASSED
build	Build + Test	2026-10-04T13:38:23.0887208Z 
build	Build + Test	2026-10-04T13:38:23.0958312Z VectorUtilSupportTest > FloatCosineTest > matchesNaive(int) > dim=17 PASSED
build	Build + Test	2026-10-04T13:38:23.0988762Z 
build	Build + Test	2026-10-04T13:38:23.1052382Z VectorUtilSupportTest > FloatCosineTest > matchesNaive(int) > dim=31 PASSED
build	Build + Test	2026-10-04T13:38:23.1077255Z 
build	Build + Test	2026-10-04T13:38:23.1077829Z VectorUtilSupportTest > FloatCosineTest > matchesNaive(int) > dim=32 PASSED
build	Build + Test	2026-10-04T13:38:23.1078457Z 
build	Build + Test	2026-10-04T13:38:23.1078872Z VectorUtilSupportTest > FloatCosineTest > matchesNaive(int) > dim=33 PASSED
build	Build + Test	2026-10-04T13:38:23.1079467Z 
build	Build + Test	2026-10-04T13:38:23.1079864Z VectorUtilSupportTest > FloatCosineTest > matchesNaive(int) > dim=63 PASSED
build	Build + Test	2026-10-04T13:38:23.1080415Z 
build	Build + Test	2026-10-04T13:38:23.1080814Z VectorUtilSupportTest > FloatCosineTest > matchesNaive(int) > dim=64 PASSED
build	Build + Test	2026-10-04T13:38:23.1081372Z 
build	Build + Test	2026-10-04T13:38:23.1081783Z VectorUtilSupportTest > FloatCosineTest > matchesNaive(int) > dim=65 PASSED
build	Build + Test	2026-10-04T13:38:23.1092685Z 
build	Build + Test	2026-10-04T13:38:23.1103287Z VectorUtilSupportTest > FloatCosineTest > matchesNaive(int) > dim=127 PASSED
build	Build + Test	2026-10-04T13:38:23.1111124Z 
build	Build + Test	2026-10-04T13:38:23.1111640Z VectorUtilSupportTest > FloatCosineTest > matchesNaive(int) > dim=128 PASSED
build	Build + Test	2026-10-04T13:38:23.1112313Z 
build	Build + Test	2026-10-04T13:38:23.1112783Z VectorUtilSupportTest > FloatCosineTest > matchesNaive(int) > dim=129 PASSED
build	Build + Test	2026-10-04T13:38:23.1113465Z 
build	Build + Test	2026-10-04T13:38:23.1113933Z VectorUtilSupportTest > FloatCosineTest > matchesNaive(int) > dim=255 PASSED
build	Build + Test	2026-10-04T13:38:23.1114582Z 
build	Build + Test	2026-10-04T13:38:23.1115030Z VectorUtilSupportTest > FloatCosineTest > matchesNaive(int) > dim=256 PASSED
build	Build + Test	2026-10-04T13:38:23.1115653Z 
build	Build + Test	2026-10-04T13:38:23.1116106Z VectorUtilSupportTest > FloatCosineTest > matchesNaive(int) > dim=257 PASSED
build	Build + Test	2026-10-04T13:38:23.1116747Z 
build	Build + Test	2026-10-04T13:38:23.1117442Z VectorUtilSupportTest > FloatCosineTest > matchesNaive(int) > dim=300 PASSED
build	Build + Test	2026-10-04T13:38:23.1118078Z 
build	Build + Test	2026-10-04T13:38:23.1118610Z VectorUtilSupportTest > FloatCosineTest > matchesNaive(int) > dim=384 PASSED
build	Build + Test	2026-10-04T13:38:23.1165115Z 
build	Build + Test	2026-10-04T13:38:23.1165715Z VectorUtilSupportTest > FloatCosineTest > matchesNaive(int) > dim=511 PASSED
build	Build + Test	2026-10-04T13:38:23.1166426Z 
build	Build + Test	2026-10-04T13:38:23.1167159Z VectorUtilSupportTest > FloatCosineTest > matchesNaive(int) > dim=512 PASSED
build	Build + Test	2026-10-04T13:38:23.1167738Z 
build	Build + Test	2026-10-04T13:38:23.1168187Z VectorUtilSupportTest > FloatCosineTest > matchesNaive(int) > dim=513 PASSED
build	Build + Test	2026-10-04T13:38:23.1168788Z 
build	Build + Test	2026-10-04T13:38:23.1169200Z VectorUtilSupportTest > FloatCosineTest > matchesNaive(int) > dim=768 PASSED
build	Build + Test	2026-10-04T13:38:23.1169779Z 
build	Build + Test	2026-10-04T13:38:23.1170215Z VectorUtilSupportTest > FloatCosineTest > matchesNaive(int) > dim=1023 PASSED
build	Build + Test	2026-10-04T13:38:23.1170796Z 
build	Build + Test	2026-10-04T13:38:23.1171212Z VectorUtilSupportTest > FloatCosineTest > matchesNaive(int) > dim=1024 PASSED
build	Build + Test	2026-10-04T13:38:23.1171794Z 
build	Build + Test	2026-10-04T13:38:23.1172315Z VectorUtilSupportTest > FloatCosineTest > matchesNaive(int) > dim=1025 PASSED
build	Build + Test	2026-10-04T13:38:23.1172943Z 
build	Build + Test	2026-10-04T13:38:23.1173375Z VectorUtilSupportTest > FloatCosineTest > matchesNaive(int) > dim=1536 PASSED
build	Build + Test	2026-10-04T13:38:23.1173981Z 
build	Build + Test	2026-10-04T13:38:23.1174464Z VectorUtilSupportTest > FloatCosineTest > panamaMatchesScalar(int) > dim=1 PASSED
build	Build + Test	2026-10-04T13:38:23.1175110Z 
build	Build + Test	2026-10-04T13:38:23.1175635Z VectorUtilSupportTest > FloatCosineTest > panamaMatchesScalar(int) > dim=2 PASSED
build	Build + Test	2026-10-04T13:38:23.1255789Z 
build	Build + Test	2026-10-04T13:38:23.1256644Z VectorUtilSupportTest > FloatCosineTest > panamaMatchesScalar(int) > dim=3 PASSED
build	Build + Test	2026-10-04T13:38:23.1257666Z 
build	Build + Test	2026-10-04T13:38:23.1258857Z VectorUtilSupportTest > FloatCosineTest > panamaMatchesScalar(int) > dim=4 PASSED
build	Build + Test	2026-10-04T13:38:23.1259614Z 
build	Build + Test	2026-10-04T13:38:23.1262442Z VectorUtilSupportTest > FloatCosineTest > panamaMatchesScalar(int) > dim=5 PASSED
build	Build + Test	2026-10-04T13:38:23.1263218Z 
build	Build + Test	2026-10-04T13:38:23.1319902Z VectorUtilSupportTest > FloatCosineTest > panamaMatchesScalar(int) > dim=7 PASSED
build	Build + Test	2026-10-04T13:38:23.1320856Z 
build	Build + Test	2026-10-04T13:38:23.1321410Z VectorUtilSupportTest > FloatCosineTest > panamaMatchesScalar(int) > dim=8 PASSED
build	Build + Test	2026-10-04T13:38:23.1322893Z 
build	Build + Test	2026-10-04T13:38:23.1323420Z VectorUtilSupportTest > FloatCosineTest > panamaMatchesScalar(int) > dim=9 PASSED
build	Build + Test	2026-10-04T13:38:23.1324087Z 
build	Build + Test	2026-10-04T13:38:23.1324594Z VectorUtilSupportTest > FloatCosineTest > panamaMatchesScalar(int) > dim=15 PASSED
build	Build + Test	2026-10-04T13:38:23.1325295Z 
build	Build + Test	2026-10-04T13:38:23.1326087Z VectorUtilSupportTest > FloatCosineTest > panamaMatchesScalar(int) > dim=16 PASSED
build	Build + Test	2026-10-04T13:38:23.1326830Z 
build	Build + Test	2026-10-04T13:38:23.1327483Z VectorUtilSupportTest > FloatCosineTest > panamaMatchesScalar(int) > dim=17 PASSED
build	Build + Test	2026-10-04T13:38:23.1329359Z 
build	Build + Test	2026-10-04T13:38:23.1329881Z VectorUtilSupportTest > FloatCosineTest > panamaMatchesScalar(int) > dim=31 PASSED
build	Build + Test	2026-10-04T13:38:23.1330580Z 
build	Build + Test	2026-10-04T13:38:23.1331043Z VectorUtilSupportTest > FloatCosineTest > panamaMatchesScalar(int) > dim=32 PASSED
build	Build + Test	2026-10-04T13:38:23.1331689Z 
build	Build + Test	2026-10-04T13:38:23.1332124Z VectorUtilSupportTest > FloatCosineTest > panamaMatchesScalar(int) > dim=33 PASSED
build	Build + Test	2026-10-04T13:38:23.1332733Z 
build	Build + Test	2026-10-04T13:38:23.1333157Z VectorUtilSupportTest > FloatCosineTest > panamaMatchesScalar(int) > dim=63 PASSED
build	Build + Test	2026-10-04T13:38:23.1333738Z 
build	Build + Test	2026-10-04T13:38:23.1334170Z VectorUtilSupportTest > FloatCosineTest > panamaMatchesScalar(int) > dim=64 PASSED
build	Build + Test	2026-10-04T13:38:23.1334781Z 
build	Build + Test	2026-10-04T13:38:23.1335217Z VectorUtilSupportTest > FloatCosineTest > panamaMatchesScalar(int) > dim=65 PASSED
build	Build + Test	2026-10-04T13:38:23.1335822Z 
build	Build + Test	2026-10-04T13:38:23.1336266Z VectorUtilSupportTest > FloatCosineTest > panamaMatchesScalar(int) > dim=127 PASSED
build	Build + Test	2026-10-04T13:38:23.1360394Z 
build	Build + Test	2026-10-04T13:38:23.1360963Z VectorUtilSupportTest > FloatCosineTest > panamaMatchesScalar(int) > dim=128 PASSED
build	Build + Test	2026-10-04T13:38:23.1361630Z 
build	Build + Test	2026-10-04T13:38:23.1362152Z VectorUtilSupportTest > FloatCosineTest > panamaMatchesScalar(int) > dim=129 PASSED
build	Build + Test	2026-10-04T13:38:23.1362849Z 
build	Build + Test	2026-10-04T13:38:23.1363332Z VectorUtilSupportTest > FloatCosineTest > panamaMatchesScalar(int) > dim=255 PASSED
build	Build + Test	2026-10-04T13:38:23.1363983Z 
build	Build + Test	2026-10-04T13:38:23.1364460Z VectorUtilSupportTest > FloatCosineTest > panamaMatchesScalar(int) > dim=256 PASSED
build	Build + Test	2026-10-04T13:38:23.1365091Z 
build	Build + Test	2026-10-04T13:38:23.1365582Z VectorUtilSupportTest > FloatCosineTest > panamaMatchesScalar(int) > dim=257 PASSED
build	Build + Test	2026-10-04T13:38:23.1366205Z 
build	Build + Test	2026-10-04T13:38:23.1366665Z VectorUtilSupportTest > FloatCosineTest > panamaMatchesScalar(int) > dim=300 PASSED
build	Build + Test	2026-10-04T13:38:23.1391073Z 
build	Build + Test	2026-10-04T13:38:23.1391645Z VectorUtilSupportTest > FloatCosineTest > panamaMatchesScalar(int) > dim=384 PASSED
build	Build + Test	2026-10-04T13:38:23.1392379Z 
build	Build + Test	2026-10-04T13:38:23.1392903Z VectorUtilSupportTest > FloatCosineTest > panamaMatchesScalar(int) > dim=511 PASSED
build	Build + Test	2026-10-04T13:38:23.1399926Z 
build	Build + Test	2026-10-04T13:38:23.1400519Z VectorUtilSupportTest > FloatCosineTest > panamaMatchesScalar(int) > dim=512 PASSED
build	Build + Test	2026-10-04T13:38:23.1408188Z 
build	Build + Test	2026-10-04T13:38:23.1408728Z VectorUtilSupportTest > FloatCosineTest > panamaMatchesScalar(int) > dim=513 PASSED
build	Build + Test	2026-10-04T13:38:23.1409475Z 
build	Build + Test	2026-10-04T13:38:23.1409988Z VectorUtilSupportTest > FloatCosineTest > panamaMatchesScalar(int) > dim=768 PASSED
build	Build + Test	2026-10-04T13:38:23.1410664Z 
build	Build + Test	2026-10-04T13:38:23.1411182Z VectorUtilSupportTest > FloatCosineTest > panamaMatchesScalar(int) > dim=1023 PASSED
build	Build + Test	2026-10-04T13:38:23.1411835Z 
build	Build + Test	2026-10-04T13:38:23.1412332Z VectorUtilSupportTest > FloatCosineTest > panamaMatchesScalar(int) > dim=1024 PASSED
build	Build + Test	2026-10-04T13:38:23.1413378Z 
build	Build + Test	2026-10-04T13:38:23.1413895Z VectorUtilSupportTest > FloatCosineTest > panamaMatchesScalar(int) > dim=1025 PASSED
build	Build + Test	2026-10-04T13:38:23.1414577Z 
build	Build + Test	2026-10-04T13:38:23.1415080Z VectorUtilSupportTest > FloatCosineTest > panamaMatchesScalar(int) > dim=1536 PASSED
build	Build + Test	2026-10-04T13:38:23.1415751Z 
build	Build + Test	2026-10-04T13:38:23.1416223Z VectorUtilSupportTest > FloatCosineTest > orthogonalVectorsIsZero() PASSED
build	Build + Test	2026-10-04T13:38:23.1417164Z 
build	Build + Test	2026-10-04T13:38:23.1417689Z VectorUtilSupportTest > FloatCosineTest > oppositeVectorsIsMinusOne() PASSED
build	Build + Test	2026-10-04T13:38:23.1418342Z 
build	Build + Test	2026-10-04T13:38:23.1419171Z VectorUtilSupportTest > FloatCosineTest > selfCosineIsOne(int) > dim=1 PASSED
build	Build + Test	2026-10-04T13:38:23.1419765Z 
build	Build + Test	2026-10-04T13:38:23.1420175Z VectorUtilSupportTest > FloatCosineTest > selfCosineIsOne(int) > dim=2 PASSED
build	Build + Test	2026-10-04T13:38:23.1420743Z 
build	Build + Test	2026-10-04T13:38:23.1421139Z VectorUtilSupportTest > FloatCosineTest > selfCosineIsOne(int) > dim=3 PASSED
build	Build + Test	2026-10-04T13:38:23.1421721Z 
build	Build + Test	2026-10-04T13:38:23.1422113Z VectorUtilSupportTest > FloatCosineTest > selfCosineIsOne(int) > dim=4 PASSED
build	Build + Test	2026-10-04T13:38:23.1422669Z 
build	Build + Test	2026-10-04T13:38:23.1423066Z VectorUtilSupportTest > FloatCosineTest > selfCosineIsOne(int) > dim=5 PASSED
build	Build + Test	2026-10-04T13:38:23.1423624Z 
build	Build + Test	2026-10-04T13:38:23.1424021Z VectorUtilSupportTest > FloatCosineTest > selfCosineIsOne(int) > dim=7 PASSED
build	Build + Test	2026-10-04T13:38:23.1424573Z 
build	Build + Test	2026-10-04T13:38:23.1424966Z VectorUtilSupportTest > FloatCosineTest > selfCosineIsOne(int) > dim=8 PASSED
build	Build + Test	2026-10-04T13:38:23.1425523Z 
build	Build + Test	2026-10-04T13:38:23.1425929Z VectorUtilSupportTest > FloatCosineTest > selfCosineIsOne(int) > dim=9 PASSED
build	Build + Test	2026-10-04T13:38:23.1426499Z 
build	Build + Test	2026-10-04T13:38:23.1576289Z VectorUtilSupportTest > FloatCosineTest > selfCosineIsOne(int) > dim=15 PASSED
build	Build + Test	2026-10-04T13:38:23.1577441Z 
build	Build + Test	2026-10-04T13:38:23.1577978Z VectorUtilSupportTest > FloatCosineTest > selfCosineIsOne(int) > dim=16 PASSED
build	Build + Test	2026-10-04T13:38:23.1578648Z 
build	Build + Test	2026-10-04T13:38:23.1579131Z VectorUtilSupportTest > FloatCosineTest > selfCosineIsOne(int) > dim=17 PASSED
build	Build + Test	2026-10-04T13:38:23.1579847Z 
build	Build + Test	2026-10-04T13:38:23.1580342Z VectorUtilSupportTest > FloatCosineTest > selfCosineIsOne(int) > dim=31 PASSED
build	Build + Test	2026-10-04T13:38:23.1581020Z 
build	Build + Test	2026-10-04T13:38:23.1581492Z VectorUtilSupportTest > FloatCosineTest > selfCosineIsOne(int) > dim=32 PASSED
build	Build + Test	2026-10-04T13:38:23.1582164Z 
build	Build + Test	2026-10-04T13:38:23.1582645Z VectorUtilSupportTest > FloatCosineTest > selfCosineIsOne(int) > dim=33 PASSED
build	Build + Test	2026-10-04T13:38:23.1583324Z 
build	Build + Test	2026-10-04T13:38:23.1583798Z VectorUtilSupportTest > FloatCosineTest > selfCosineIsOne(int) > dim=63 PASSED
build	Build + Test	2026-10-04T13:38:23.1584460Z 
build	Build + Test	2026-10-04T13:38:23.1584940Z VectorUtilSupportTest > FloatCosineTest > selfCosineIsOne(int) > dim=64 PASSED
build	Build + Test	2026-10-04T13:38:23.1585609Z 
build	Build + Test	2026-10-04T13:38:23.1586085Z VectorUtilSupportTest > FloatCosineTest > selfCosineIsOne(int) > dim=65 PASSED
build	Build + Test	2026-10-04T13:38:23.1586728Z 
build	Build + Test	2026-10-04T13:38:23.1587452Z VectorUtilSupportTest > FloatCosineTest > selfCosineIsOne(int) > dim=127 PASSED
build	Build + Test	2026-10-04T13:38:23.1588138Z 
build	Build + Test	2026-10-04T13:38:23.1588632Z VectorUtilSupportTest > FloatCosineTest > selfCosineIsOne(int) > dim=128 PASSED
build	Build + Test	2026-10-04T13:38:23.1589307Z 
build	Build + Test	2026-10-04T13:38:23.1589788Z VectorUtilSupportTest > FloatCosineTest > selfCosineIsOne(int) > dim=129 PASSED
build	Build + Test	2026-10-04T13:38:23.1590437Z 
build	Build + Test	2026-10-04T13:38:23.1590921Z VectorUtilSupportTest > FloatCosineTest > selfCosineIsOne(int) > dim=255 PASSED
build	Build + Test	2026-10-04T13:38:23.1591589Z 
build	Build + Test	2026-10-04T13:38:23.1592070Z VectorUtilSupportTest > FloatCosineTest > selfCosineIsOne(int) > dim=256 PASSED
build	Build + Test	2026-10-04T13:38:23.1592727Z 
build	Build + Test	2026-10-04T13:38:23.1593214Z VectorUtilSupportTest > FloatCosineTest > selfCosineIsOne(int) > dim=257 PASSED
build	Build + Test	2026-10-04T13:38:23.1593909Z 
build	Build + Test	2026-10-04T13:38:23.1594382Z VectorUtilSupportTest > FloatCosineTest > selfCosineIsOne(int) > dim=300 PASSED
build	Build + Test	2026-10-04T13:38:23.1595041Z 
build	Build + Test	2026-10-04T13:38:23.1595519Z VectorUtilSupportTest > FloatCosineTest > selfCosineIsOne(int) > dim=384 PASSED
build	Build + Test	2026-10-04T13:38:23.1596183Z 
build	Build + Test	2026-10-04T13:38:23.1631167Z VectorUtilSupportTest > FloatCosineTest > selfCosineIsOne(int) > dim=511 PASSED
build	Build + Test	2026-10-04T13:38:23.1631985Z 
build	Build + Test	2026-10-04T13:38:23.1632547Z VectorUtilSupportTest > FloatCosineTest > selfCosineIsOne(int) > dim=512 PASSED
build	Build + Test	2026-10-04T13:38:23.1633253Z 
build	Build + Test	2026-10-04T13:38:23.1633757Z VectorUtilSupportTest > FloatCosineTest > selfCosineIsOne(int) > dim=513 PASSED
build	Build + Test	2026-10-04T13:38:23.1634441Z 
build	Build + Test	2026-10-04T13:38:23.1634930Z VectorUtilSupportTest > FloatCosineTest > selfCosineIsOne(int) > dim=768 PASSED
build	Build + Test	2026-10-04T13:38:23.1635627Z 
build	Build + Test	2026-10-04T13:38:23.1636140Z VectorUtilSupportTest > FloatCosineTest > selfCosineIsOne(int) > dim=1023 PASSED
build	Build + Test	2026-10-04T13:38:23.1637452Z 
build	Build + Test	2026-10-04T13:38:23.1637952Z VectorUtilSupportTest > FloatCosineTest > selfCosineIsOne(int) > dim=1024 PASSED
build	Build + Test	2026-10-04T13:38:23.1638651Z 
build	Build + Test	2026-10-04T13:38:23.1639145Z VectorUtilSupportTest > FloatCosineTest > selfCosineIsOne(int) > dim=1025 PASSED
build	Build + Test	2026-10-04T13:38:23.1639832Z 
build	Build + Test	2026-10-04T13:38:23.1640313Z VectorUtilSupportTest > FloatCosineTest > selfCosineIsOne(int) > dim=1536 PASSED
build	Build + Test	2026-10-04T13:38:23.1641017Z 
build	Build + Test	2026-10-04T13:38:23.1641502Z VectorUtilSupportTest > FloatCosineTest > rangeIsMinus1To1(int) > dim=1 PASSED
build	Build + Test	2026-10-04T13:38:23.1642114Z 
build	Build + Test	2026-10-04T13:38:23.1642573Z VectorUtilSupportTest > FloatCosineTest > rangeIsMinus1To1(int) > dim=2 PASSED
build	Build + Test	2026-10-04T13:38:23.1643225Z 
build	Build + Test	2026-10-04T13:38:23.1643695Z VectorUtilSupportTest > FloatCosineTest > rangeIsMinus1To1(int) > dim=3 PASSED
build	Build + Test	2026-10-04T13:38:23.1644332Z 
build	Build + Test	2026-10-04T13:38:23.1644788Z VectorUtilSupportTest > FloatCosineTest > rangeIsMinus1To1(int) > dim=4 PASSED
build	Build + Test	2026-10-04T13:38:23.1645425Z 
build	Build + Test	2026-10-04T13:38:23.1645899Z VectorUtilSupportTest > FloatCosineTest > rangeIsMinus1To1(int) > dim=5 PASSED
build	Build + Test	2026-10-04T13:38:23.1646529Z 
build	Build + Test	2026-10-04T13:38:23.1647167Z VectorUtilSupportTest > FloatCosineTest > rangeIsMinus1To1(int) > dim=7 PASSED
build	Build + Test	2026-10-04T13:38:23.1647798Z 
build	Build + Test	2026-10-04T13:38:23.1648247Z VectorUtilSupportTest > FloatCosineTest > rangeIsMinus1To1(int) > dim=8 PASSED
build	Build + Test	2026-10-04T13:38:23.1648913Z 
build	Build + Test	2026-10-04T13:38:23.1649368Z VectorUtilSupportTest > FloatCosineTest > rangeIsMinus1To1(int) > dim=9 PASSED
build	Build + Test	2026-10-04T13:38:23.1649997Z 
build	Build + Test	2026-10-04T13:38:23.1650460Z VectorUtilSupportTest > FloatCosineTest > rangeIsMinus1To1(int) > dim=15 PASSED
build	Build + Test	2026-10-04T13:38:23.1651120Z 
build	Build + Test	2026-10-04T13:38:23.1651579Z VectorUtilSupportTest > FloatCosineTest > rangeIsMinus1To1(int) > dim=16 PASSED
build	Build + Test	2026-10-04T13:38:23.1652230Z 
build	Build + Test	2026-10-04T13:38:23.1652690Z VectorUtilSupportTest > FloatCosineTest > rangeIsMinus1To1(int) > dim=17 PASSED
build	Build + Test	2026-10-04T13:38:23.1653330Z 
build	Build + Test	2026-10-04T13:38:23.1653786Z VectorUtilSupportTest > FloatCosineTest > rangeIsMinus1To1(int) > dim=31 PASSED
build	Build + Test	2026-10-04T13:38:23.1654446Z 
build	Build + Test	2026-10-04T13:38:23.1654907Z VectorUtilSupportTest > FloatCosineTest > rangeIsMinus1To1(int) > dim=32 PASSED
build	Build + Test	2026-10-04T13:38:23.1655601Z 
build	Build + Test	2026-10-04T13:38:23.1656090Z VectorUtilSupportTest > FloatCosineTest > rangeIsMinus1To1(int) > dim=33 PASSED
build	Build + Test	2026-10-04T13:38:23.1656760Z 
build	Build + Test	2026-10-04T13:38:23.1751175Z VectorUtilSupportTest > FloatCosineTest > rangeIsMinus1To1(int) > dim=63 PASSED
build	Build + Test	2026-10-04T13:38:23.1751883Z 
build	Build + Test	2026-10-04T13:38:23.1752344Z VectorUtilSupportTest > FloatCosineTest > rangeIsMinus1To1(int) > dim=64 PASSED
build	Build + Test	2026-10-04T13:38:23.1752941Z 
build	Build + Test	2026-10-04T13:38:23.1753362Z VectorUtilSupportTest > FloatCosineTest > rangeIsMinus1To1(int) > dim=65 PASSED
build	Build + Test	2026-10-04T13:38:23.1753948Z 
build	Build + Test	2026-10-04T13:38:23.1754385Z VectorUtilSupportTest > FloatCosineTest > rangeIsMinus1To1(int) > dim=127 PASSED
build	Build + Test	2026-10-04T13:38:23.1754978Z 
build	Build + Test	2026-10-04T13:38:23.1755386Z VectorUtilSupportTest > FloatCosineTest > rangeIsMinus1To1(int) > dim=128 PASSED
build	Build + Test	2026-10-04T13:38:23.1755969Z 
build	Build + Test	2026-10-04T13:38:23.1756378Z VectorUtilSupportTest > FloatCosineTest > rangeIsMinus1To1(int) > dim=129 PASSED
build	Build + Test	2026-10-04T13:38:23.1757196Z 
build	Build + Test	2026-10-04T13:38:23.1757622Z VectorUtilSupportTest > FloatCosineTest > rangeIsMinus1To1(int) > dim=255 PASSED
build	Build + Test	2026-10-04T13:38:23.1758217Z 
build	Build + Test	2026-10-04T13:38:23.1758663Z VectorUtilSupportTest > FloatCosineTest > rangeIsMinus1To1(int) > dim=256 PASSED
build	Build + Test	2026-10-04T13:38:23.1759672Z 
build	Build + Test	2026-10-04T13:38:23.1760079Z VectorUtilSupportTest > FloatCosineTest > rangeIsMinus1To1(int) > dim=257 PASSED
build	Build + Test	2026-10-04T13:38:23.1760644Z 
build	Build + Test	2026-10-04T13:38:23.1761048Z VectorUtilSupportTest > FloatCosineTest > rangeIsMinus1To1(int) > dim=300 PASSED
build	Build + Test	2026-10-04T13:38:23.1761627Z 
build	Build + Test	2026-10-04T13:38:23.1762046Z VectorUtilSupportTest > FloatCosineTest > rangeIsMinus1To1(int) > dim=384 PASSED
build	Build + Test	2026-10-04T13:38:23.1762620Z 
build	Build + Test	2026-10-04T13:38:23.1763032Z VectorUtilSupportTest > FloatCosineTest > rangeIsMinus1To1(int) > dim=511 PASSED
build	Build + Test	2026-10-04T13:38:23.1763599Z 
build	Build + Test	2026-10-04T13:38:23.1764224Z VectorUtilSupportTest > FloatCosineTest > rangeIsMinus1To1(int) > dim=512 PASSED
build	Build + Test	2026-10-04T13:38:23.1764799Z 
build	Build + Test	2026-10-04T13:38:23.1765203Z VectorUtilSupportTest > FloatCosineTest > rangeIsMinus1To1(int) > dim=513 PASSED
build	Build + Test	2026-10-04T13:38:23.1765772Z 
build	Build + Test	2026-10-04T13:38:23.1766191Z VectorUtilSupportTest > FloatCosineTest > rangeIsMinus1To1(int) > dim=768 PASSED
build	Build + Test	2026-10-04T13:38:23.1766771Z 
build	Build + Test	2026-10-04T13:38:23.1767380Z VectorUtilSupportTest > FloatCosineTest > rangeIsMinus1To1(int) > dim=1023 PASSED
build	Build + Test	2026-10-04T13:38:23.1767958Z 
build	Build + Test	2026-10-04T13:38:23.1768368Z VectorUtilSupportTest > FloatCosineTest > rangeIsMinus1To1(int) > dim=1024 PASSED
build	Build + Test	2026-10-04T13:38:23.1768947Z 
build	Build + Test	2026-10-04T13:38:23.1769355Z VectorUtilSupportTest > FloatCosineTest > rangeIsMinus1To1(int) > dim=1025 PASSED
build	Build + Test	2026-10-04T13:38:23.1769922Z 
build	Build + Test	2026-10-04T13:38:23.1770326Z VectorUtilSupportTest > FloatCosineTest > rangeIsMinus1To1(int) > dim=1536 PASSED
build	Build + Test	2026-10-04T13:38:23.1770907Z 
build	Build + Test	2026-10-04T13:38:23.1771359Z VectorUtilSupportTest > FloatSquareDistanceTest > isNonNegative(int) > dim=1 PASSED
build	Build + Test	2026-10-04T13:38:23.1771964Z 
build	Build + Test	2026-10-04T13:38:23.1772393Z VectorUtilSupportTest > FloatSquareDistanceTest > isNonNegative(int) > dim=2 PASSED
build	Build + Test	2026-10-04T13:38:23.1772995Z 
build	Build + Test	2026-10-04T13:38:23.1773439Z VectorUtilSupportTest > FloatSquareDistanceTest > isNonNegative(int) > dim=3 PASSED
build	Build + Test	2026-10-04T13:38:23.1774061Z 
build	Build + Test	2026-10-04T13:38:23.1774507Z VectorUtilSupportTest > FloatSquareDistanceTest > isNonNegative(int) > dim=4 PASSED
build	Build + Test	2026-10-04T13:38:23.1775109Z 
build	Build + Test	2026-10-04T13:38:23.1775547Z VectorUtilSupportTest > FloatSquareDistanceTest > isNonNegative(int) > dim=5 PASSED
build	Build + Test	2026-10-04T13:38:23.1776138Z 
build	Build + Test	2026-10-04T13:38:23.1776563Z VectorUtilSupportTest > FloatSquareDistanceTest > isNonNegative(int) > dim=7 PASSED
build	Build + Test	2026-10-04T13:38:23.1877920Z 
build	Build + Test	2026-10-04T13:38:23.1878609Z VectorUtilSupportTest > FloatSquareDistanceTest > isNonNegative(int) > dim=8 PASSED
build	Build + Test	2026-10-04T13:38:23.1879347Z 
build	Build + Test	2026-10-04T13:38:23.1879876Z VectorUtilSupportTest > FloatSquareDistanceTest > isNonNegative(int) > dim=9 PASSED
build	Build + Test	2026-10-04T13:38:23.1880502Z 
build	Build + Test	2026-10-04T13:38:23.1880936Z VectorUtilSupportTest > FloatSquareDistanceTest > isNonNegative(int) > dim=15 PASSED
build	Build + Test	2026-10-04T13:38:23.1881528Z 
build	Build + Test	2026-10-04T13:38:23.1881946Z VectorUtilSupportTest > FloatSquareDistanceTest > isNonNegative(int) > dim=16 PASSED
build	Build + Test	2026-10-04T13:38:23.1882576Z 
build	Build + Test	2026-10-04T13:38:23.1883038Z VectorUtilSupportTest > FloatSquareDistanceTest > isNonNegative(int) > dim=17 PASSED
build	Build + Test	2026-10-04T13:38:23.1883766Z 
build	Build + Test	2026-10-04T13:38:23.1884291Z VectorUtilSupportTest > FloatSquareDistanceTest > isNonNegative(int) > dim=31 PASSED
build	Build + Test	2026-10-04T13:38:23.1884968Z 
build	Build + Test	2026-10-04T13:38:23.1885457Z VectorUtilSupportTest > FloatSquareDistanceTest > isNonNegative(int) > dim=32 PASSED
build	Build + Test	2026-10-04T13:38:23.1886121Z 
build	Build + Test	2026-10-04T13:38:23.1886603Z VectorUtilSupportTest > FloatSquareDistanceTest > isNonNegative(int) > dim=33 PASSED
build	Build + Test	2026-10-04T13:38:23.1887459Z 
build	Build + Test	2026-10-04T13:38:23.1887942Z VectorUtilSupportTest > FloatSquareDistanceTest > isNonNegative(int) > dim=63 PASSED
build	Build + Test	2026-10-04T13:38:23.1888607Z 
build	Build + Test	2026-10-04T13:38:23.1889080Z VectorUtilSupportTest > FloatSquareDistanceTest > isNonNegative(int) > dim=64 PASSED
build	Build + Test	2026-10-04T13:38:23.1889727Z 
build	Build + Test	2026-10-04T13:38:23.1890260Z VectorUtilSupportTest > FloatSquareDistanceTest > isNonNegative(int) > dim=65 PASSED
build	Build + Test	2026-10-04T13:38:23.1890910Z 
build	Build + Test	2026-10-04T13:38:23.1891396Z VectorUtilSupportTest > FloatSquareDistanceTest > isNonNegative(int) > dim=127 PASSED
build	Build + Test	2026-10-04T13:38:23.1892419Z 
build	Build + Test	2026-10-04T13:38:23.1892906Z VectorUtilSupportTest > FloatSquareDistanceTest > isNonNegative(int) > dim=128 PASSED
build	Build + Test	2026-10-04T13:38:23.1893584Z 
build	Build + Test	2026-10-04T13:38:23.1894092Z VectorUtilSupportTest > FloatSquareDistanceTest > isNonNegative(int) > dim=129 PASSED
build	Build + Test	2026-10-04T13:38:23.1894783Z 
build	Build + Test	2026-10-04T13:38:23.1895297Z VectorUtilSupportTest > FloatSquareDistanceTest > isNonNegative(int) > dim=255 PASSED
build	Build + Test	2026-10-04T13:38:23.1895990Z 
build	Build + Test	2026-10-04T13:38:23.1896501Z VectorUtilSupportTest > FloatSquareDistanceTest > isNonNegative(int) > dim=256 PASSED
build	Build + Test	2026-10-04T13:38:23.1897529Z 
build	Build + Test	2026-10-04T13:38:23.1897990Z VectorUtilSupportTest > FloatSquareDistanceTest > isNonNegative(int) > dim=257 PASSED
build	Build + Test	2026-10-04T13:38:23.1898620Z 
build	Build + Test	2026-10-04T13:38:23.1899148Z VectorUtilSupportTest > FloatSquareDistanceTest > isNonNegative(int) > dim=300 PASSED
build	Build + Test	2026-10-04T13:38:23.1899878Z 
build	Build + Test	2026-10-04T13:38:23.1900404Z VectorUtilSupportTest > FloatSquareDistanceTest > isNonNegative(int) > dim=384 PASSED
build	Build + Test	2026-10-04T13:38:23.1901092Z 
build	Build + Test	2026-10-04T13:38:23.1901586Z VectorUtilSupportTest > FloatSquareDistanceTest > isNonNegative(int) > dim=511 PASSED
build	Build + Test	2026-10-04T13:38:23.1902311Z 
build	Build + Test	2026-10-04T13:38:23.1902848Z VectorUtilSupportTest > FloatSquareDistanceTest > isNonNegative(int) > dim=512 PASSED
build	Build + Test	2026-10-04T13:38:23.1903565Z 
build	Build + Test	2026-10-04T13:38:23.1904091Z VectorUtilSupportTest > FloatSquareDistanceTest > isNonNegative(int) > dim=513 PASSED
build	Build + Test	2026-10-04T13:38:23.1904831Z 
build	Build + Test	2026-10-04T13:38:23.1905347Z VectorUtilSupportTest > FloatSquareDistanceTest > isNonNegative(int) > dim=768 PASSED
build	Build + Test	2026-10-04T13:38:23.1906004Z 
build	Build + Test	2026-10-04T13:38:23.1906510Z VectorUtilSupportTest > FloatSquareDistanceTest > isNonNegative(int) > dim=1023 PASSED
build	Build + Test	2026-10-04T13:38:23.2021027Z 
build	Build + Test	2026-10-04T13:38:23.2021691Z VectorUtilSupportTest > FloatSquareDistanceTest > isNonNegative(int) > dim=1024 PASSED
build	Build + Test	2026-10-04T13:38:23.2022400Z 
build	Build + Test	2026-10-04T13:38:23.2022885Z VectorUtilSupportTest > FloatSquareDistanceTest > isNonNegative(int) > dim=1025 PASSED
build	Build + Test	2026-10-04T13:38:23.2023582Z 
build	Build + Test	2026-10-04T13:38:23.2024090Z VectorUtilSupportTest > FloatSquareDistanceTest > isNonNegative(int) > dim=1536 PASSED
build	Build + Test	2026-10-04T13:38:23.2024762Z 
build	Build + Test	2026-10-04T13:38:23.2025238Z VectorUtilSupportTest > FloatSquareDistanceTest > matchesNaive(int) > dim=1 PASSED
build	Build + Test	2026-10-04T13:38:23.2025910Z 
build	Build + Test	2026-10-04T13:38:23.2026389Z VectorUtilSupportTest > FloatSquareDistanceTest > matchesNaive(int) > dim=2 PASSED
build	Build + Test	2026-10-04T13:38:23.2027352Z 
build	Build + Test	2026-10-04T13:38:23.2027852Z VectorUtilSupportTest > FloatSquareDistanceTest > matchesNaive(int) > dim=3 PASSED
build	Build + Test	2026-10-04T13:38:23.2028543Z 
build	Build + Test	2026-10-04T13:38:23.2029001Z VectorUtilSupportTest > FloatSquareDistanceTest > matchesNaive(int) > dim=4 PASSED
build	Build + Test	2026-10-04T13:38:23.2029636Z 
build	Build + Test	2026-10-04T13:38:23.2030107Z VectorUtilSupportTest > FloatSquareDistanceTest > matchesNaive(int) > dim=5 PASSED
build	Build + Test	2026-10-04T13:38:23.2030826Z 
build	Build + Test	2026-10-04T13:38:23.2031348Z VectorUtilSupportTest > FloatSquareDistanceTest > matchesNaive(int) > dim=7 PASSED
build	Build + Test	2026-10-04T13:38:23.2032089Z 
build	Build + Test	2026-10-04T13:38:23.2032634Z VectorUtilSupportTest > FloatSquareDistanceTest > matchesNaive(int) > dim=8 PASSED
build	Build + Test	2026-10-04T13:38:23.2033396Z 
build	Build + Test	2026-10-04T13:38:23.2033915Z VectorUtilSupportTest > FloatSquareDistanceTest > matchesNaive(int) > dim=9 PASSED
build	Build + Test	2026-10-04T13:38:23.2034569Z 
build	Build + Test	2026-10-04T13:38:23.2035062Z VectorUtilSupportTest > FloatSquareDistanceTest > matchesNaive(int) > dim=15 PASSED
build	Build + Test	2026-10-04T13:38:23.2035731Z 
build	Build + Test	2026-10-04T13:38:23.2036222Z VectorUtilSupportTest > FloatSquareDistanceTest > matchesNaive(int) > dim=16 PASSED
build	Build + Test	2026-10-04T13:38:23.2037175Z 
build	Build + Test	2026-10-04T13:38:23.2037717Z VectorUtilSupportTest > FloatSquareDistanceTest > matchesNaive(int) > dim=17 PASSED
build	Build + Test	2026-10-04T13:38:23.2038409Z 
build	Build + Test	2026-10-04T13:38:23.2038914Z VectorUtilSupportTest > FloatSquareDistanceTest > matchesNaive(int) > dim=31 PASSED
build	Build + Test	2026-10-04T13:38:23.2039650Z 
build	Build + Test	2026-10-04T13:38:23.2040224Z VectorUtilSupportTest > FloatSquareDistanceTest > matchesNaive(int) > dim=32 PASSED
build	Build + Test	2026-10-04T13:38:23.2041620Z 
build	Build + Test	2026-10-04T13:38:23.2042176Z VectorUtilSupportTest > FloatSquareDistanceTest > matchesNaive(int) > dim=33 PASSED
build	Build + Test	2026-10-04T13:38:23.2042887Z 
build	Build + Test	2026-10-04T13:38:23.2043373Z VectorUtilSupportTest > FloatSquareDistanceTest > matchesNaive(int) > dim=63 PASSED
build	Build + Test	2026-10-04T13:38:23.2044033Z 
build	Build + Test	2026-10-04T13:38:23.2044516Z VectorUtilSupportTest > FloatSquareDistanceTest > matchesNaive(int) > dim=64 PASSED
build	Build + Test	2026-10-04T13:38:23.2045171Z 
build	Build + Test	2026-10-04T13:38:23.2045649Z VectorUtilSupportTest > FloatSquareDistanceTest > matchesNaive(int) > dim=65 PASSED
build	Build + Test	2026-10-04T13:38:23.2046336Z 
build	Build + Test	2026-10-04T13:38:23.2174398Z VectorUtilSupportTest > FloatSquareDistanceTest > matchesNaive(int) > dim=127 PASSED
build	Build + Test	2026-10-04T13:38:23.2176004Z 
build	Build + Test	2026-10-04T13:38:23.2176617Z VectorUtilSupportTest > FloatSquareDistanceTest > matchesNaive(int) > dim=128 PASSED
build	Build + Test	2026-10-04T13:38:23.2177604Z 
build	Build + Test	2026-10-04T13:38:23.2178131Z VectorUtilSupportTest > FloatSquareDistanceTest > matchesNaive(int) > dim=129 PASSED
build	Build + Test	2026-10-04T13:38:23.2178866Z 
build	Build + Test	2026-10-04T13:38:23.2179422Z VectorUtilSupportTest > FloatSquareDistanceTest > matchesNaive(int) > dim=255 PASSED
build	Build + Test	2026-10-04T13:38:23.2180169Z 
build	Build + Test	2026-10-04T13:38:23.2180692Z VectorUtilSupportTest > FloatSquareDistanceTest > matchesNaive(int) > dim=256 PASSED
build	Build + Test	2026-10-04T13:38:23.2181395Z 
build	Build + Test	2026-10-04T13:38:23.2181893Z VectorUtilSupportTest > FloatSquareDistanceTest > matchesNaive(int) > dim=257 PASSED
build	Build + Test	2026-10-04T13:38:23.2182587Z 
build	Build + Test	2026-10-04T13:38:23.2183095Z VectorUtilSupportTest > FloatSquareDistanceTest > matchesNaive(int) > dim=300 PASSED
build	Build + Test	2026-10-04T13:38:23.2183811Z 
build	Build + Test	2026-10-04T13:38:23.2184312Z VectorUtilSupportTest > FloatSquareDistanceTest > matchesNaive(int) > dim=384 PASSED
build	Build + Test	2026-10-04T13:38:23.2185030Z 
build	Build + Test	2026-10-04T13:38:23.2185527Z VectorUtilSupportTest > FloatSquareDistanceTest > matchesNaive(int) > dim=511 PASSED
build	Build + Test	2026-10-04T13:38:23.2186230Z 
build	Build + Test	2026-10-04T13:38:23.2186734Z VectorUtilSupportTest > FloatSquareDistanceTest > matchesNaive(int) > dim=512 PASSED
build	Build + Test	2026-10-04T13:38:23.2187586Z 
build	Build + Test	2026-10-04T13:38:23.2188108Z VectorUtilSupportTest > FloatSquareDistanceTest > matchesNaive(int) > dim=513 PASSED
build	Build + Test	2026-10-04T13:38:23.2188817Z 
build	Build + Test	2026-10-04T13:38:23.2189312Z VectorUtilSupportTest > FloatSquareDistanceTest > matchesNaive(int) > dim=768 PASSED
build	Build + Test	2026-10-04T13:38:23.2190016Z 
build	Build + Test	2026-10-04T13:38:23.2190541Z VectorUtilSupportTest > FloatSquareDistanceTest > matchesNaive(int) > dim=1023 PASSED
build	Build + Test	2026-10-04T13:38:23.2191256Z 
build	Build + Test	2026-10-04T13:38:23.2191763Z VectorUtilSupportTest > FloatSquareDistanceTest > matchesNaive(int) > dim=1024 PASSED
build	Build + Test	2026-10-04T13:38:23.2192465Z 
build	Build + Test	2026-10-04T13:38:23.2192973Z VectorUtilSupportTest > FloatSquareDistanceTest > matchesNaive(int) > dim=1025 PASSED
build	Build + Test	2026-10-04T13:38:23.2193680Z 
build	Build + Test	2026-10-04T13:38:23.2194182Z VectorUtilSupportTest > FloatSquareDistanceTest > matchesNaive(int) > dim=1536 PASSED
build	Build + Test	2026-10-04T13:38:23.2194886Z 
build	Build + Test	2026-10-04T13:38:23.2195436Z VectorUtilSupportTest > FloatSquareDistanceTest > panamaMatchesScalar(int) > dim=1 PASSED
build	Build + Test	2026-10-04T13:38:23.2196171Z 
build	Build + Test	2026-10-04T13:38:23.2196740Z VectorUtilSupportTest > FloatSquareDistanceTest > panamaMatchesScalar(int) > dim=2 PASSED
build	Build + Test	2026-10-04T13:38:23.2268389Z 
build	Build + Test	2026-10-04T13:38:23.2269084Z VectorUtilSupportTest > FloatSquareDistanceTest > panamaMatchesScalar(int) > dim=3 PASSED
build	Build + Test	2026-10-04T13:38:23.2269940Z 
build	Build + Test	2026-10-04T13:38:23.2270500Z VectorUtilSupportTest > FloatSquareDistanceTest > panamaMatchesScalar(int) > dim=4 PASSED
build	Build + Test	2026-10-04T13:38:23.2271214Z 
build	Build + Test	2026-10-04T13:38:23.2271735Z VectorUtilSupportTest > FloatSquareDistanceTest > panamaMatchesScalar(int) > dim=5 PASSED
build	Build + Test	2026-10-04T13:38:23.2272405Z 
build	Build + Test	2026-10-04T13:38:23.2272918Z VectorUtilSupportTest > FloatSquareDistanceTest > panamaMatchesScalar(int) > dim=7 PASSED
build	Build + Test	2026-10-04T13:38:23.2273651Z 
build	Build + Test	2026-10-04T13:38:23.2274181Z VectorUtilSupportTest > FloatSquareDistanceTest > panamaMatchesScalar(int) > dim=8 PASSED
build	Build + Test	2026-10-04T13:38:23.2274916Z 
build	Build + Test	2026-10-04T13:38:23.2275453Z VectorUtilSupportTest > FloatSquareDistanceTest > panamaMatchesScalar(int) > dim=9 PASSED
build	Build + Test	2026-10-04T13:38:23.2276176Z 
build	Build + Test	2026-10-04T13:38:23.2277407Z VectorUtilSupportTest > FloatSquareDistanceTest > panamaMatchesScalar(int) > dim=15 PASSED
build	Build + Test	2026-10-04T13:38:23.2278185Z 
build	Build + Test	2026-10-04T13:38:23.2278721Z VectorUtilSupportTest > FloatSquareDistanceTest > panamaMatchesScalar(int) > dim=16 PASSED
build	Build + Test	2026-10-04T13:38:23.2279451Z 
build	Build + Test	2026-10-04T13:38:23.2279998Z VectorUtilSupportTest > FloatSquareDistanceTest > panamaMatchesScalar(int) > dim=17 PASSED
build	Build + Test	2026-10-04T13:38:23.2280739Z 
build	Build + Test	2026-10-04T13:38:23.2281289Z VectorUtilSupportTest > FloatSquareDistanceTest > panamaMatchesScalar(int) > dim=31 PASSED
build	Build + Test	2026-10-04T13:38:23.2282015Z 
build	Build + Test	2026-10-04T13:38:23.2282565Z VectorUtilSupportTest > FloatSquareDistanceTest > panamaMatchesScalar(int) > dim=32 PASSED
build	Build + Test	2026-10-04T13:38:23.2283556Z 
build	Build + Test	2026-10-04T13:38:23.2284109Z VectorUtilSupportTest > FloatSquareDistanceTest > panamaMatchesScalar(int) > dim=33 PASSED
build	Build + Test	2026-10-04T13:38:23.2284799Z 
build	Build + Test	2026-10-04T13:38:23.2285325Z VectorUtilSupportTest > FloatSquareDistanceTest > panamaMatchesScalar(int) > dim=63 PASSED
build	Build + Test	2026-10-04T13:38:23.2286082Z 
build	Build + Test	2026-10-04T13:38:23.2286624Z VectorUtilSupportTest > FloatSquareDistanceTest > panamaMatchesScalar(int) > dim=64 PASSED
build	Build + Test	2026-10-04T13:38:23.2287542Z 
build	Build + Test	2026-10-04T13:38:23.2288050Z VectorUtilSupportTest > FloatSquareDistanceTest > panamaMatchesScalar(int) > dim=65 PASSED
build	Build + Test	2026-10-04T13:38:23.2288722Z 
build	Build + Test	2026-10-04T13:38:23.2289235Z VectorUtilSupportTest > FloatSquareDistanceTest > panamaMatchesScalar(int) > dim=127 PASSED
build	Build + Test	2026-10-04T13:38:23.2289933Z 
build	Build + Test	2026-10-04T13:38:23.2290450Z VectorUtilSupportTest > FloatSquareDistanceTest > panamaMatchesScalar(int) > dim=128 PASSED
build	Build + Test	2026-10-04T13:38:23.2291136Z 
build	Build + Test	2026-10-04T13:38:23.2291650Z VectorUtilSupportTest > FloatSquareDistanceTest > panamaMatchesScalar(int) > dim=129 PASSED
build	Build + Test	2026-10-04T13:38:23.2292315Z 
build	Build + Test	2026-10-04T13:38:23.2292810Z VectorUtilSupportTest > FloatSquareDistanceTest > panamaMatchesScalar(int) > dim=255 PASSED
build	Build + Test	2026-10-04T13:38:23.2293503Z 
build	Build + Test	2026-10-04T13:38:23.2294033Z VectorUtilSupportTest > FloatSquareDistanceTest > panamaMatchesScalar(int) > dim=256 PASSED
build	Build + Test	2026-10-04T13:38:23.2294770Z 
build	Build + Test	2026-10-04T13:38:23.2295316Z VectorUtilSupportTest > FloatSquareDistanceTest > panamaMatchesScalar(int) > dim=257 PASSED
build	Build + Test	2026-10-04T13:38:23.2296078Z 
build	Build + Test	2026-10-04T13:38:23.2296646Z VectorUtilSupportTest > FloatSquareDistanceTest > panamaMatchesScalar(int) > dim=300 PASSED
build	Build + Test	2026-10-04T13:38:23.2398425Z 
build	Build + Test	2026-10-04T13:38:23.2399128Z VectorUtilSupportTest > FloatSquareDistanceTest > panamaMatchesScalar(int) > dim=384 PASSED
build	Build + Test	2026-10-04T13:38:23.2399911Z 
build	Build + Test	2026-10-04T13:38:23.2400463Z VectorUtilSupportTest > FloatSquareDistanceTest > panamaMatchesScalar(int) > dim=511 PASSED
build	Build + Test	2026-10-04T13:38:23.2401225Z 
build	Build + Test	2026-10-04T13:38:23.2401765Z VectorUtilSupportTest > FloatSquareDistanceTest > panamaMatchesScalar(int) > dim=512 PASSED
build	Build + Test	2026-10-04T13:38:23.2402486Z 
build	Build + Test	2026-10-04T13:38:23.2403014Z VectorUtilSupportTest > FloatSquareDistanceTest > panamaMatchesScalar(int) > dim=513 PASSED
build	Build + Test	2026-10-04T13:38:23.2403742Z 
build	Build + Test	2026-10-04T13:38:23.2404278Z VectorUtilSupportTest > FloatSquareDistanceTest > panamaMatchesScalar(int) > dim=768 PASSED
build	Build + Test	2026-10-04T13:38:23.2405014Z 
build	Build + Test	2026-10-04T13:38:23.2405547Z VectorUtilSupportTest > FloatSquareDistanceTest > panamaMatchesScalar(int) > dim=1023 PASSED
build	Build + Test	2026-10-04T13:38:23.2406265Z 
build	Build + Test	2026-10-04T13:38:23.2406990Z VectorUtilSupportTest > FloatSquareDistanceTest > panamaMatchesScalar(int) > dim=1024 PASSED
build	Build + Test	2026-10-04T13:38:23.2407658Z 
build	Build + Test	2026-10-04T13:38:23.2408171Z VectorUtilSupportTest > FloatSquareDistanceTest > panamaMatchesScalar(int) > dim=1025 PASSED
build	Build + Test	2026-10-04T13:38:23.2408859Z 
build	Build + Test	2026-10-04T13:38:23.2409371Z VectorUtilSupportTest > FloatSquareDistanceTest > panamaMatchesScalar(int) > dim=1536 PASSED
build	Build + Test	2026-10-04T13:38:23.2410090Z 
build	Build + Test	2026-10-04T13:38:23.2410598Z VectorUtilSupportTest > FloatSquareDistanceTest > selfDistanceIsZero(int) > dim=1 PASSED
build	Build + Test	2026-10-04T13:38:23.2411269Z 
build	Build + Test	2026-10-04T13:38:23.2411763Z VectorUtilSupportTest > FloatSquareDistanceTest > selfDistanceIsZero(int) > dim=2 PASSED
build	Build + Test	2026-10-04T13:38:23.2412432Z 
build	Build + Test	2026-10-04T13:38:23.2412923Z VectorUtilSupportTest > FloatSquareDistanceTest > selfDistanceIsZero(int) > dim=3 PASSED
build	Build + Test	2026-10-04T13:38:23.2414067Z 
build	Build + Test	2026-10-04T13:38:23.2414592Z VectorUtilSupportTest > FloatSquareDistanceTest > selfDistanceIsZero(int) > dim=4 PASSED
build	Build + Test	2026-10-04T13:38:23.2415307Z 
build	Build + Test	2026-10-04T13:38:23.2415828Z VectorUtilSupportTest > FloatSquareDistanceTest > selfDistanceIsZero(int) > dim=5 PASSED
build	Build + Test	2026-10-04T13:38:23.2416591Z 
build	Build + Test	2026-10-04T13:38:23.2417407Z VectorUtilSupportTest > FloatSquareDistanceTest > selfDistanceIsZero(int) > dim=7 PASSED
build	Build + Test	2026-10-04T13:38:23.2418111Z 
build	Build + Test	2026-10-04T13:38:23.2418595Z VectorUtilSupportTest > FloatSquareDistanceTest > selfDistanceIsZero(int) > dim=8 PASSED
build	Build + Test	2026-10-04T13:38:23.2419585Z 
build	Build + Test	2026-10-04T13:38:23.2420086Z VectorUtilSupportTest > FloatSquareDistanceTest > selfDistanceIsZero(int) > dim=9 PASSED
build	Build + Test	2026-10-04T13:38:23.2420776Z 
build	Build + Test	2026-10-04T13:38:23.2421289Z VectorUtilSupportTest > FloatSquareDistanceTest > selfDistanceIsZero(int) > dim=15 PASSED
build	Build + Test	2026-10-04T13:38:23.2421960Z 
build	Build + Test	2026-10-04T13:38:23.2422475Z VectorUtilSupportTest > FloatSquareDistanceTest > selfDistanceIsZero(int) > dim=16 PASSED
build	Build + Test	2026-10-04T13:38:23.2423161Z 
build	Build + Test	2026-10-04T13:38:23.2423669Z VectorUtilSupportTest > FloatSquareDistanceTest > selfDistanceIsZero(int) > dim=17 PASSED
build	Build + Test	2026-10-04T13:38:23.2424350Z 
build	Build + Test	2026-10-04T13:38:23.2424853Z VectorUtilSupportTest > FloatSquareDistanceTest > selfDistanceIsZero(int) > dim=31 PASSED
build	Build + Test	2026-10-04T13:38:23.2425527Z 
build	Build + Test	2026-10-04T13:38:23.2426022Z VectorUtilSupportTest > FloatSquareDistanceTest > selfDistanceIsZero(int) > dim=32 PASSED
build	Build + Test	2026-10-04T13:38:23.2426700Z 
build	Build + Test	2026-10-04T13:38:23.2490665Z VectorUtilSupportTest > FloatSquareDistanceTest > selfDistanceIsZero(int) > dim=33 PASSED
build	Build + Test	2026-10-04T13:38:23.2491603Z 
build	Build + Test	2026-10-04T13:38:23.2492158Z VectorUtilSupportTest > FloatSquareDistanceTest > selfDistanceIsZero(int) > dim=63 PASSED
build	Build + Test	2026-10-04T13:38:23.2492870Z 
build	Build + Test	2026-10-04T13:38:23.2493366Z VectorUtilSupportTest > FloatSquareDistanceTest > selfDistanceIsZero(int) > dim=64 PASSED
build	Build + Test	2026-10-04T13:38:23.2494029Z 
build	Build + Test	2026-10-04T13:38:23.2494558Z VectorUtilSupportTest > FloatSquareDistanceTest > selfDistanceIsZero(int) > dim=65 PASSED
build	Build + Test	2026-10-04T13:38:23.2495252Z 
build	Build + Test	2026-10-04T13:38:23.2495756Z VectorUtilSupportTest > FloatSquareDistanceTest > selfDistanceIsZero(int) > dim=127 PASSED
build	Build + Test	2026-10-04T13:38:23.2496438Z 
build	Build + Test	2026-10-04T13:38:23.2497139Z VectorUtilSupportTest > FloatSquareDistanceTest > selfDistanceIsZero(int) > dim=128 PASSED
build	Build + Test	2026-10-04T13:38:23.2497895Z 
build	Build + Test	2026-10-04T13:38:23.2498394Z VectorUtilSupportTest > FloatSquareDistanceTest > selfDistanceIsZero(int) > dim=129 PASSED
build	Build + Test	2026-10-04T13:38:23.2499079Z 
build	Build + Test	2026-10-04T13:38:23.2499600Z VectorUtilSupportTest > FloatSquareDistanceTest > selfDistanceIsZero(int) > dim=255 PASSED
build	Build + Test	2026-10-04T13:38:23.2500260Z 
build	Build + Test	2026-10-04T13:38:23.2500832Z VectorUtilSupportTest > FloatSquareDistanceTest > selfDistanceIsZero(int) > dim=256 PASSED
build	Build + Test	2026-10-04T13:38:23.2501560Z 
build	Build + Test	2026-10-04T13:38:23.2502081Z VectorUtilSupportTest > FloatSquareDistanceTest > selfDistanceIsZero(int) > dim=257 PASSED
build	Build + Test	2026-10-04T13:38:23.2502820Z 
build	Build + Test	2026-10-04T13:38:23.2503341Z VectorUtilSupportTest > FloatSquareDistanceTest > selfDistanceIsZero(int) > dim=300 PASSED
build	Build + Test	2026-10-04T13:38:23.2504054Z 
build	Build + Test	2026-10-04T13:38:23.2504581Z VectorUtilSupportTest > FloatSquareDistanceTest > selfDistanceIsZero(int) > dim=384 PASSED
build	Build + Test	2026-10-04T13:38:23.2505293Z 
build	Build + Test	2026-10-04T13:38:23.2505810Z VectorUtilSupportTest > FloatSquareDistanceTest > selfDistanceIsZero(int) > dim=511 PASSED
build	Build + Test	2026-10-04T13:38:23.2506488Z 
build	Build + Test	2026-10-04T13:38:23.2507160Z VectorUtilSupportTest > FloatSquareDistanceTest > selfDistanceIsZero(int) > dim=512 PASSED
build	Build + Test	2026-10-04T13:38:23.2507828Z 
build	Build + Test	2026-10-04T13:38:23.2508360Z VectorUtilSupportTest > FloatSquareDistanceTest > selfDistanceIsZero(int) > dim=513 PASSED
build	Build + Test	2026-10-04T13:38:23.2509046Z 
build	Build + Test	2026-10-04T13:38:23.2509571Z VectorUtilSupportTest > FloatSquareDistanceTest > selfDistanceIsZero(int) > dim=768 PASSED
build	Build + Test	2026-10-04T13:38:23.2510246Z 
build	Build + Test	2026-10-04T13:38:23.2510763Z VectorUtilSupportTest > FloatSquareDistanceTest > selfDistanceIsZero(int) > dim=1023 PASSED
build	Build + Test	2026-10-04T13:38:23.2511937Z 
build	Build + Test	2026-10-04T13:38:23.2512462Z VectorUtilSupportTest > FloatSquareDistanceTest > selfDistanceIsZero(int) > dim=1024 PASSED
build	Build + Test	2026-10-04T13:38:23.2513139Z 
build	Build + Test	2026-10-04T13:38:23.2513683Z VectorUtilSupportTest > FloatSquareDistanceTest > selfDistanceIsZero(int) > dim=1025 PASSED
build	Build + Test	2026-10-04T13:38:23.2514392Z 
build	Build + Test	2026-10-04T13:38:23.2514913Z VectorUtilSupportTest > FloatSquareDistanceTest > selfDistanceIsZero(int) > dim=1536 PASSED
build	Build + Test	2026-10-04T13:38:23.2515641Z 
build	Build + Test	2026-10-04T13:38:23.2516223Z VectorUtilSupportTest > FloatSquareDistanceTest > satisfiesTriangleInequality(int) > dim=3 PASSED
build	Build + Test	2026-10-04T13:38:23.2578406Z 
build	Build + Test	2026-10-04T13:38:23.2579081Z VectorUtilSupportTest > FloatSquareDistanceTest > satisfiesTriangleInequality(int) > dim=16 PASSED
build	Build + Test	2026-10-04T13:38:23.2579855Z 
build	Build + Test	2026-10-04T13:38:23.2580463Z VectorUtilSupportTest > FloatSquareDistanceTest > satisfiesTriangleInequality(int) > dim=64 PASSED
build	Build + Test	2026-10-04T13:38:23.2581220Z 
build	Build + Test	2026-10-04T13:38:23.2581804Z VectorUtilSupportTest > FloatSquareDistanceTest > satisfiesTriangleInequality(int) > dim=256 PASSED
build	Build + Test	2026-10-04T13:38:23.2582627Z 
build	Build + Test	2026-10-04T13:38:23.2583200Z VectorUtilSupportTest > FloatSquareDistanceTest > satisfiesTriangleInequality(int) > dim=768 PASSED
build	Build + Test	2026-10-04T13:38:23.2583981Z 
build	Build + Test	2026-10-04T13:38:23.2584760Z VectorUtilSupportTest > ExactStridedBatchDotProductTest > matchesIndependentProviderDotProductsBitForBit(int) > dim=1 PASSED
build	Build + Test	2026-10-04T13:38:23.2585734Z 
build	Build + Test	2026-10-04T13:38:23.2586544Z VectorUtilSupportTest > ExactStridedBatchDotProductTest > matchesIndependentProviderDotProductsBitForBit(int) > dim=2 PASSED
build	Build + Test	2026-10-04T13:38:23.2587752Z 
build	Build + Test	2026-10-04T13:38:23.2588565Z VectorUtilSupportTest > ExactStridedBatchDotProductTest > matchesIndependentProviderDotProductsBitForBit(int) > dim=3 PASSED
build	Build + Test	2026-10-04T13:38:23.2589549Z 
build	Build + Test	2026-10-04T13:38:23.2590365Z VectorUtilSupportTest > ExactStridedBatchDotProductTest > matchesIndependentProviderDotProductsBitForBit(int) > dim=4 PASSED
build	Build + Test	2026-10-04T13:38:23.2591406Z 
build	Build + Test	2026-10-04T13:38:23.2592200Z VectorUtilSupportTest > ExactStridedBatchDotProductTest > matchesIndependentProviderDotProductsBitForBit(int) > dim=5 PASSED
build	Build + Test	2026-10-04T13:38:23.2593166Z 
build	Build + Test	2026-10-04T13:38:23.2593927Z VectorUtilSupportTest > ExactStridedBatchDotProductTest > matchesIndependentProviderDotProductsBitForBit(int) > dim=7 PASSED
build	Build + Test	2026-10-04T13:38:23.2594840Z 
build	Build + Test	2026-10-04T13:38:23.2595617Z VectorUtilSupportTest > ExactStridedBatchDotProductTest > matchesIndependentProviderDotProductsBitForBit(int) > dim=8 PASSED
build	Build + Test	2026-10-04T13:38:23.2596626Z 
build	Build + Test	2026-10-04T13:38:23.2597676Z VectorUtilSupportTest > ExactStridedBatchDotProductTest > matchesIndependentProviderDotProductsBitForBit(int) > dim=9 PASSED
build	Build + Test	2026-10-04T13:38:23.2598727Z 
build	Build + Test	2026-10-04T13:38:23.2599502Z VectorUtilSupportTest > ExactStridedBatchDotProductTest > matchesIndependentProviderDotProductsBitForBit(int) > dim=15 PASSED
build	Build + Test	2026-10-04T13:38:23.2600444Z 
build	Build + Test	2026-10-04T13:38:23.2601238Z VectorUtilSupportTest > ExactStridedBatchDotProductTest > matchesIndependentProviderDotProductsBitForBit(int) > dim=16 PASSED
build	Build + Test	2026-10-04T13:38:23.2602194Z 
build	Build + Test	2026-10-04T13:38:23.2603010Z VectorUtilSupportTest > ExactStridedBatchDotProductTest > matchesIndependentProviderDotProductsBitForBit(int) > dim=17 PASSED
build	Build + Test	2026-10-04T13:38:23.2604025Z 
build	Build + Test	2026-10-04T13:38:23.2604827Z VectorUtilSupportTest > ExactStridedBatchDotProductTest > matchesIndependentProviderDotProductsBitForBit(int) > dim=31 PASSED
build	Build + Test	2026-10-04T13:38:23.2605819Z 
build	Build + Test	2026-10-04T13:38:23.2606626Z VectorUtilSupportTest > ExactStridedBatchDotProductTest > matchesIndependentProviderDotProductsBitForBit(int) > dim=32 PASSED
build	Build + Test	2026-10-04T13:38:23.2659086Z 
build	Build + Test	2026-10-04T13:38:23.2660129Z VectorUtilSupportTest > ExactStridedBatchDotProductTest > matchesIndependentProviderDotProductsBitForBit(int) > dim=33 PASSED
build	Build + Test	2026-10-04T13:38:23.2661237Z 
build	Build + Test	2026-10-04T13:38:23.2662121Z VectorUtilSupportTest > ExactStridedBatchDotProductTest > matchesIndependentProviderDotProductsBitForBit(int) > dim=63 PASSED
build	Build + Test	2026-10-04T13:38:23.2663188Z 
build	Build + Test	2026-10-04T13:38:23.2664076Z VectorUtilSupportTest > ExactStridedBatchDotProductTest > matchesIndependentProviderDotProductsBitForBit(int) > dim=64 PASSED
build	Build + Test	2026-10-04T13:38:23.2665499Z 
build	Build + Test	2026-10-04T13:38:23.2666375Z VectorUtilSupportTest > ExactStridedBatchDotProductTest > matchesIndependentProviderDotProductsBitForBit(int) > dim=65 PASSED
build	Build + Test	2026-10-04T13:38:23.2667621Z 
build	Build + Test	2026-10-04T13:38:23.2668435Z VectorUtilSupportTest > ExactStridedBatchDotProductTest > matchesIndependentProviderDotProductsBitForBit(int) > dim=127 PASSED
build	Build + Test	2026-10-04T13:38:23.2669425Z 
build	Build + Test	2026-10-04T13:38:23.2670257Z VectorUtilSupportTest > ExactStridedBatchDotProductTest > matchesIndependentProviderDotProductsBitForBit(int) > dim=128 PASSED
build	Build + Test	2026-10-04T13:38:23.2671523Z 
build	Build + Test	2026-10-04T13:38:23.2672341Z VectorUtilSupportTest > ExactStridedBatchDotProductTest > matchesIndependentProviderDotProductsBitForBit(int) > dim=129 PASSED
build	Build + Test	2026-10-04T13:38:23.2673364Z 
build	Build + Test	2026-10-04T13:38:23.2674247Z VectorUtilSupportTest > ExactStridedBatchDotProductTest > matchesIndependentProviderDotProductsBitForBit(int) > dim=255 PASSED
build	Build + Test	2026-10-04T13:38:23.2675318Z 
build	Build + Test	2026-10-04T13:38:23.2676119Z VectorUtilSupportTest > ExactStridedBatchDotProductTest > matchesIndependentProviderDotProductsBitForBit(int) > dim=256 PASSED
build	Build + Test	2026-10-04T13:38:23.2677356Z 
build	Build + Test	2026-10-04T13:38:23.2678185Z VectorUtilSupportTest > ExactStridedBatchDotProductTest > matchesIndependentProviderDotProductsBitForBit(int) > dim=257 PASSED
build	Build + Test	2026-10-04T13:38:23.2679181Z 
build	Build + Test	2026-10-04T13:38:23.2680057Z VectorUtilSupportTest > ExactStridedBatchDotProductTest > matchesIndependentProviderDotProductsBitForBit(int) > dim=300 PASSED
build	Build + Test	2026-10-04T13:38:23.2681045Z 
build	Build + Test	2026-10-04T13:38:23.2681845Z VectorUtilSupportTest > ExactStridedBatchDotProductTest > matchesIndependentProviderDotProductsBitForBit(int) > dim=384 PASSED
build	Build + Test	2026-10-04T13:38:23.2682810Z 
build	Build + Test	2026-10-04T13:38:23.2683615Z VectorUtilSupportTest > ExactStridedBatchDotProductTest > matchesIndependentProviderDotProductsBitForBit(int) > dim=511 PASSED
build	Build + Test	2026-10-04T13:38:23.2684567Z 
build	Build + Test	2026-10-04T13:38:23.2685339Z VectorUtilSupportTest > ExactStridedBatchDotProductTest > matchesIndependentProviderDotProductsBitForBit(int) > dim=512 PASSED
build	Build + Test	2026-10-04T13:38:23.2686275Z 
build	Build + Test	2026-10-04T13:38:23.2749005Z VectorUtilSupportTest > ExactStridedBatchDotProductTest > matchesIndependentProviderDotProductsBitForBit(int) > dim=513 PASSED
build	Build + Test	2026-10-04T13:38:23.2750315Z 
build	Build + Test	2026-10-04T13:38:23.2751255Z VectorUtilSupportTest > ExactStridedBatchDotProductTest > matchesIndependentProviderDotProductsBitForBit(int) > dim=768 PASSED
build	Build + Test	2026-10-04T13:38:23.2752333Z 
build	Build + Test	2026-10-04T13:38:23.2753216Z VectorUtilSupportTest > ExactStridedBatchDotProductTest > matchesIndependentProviderDotProductsBitForBit(int) > dim=1023 PASSED
build	Build + Test	2026-10-04T13:38:23.2754324Z 
build	Build + Test	2026-10-04T13:38:23.2755206Z VectorUtilSupportTest > ExactStridedBatchDotProductTest > matchesIndependentProviderDotProductsBitForBit(int) > dim=1024 PASSED
build	Build + Test	2026-10-04T13:38:23.2756274Z 
build	Build + Test	2026-10-04T13:38:23.2757332Z VectorUtilSupportTest > ExactStridedBatchDotProductTest > matchesIndependentProviderDotProductsBitForBit(int) > dim=1025 PASSED
build	Build + Test	2026-10-04T13:38:23.2758298Z 
build	Build + Test	2026-10-04T13:38:23.2759113Z VectorUtilSupportTest > ExactStridedBatchDotProductTest > matchesIndependentProviderDotProductsBitForBit(int) > dim=1536 PASSED
build	Build + Test	2026-10-04T13:38:23.3612684Z 
build	Build + Test	2026-10-04T13:38:23.3698441Z VectorUtilSupportTest > FloatDotProductTest > dotProductRemainsBitExactAfterJitWarmup() PASSED
build	Build + Test	2026-10-04T13:38:23.3807329Z 
build	Build + Test	2026-10-04T13:38:23.3948188Z VectorUtilSupportTest > FloatDotProductTest > matchesNaive(int) > dim=1 PASSED
build	Build + Test	2026-10-04T13:38:23.3967254Z 
build	Build + Test	2026-10-04T13:38:23.4058187Z VectorUtilSupportTest > FloatDotProductTest > matchesNaive(int) > dim=2 PASSED
build	Build + Test	2026-10-04T13:38:23.4147433Z 
build	Build + Test	2026-10-04T13:38:23.4238211Z VectorUtilSupportTest > FloatDotProductTest > matchesNaive(int) > dim=3 PASSED
build	Build + Test	2026-10-04T13:38:23.4297381Z 
build	Build + Test	2026-10-04T13:38:23.4358232Z VectorUtilSupportTest > FloatDotProductTest > matchesNaive(int) > dim=4 PASSED
build	Build + Test	2026-10-04T13:38:23.4457601Z 
build	Build + Test	2026-10-04T13:38:23.4535058Z VectorUtilSupportTest > FloatDotProductTest > matchesNaive(int) > dim=5 PASSED
build	Build + Test	2026-10-04T13:38:23.4616475Z 
build	Build + Test	2026-10-04T13:38:23.4715216Z VectorUtilSupportTest > FloatDotProductTest > matchesNaive(int) > dim=7 PASSED
build	Build + Test	2026-10-04T13:38:23.4777367Z 
build	Build + Test	2026-10-04T13:38:23.4827991Z VectorUtilSupportTest > FloatDotProductTest > matchesNaive(int) > dim=8 PASSED
build	Build + Test	2026-10-04T13:38:23.4880876Z 
build	Build + Test	2026-10-04T13:38:23.4968885Z VectorUtilSupportTest > FloatDotProductTest > matchesNaive(int) > dim=9 PASSED
build	Build + Test	2026-10-04T13:38:23.5057314Z 
build	Build + Test	2026-10-04T13:38:23.5088210Z VectorUtilSupportTest > FloatDotProductTest > matchesNaive(int) > dim=15 PASSED
build	Build + Test	2026-10-04T13:38:23.5127291Z 
build	Build + Test	2026-10-04T13:38:23.5211341Z VectorUtilSupportTest > FloatDotProductTest > matchesNaive(int) > dim=16 PASSED
build	Build + Test	2026-10-04T13:38:23.5317353Z 
build	Build + Test	2026-10-04T13:38:23.5398136Z VectorUtilSupportTest > FloatDotProductTest > matchesNaive(int) > dim=17 PASSED
build	Build + Test	2026-10-04T13:38:23.5437314Z 
build	Build + Test	2026-10-04T13:38:23.5528245Z VectorUtilSupportTest > FloatDotProductTest > matchesNaive(int) > dim=31 PASSED
build	Build + Test	2026-10-04T13:38:23.5603758Z 
build	Build + Test	2026-10-04T13:38:23.5658312Z VectorUtilSupportTest > FloatDotProductTest > matchesNaive(int) > dim=32 PASSED
build	Build + Test	2026-10-04T13:38:23.5717396Z 
build	Build + Test	2026-10-04T13:38:23.5862373Z VectorUtilSupportTest > FloatDotProductTest > matchesNaive(int) > dim=33 PASSED
build	Build + Test	2026-10-04T13:38:23.5947282Z 
build	Build + Test	2026-10-04T13:38:23.6049564Z VectorUtilSupportTest > FloatDotProductTest > matchesNaive(int) > dim=63 PASSED
build	Build + Test	2026-10-04T13:38:23.6118191Z 
build	Build + Test	2026-10-04T13:38:23.6168190Z VectorUtilSupportTest > FloatDotProductTest > matchesNaive(int) > dim=64 PASSED
build	Build + Test	2026-10-04T13:38:23.6231526Z 
build	Build + Test	2026-10-04T13:38:23.6308212Z VectorUtilSupportTest > FloatDotProductTest > matchesNaive(int) > dim=65 PASSED
build	Build + Test	2026-10-04T13:38:23.6363808Z 
build	Build + Test	2026-10-04T13:38:23.6428102Z VectorUtilSupportTest > FloatDotProductTest > matchesNaive(int) > dim=127 PASSED
build	Build + Test	2026-10-04T13:38:23.6487511Z 
build	Build + Test	2026-10-04T13:38:23.6528216Z VectorUtilSupportTest > FloatDotProductTest > matchesNaive(int) > dim=128 PASSED
build	Build + Test	2026-10-04T13:38:23.6586090Z 
build	Build + Test	2026-10-04T13:38:23.6658195Z VectorUtilSupportTest > FloatDotProductTest > matchesNaive(int) > dim=129 PASSED
build	Build + Test	2026-10-04T13:38:23.6737229Z 
build	Build + Test	2026-10-04T13:38:23.6810572Z VectorUtilSupportTest > FloatDotProductTest > matchesNaive(int) > dim=255 PASSED
build	Build + Test	2026-10-04T13:38:23.6907360Z 
build	Build + Test	2026-10-04T13:38:23.6948153Z VectorUtilSupportTest > FloatDotProductTest > matchesNaive(int) > dim=256 PASSED
build	Build + Test	2026-10-04T13:38:23.7007241Z 
build	Build + Test	2026-10-04T13:38:23.7058232Z VectorUtilSupportTest > FloatDotProductTest > matchesNaive(int) > dim=257 PASSED
build	Build + Test	2026-10-04T13:38:23.7097326Z 
build	Build + Test	2026-10-04T13:38:23.7149540Z VectorUtilSupportTest > FloatDotProductTest > matchesNaive(int) > dim=300 PASSED
build	Build + Test	2026-10-04T13:38:23.7150404Z 
build	Build + Test	2026-10-04T13:38:23.7253253Z VectorUtilSupportTest > FloatDotProductTest > matchesNaive(int) > dim=384 PASSED
build	Build + Test	2026-10-04T13:38:23.7387357Z 
build	Build + Test	2026-10-04T13:38:23.7401907Z VectorUtilSupportTest > FloatDotProductTest > matchesNaive(int) > dim=511 PASSED
build	Build + Test	2026-10-04T13:38:23.7497401Z 
build	Build + Test	2026-10-04T13:38:23.7578218Z VectorUtilSupportTest > FloatDotProductTest > matchesNaive(int) > dim=512 PASSED
build	Build + Test	2026-10-04T13:38:23.7607358Z 
build	Build + Test	2026-10-04T13:38:23.7688255Z VectorUtilSupportTest > FloatDotProductTest > matchesNaive(int) > dim=513 PASSED
build	Build + Test	2026-10-04T13:38:23.7743399Z 
build	Build + Test	2026-10-04T13:38:23.7818474Z VectorUtilSupportTest > FloatDotProductTest > matchesNaive(int) > dim=768 PASSED
build	Build + Test	2026-10-04T13:38:23.7907354Z 
build	Build + Test	2026-10-04T13:38:23.7968168Z VectorUtilSupportTest > FloatDotProductTest > matchesNaive(int) > dim=1023 PASSED
build	Build + Test	2026-10-04T13:38:23.8057250Z 
build	Build + Test	2026-10-04T13:38:23.8087943Z VectorUtilSupportTest > FloatDotProductTest > matchesNaive(int) > dim=1024 PASSED
build	Build + Test	2026-10-04T13:38:23.8117056Z 
build	Build + Test	2026-10-04T13:38:23.8200264Z VectorUtilSupportTest > FloatDotProductTest > matchesNaive(int) > dim=1025 PASSED
build	Build + Test	2026-10-04T13:38:23.8307670Z 
build	Build + Test	2026-10-04T13:38:23.8408149Z VectorUtilSupportTest > FloatDotProductTest > matchesNaive(int) > dim=1536 PASSED
build	Build + Test	2026-10-04T13:38:23.8472478Z 
build	Build + Test	2026-10-04T13:38:23.8550682Z VectorUtilSupportTest > FloatDotProductTest > panamaMatchesScalar(int) > dim=1 PASSED
build	Build + Test	2026-10-04T13:38:23.8617295Z 
build	Build + Test	2026-10-04T13:38:23.8678206Z VectorUtilSupportTest > FloatDotProductTest > panamaMatchesScalar(int) > dim=2 PASSED
build	Build + Test	2026-10-04T13:38:23.8817235Z 
build	Build + Test	2026-10-04T13:38:23.8878275Z VectorUtilSupportTest > FloatDotProductTest > panamaMatchesScalar(int) > dim=3 PASSED
build	Build + Test	2026-10-04T13:38:23.8931806Z 
build	Build + Test	2026-10-04T13:38:23.8988192Z VectorUtilSupportTest > FloatDotProductTest > panamaMatchesScalar(int) > dim=4 PASSED
build	Build + Test	2026-10-04T13:38:23.9047272Z 
build	Build + Test	2026-10-04T13:38:23.9118295Z VectorUtilSupportTest > FloatDotProductTest > panamaMatchesScalar(int) > dim=5 PASSED
build	Build + Test	2026-10-04T13:38:23.9197430Z 
build	Build + Test	2026-10-04T13:38:23.9238267Z VectorUtilSupportTest > FloatDotProductTest > panamaMatchesScalar(int) > dim=7 PASSED
build	Build + Test	2026-10-04T13:38:23.9317310Z 
build	Build + Test	2026-10-04T13:38:23.9428236Z VectorUtilSupportTest > FloatDotProductTest > panamaMatchesScalar(int) > dim=8 PASSED
build	Build + Test	2026-10-04T13:38:23.9547253Z 
build	Build + Test	2026-10-04T13:38:23.9678300Z VectorUtilSupportTest > FloatDotProductTest > panamaMatchesScalar(int) > dim=9 PASSED
build	Build + Test	2026-10-04T13:38:23.9755903Z 
build	Build + Test	2026-10-04T13:38:23.9838231Z VectorUtilSupportTest > FloatDotProductTest > panamaMatchesScalar(int) > dim=15 PASSED
build	Build + Test	2026-10-04T13:38:23.9888352Z 
build	Build + Test	2026-10-04T13:38:23.9931694Z VectorUtilSupportTest > FloatDotProductTest > panamaMatchesScalar(int) > dim=16 PASSED
build	Build + Test	2026-10-04T13:38:24.0007234Z 
build	Build + Test	2026-10-04T13:38:24.0090772Z VectorUtilSupportTest > FloatDotProductTest > panamaMatchesScalar(int) > dim=17 PASSED
build	Build + Test	2026-10-04T13:38:24.0157248Z 
build	Build + Test	2026-10-04T13:38:24.0198196Z VectorUtilSupportTest > FloatDotProductTest > panamaMatchesScalar(int) > dim=31 PASSED
build	Build + Test	2026-10-04T13:38:24.0300345Z 
build	Build + Test	2026-10-04T13:38:24.0428381Z VectorUtilSupportTest > FloatDotProductTest > panamaMatchesScalar(int) > dim=32 PASSED
build	Build + Test	2026-10-04T13:38:24.0457327Z 
build	Build + Test	2026-10-04T13:38:24.0558243Z VectorUtilSupportTest > FloatDotProductTest > panamaMatchesScalar(int) > dim=33 PASSED
build	Build + Test	2026-10-04T13:38:24.0647299Z 
build	Build + Test	2026-10-04T13:38:24.0738150Z VectorUtilSupportTest > FloatDotProductTest > panamaMatchesScalar(int) > dim=63 PASSED
build	Build + Test	2026-10-04T13:38:24.0827353Z 
build	Build + Test	2026-10-04T13:38:24.0888265Z VectorUtilSupportTest > FloatDotProductTest > panamaMatchesScalar(int) > dim=64 PASSED
build	Build + Test	2026-10-04T13:38:24.0977351Z 
build	Build + Test	2026-10-04T13:38:24.1038355Z VectorUtilSupportTest > FloatDotProductTest > panamaMatchesScalar(int) > dim=65 PASSED
build	Build + Test	2026-10-04T13:38:24.1157121Z 
build	Build + Test	2026-10-04T13:38:24.1228213Z VectorUtilSupportTest > FloatDotProductTest > panamaMatchesScalar(int) > dim=127 PASSED
build	Build + Test	2026-10-04T13:38:24.1307341Z 
build	Build + Test	2026-10-04T13:38:24.1419190Z VectorUtilSupportTest > FloatDotProductTest > panamaMatchesScalar(int) > dim=128 PASSED
build	Build + Test	2026-10-04T13:38:24.1507381Z 
build	Build + Test	2026-10-04T13:38:24.1538328Z VectorUtilSupportTest > FloatDotProductTest > panamaMatchesScalar(int) > dim=129 PASSED
build	Build + Test	2026-10-04T13:38:24.1539166Z 
build	Build + Test	2026-10-04T13:38:24.1539661Z VectorUtilSupportTest > FloatDotProductTest > panamaMatchesScalar(int) > dim=255 PASSED
build	Build + Test	2026-10-04T13:38:24.1540343Z 
build	Build + Test	2026-10-04T13:38:24.1540851Z VectorUtilSupportTest > FloatDotProductTest > panamaMatchesScalar(int) > dim=256 PASSED
build	Build + Test	2026-10-04T13:38:24.1541595Z 
build	Build + Test	2026-10-04T13:38:24.1542080Z VectorUtilSupportTest > FloatDotProductTest > panamaMatchesScalar(int) > dim=257 PASSED
build	Build + Test	2026-10-04T13:38:24.1542747Z 
build	Build + Test	2026-10-04T13:38:24.1543256Z VectorUtilSupportTest > FloatDotProductTest > panamaMatchesScalar(int) > dim=300 PASSED
build	Build + Test	2026-10-04T13:38:24.1543942Z 
build	Build + Test	2026-10-04T13:38:24.1544461Z VectorUtilSupportTest > FloatDotProductTest > panamaMatchesScalar(int) > dim=384 PASSED
build	Build + Test	2026-10-04T13:38:24.1545160Z 
build	Build + Test	2026-10-04T13:38:24.1545738Z VectorUtilSupportTest > FloatDotProductTest > panamaMatchesScalar(int) > dim=511 PASSED
build	Build + Test	2026-10-04T13:38:24.1637319Z 
build	Build + Test	2026-10-04T13:38:24.1728336Z VectorUtilSupportTest > FloatDotProductTest > panamaMatchesScalar(int) > dim=512 PASSED
build	Build + Test	2026-10-04T13:38:24.1777287Z 
build	Build + Test	2026-10-04T13:38:24.1808172Z VectorUtilSupportTest > FloatDotProductTest > panamaMatchesScalar(int) > dim=513 PASSED
build	Build + Test	2026-10-04T13:38:24.1809005Z 
build	Build + Test	2026-10-04T13:38:24.1809556Z VectorUtilSupportTest > FloatDotProductTest > panamaMatchesScalar(int) > dim=768 PASSED
build	Build + Test	2026-10-04T13:38:24.1810859Z 
build	Build + Test	2026-10-04T13:38:24.1811413Z VectorUtilSupportTest > FloatDotProductTest > panamaMatchesScalar(int) > dim=1023 PASSED
build	Build + Test	2026-10-04T13:38:24.1812126Z 
build	Build + Test	2026-10-04T13:38:24.1812647Z VectorUtilSupportTest > FloatDotProductTest > panamaMatchesScalar(int) > dim=1024 PASSED
build	Build + Test	2026-10-04T13:38:24.1813360Z 
build	Build + Test	2026-10-04T13:38:24.1813903Z VectorUtilSupportTest > FloatDotProductTest > panamaMatchesScalar(int) > dim=1025 PASSED
build	Build + Test	2026-10-04T13:38:24.1814610Z 
build	Build + Test	2026-10-04T13:38:24.1815132Z VectorUtilSupportTest > FloatDotProductTest > panamaMatchesScalar(int) > dim=1536 PASSED
build	Build + Test	2026-10-04T13:38:24.1815844Z 
build	Build + Test	2026-10-04T13:38:24.1816495Z VectorUtilSupportTest > FloatDotProductTest > emptyVectors() PASSED
build	Build + Test	2026-10-04T13:38:24.1817317Z 
build	Build + Test	2026-10-04T13:38:24.1817738Z VectorUtilSupportTest > FloatDotProductTest > singleElement() PASSED
build	Build + Test	2026-10-04T13:38:24.1818325Z 
build	Build + Test	2026-10-04T13:38:24.1818910Z VectorUtilSupportTest > FloatDotProductTest > selfDotProductIsSquaredNorm(int) > dim=1 PASSED
build	Build + Test	2026-10-04T13:38:24.1819673Z 
build	Build + Test	2026-10-04T13:38:24.1898346Z VectorUtilSupportTest > FloatDotProductTest > selfDotProductIsSquaredNorm(int) > dim=2 PASSED
build	Build + Test	2026-10-04T13:38:24.2038871Z 
build	Build + Test	2026-10-04T13:38:24.2128408Z VectorUtilSupportTest > FloatDotProductTest > selfDotProductIsSquaredNorm(int) > dim=3 PASSED
build	Build + Test	2026-10-04T13:38:24.2237338Z 
build	Build + Test	2026-10-04T13:38:24.2298287Z VectorUtilSupportTest > FloatDotProductTest > selfDotProductIsSquaredNorm(int) > dim=4 PASSED
build	Build + Test	2026-10-04T13:38:24.2357230Z 
build	Build + Test	2026-10-04T13:38:24.2388211Z VectorUtilSupportTest > FloatDotProductTest > selfDotProductIsSquaredNorm(int) > dim=5 PASSED
build	Build + Test	2026-10-04T13:38:24.2473772Z 
build	Build + Test	2026-10-04T13:38:24.2528137Z VectorUtilSupportTest > FloatDotProductTest > selfDotProductIsSquaredNorm(int) > dim=7 PASSED
build	Build + Test	2026-10-04T13:38:24.2607429Z 
build	Build + Test	2026-10-04T13:38:24.2648147Z VectorUtilSupportTest > FloatDotProductTest > selfDotProductIsSquaredNorm(int) > dim=8 PASSED
build	Build + Test	2026-10-04T13:38:24.2737255Z 
build	Build + Test	2026-10-04T13:38:24.2778292Z VectorUtilSupportTest > FloatDotProductTest > selfDotProductIsSquaredNorm(int) > dim=9 PASSED
build	Build + Test	2026-10-04T13:38:24.2847310Z 
build	Build + Test	2026-10-04T13:38:24.2875561Z VectorUtilSupportTest > FloatDotProductTest > selfDotProductIsSquaredNorm(int) > dim=15 PASSED
build	Build + Test	2026-10-04T13:38:24.2967398Z 
build	Build + Test	2026-10-04T13:38:24.3040356Z VectorUtilSupportTest > FloatDotProductTest > selfDotProductIsSquaredNorm(int) > dim=16 PASSED
build	Build + Test	2026-10-04T13:38:24.3167287Z 
build	Build + Test	2026-10-04T13:38:24.3228258Z VectorUtilSupportTest > FloatDotProductTest > selfDotProductIsSquaredNorm(int) > dim=17 PASSED
build	Build + Test	2026-10-04T13:38:24.3287213Z 
build	Build + Test	2026-10-04T13:38:24.3332836Z VectorUtilSupportTest > FloatDotProductTest > selfDotProductIsSquaredNorm(int) > dim=31 PASSED
build	Build + Test	2026-10-04T13:38:24.3428678Z 
build	Build + Test	2026-10-04T13:38:24.3488101Z VectorUtilSupportTest > FloatDotProductTest > selfDotProductIsSquaredNorm(int) > dim=32 PASSED
build	Build + Test	2026-10-04T13:38:24.3602578Z 
build	Build + Test	2026-10-04T13:38:24.3648218Z VectorUtilSupportTest > FloatDotProductTest > selfDotProductIsSquaredNorm(int) > dim=33 PASSED
build	Build + Test	2026-10-04T13:38:24.3767350Z 
build	Build + Test	2026-10-04T13:38:24.3859990Z VectorUtilSupportTest > FloatDotProductTest > selfDotProductIsSquaredNorm(int) > dim=63 PASSED
build	Build + Test	2026-10-04T13:38:24.3907236Z 
build	Build + Test	2026-10-04T13:38:24.3981637Z VectorUtilSupportTest > FloatDotProductTest > selfDotProductIsSquaredNorm(int) > dim=64 PASSED
build	Build + Test	2026-10-04T13:38:24.4137423Z 
build	Build + Test	2026-10-04T13:38:24.4228180Z VectorUtilSupportTest > FloatDotProductTest > selfDotProductIsSquaredNorm(int) > dim=65 PASSED
build	Build + Test	2026-10-04T13:38:24.4317298Z 
build	Build + Test	2026-10-04T13:38:24.4378302Z VectorUtilSupportTest > FloatDotProductTest > selfDotProductIsSquaredNorm(int) > dim=127 PASSED
build	Build + Test	2026-10-04T13:38:24.4432782Z 
build	Build + Test	2026-10-04T13:38:24.4518828Z VectorUtilSupportTest > FloatDotProductTest > selfDotProductIsSquaredNorm(int) > dim=128 PASSED
build	Build + Test	2026-10-04T13:38:24.4577296Z 
build	Build + Test	2026-10-04T13:38:24.4638217Z VectorUtilSupportTest > FloatDotProductTest > selfDotProductIsSquaredNorm(int) > dim=129 PASSED
build	Build + Test	2026-10-04T13:38:24.4757278Z 
build	Build + Test	2026-10-04T13:38:24.4818278Z VectorUtilSupportTest > FloatDotProductTest > selfDotProductIsSquaredNorm(int) > dim=255 PASSED
build	Build + Test	2026-10-04T13:38:24.4877212Z 
build	Build + Test	2026-10-04T13:38:24.4934693Z VectorUtilSupportTest > FloatDotProductTest > selfDotProductIsSquaredNorm(int) > dim=256 PASSED
build	Build + Test	2026-10-04T13:38:24.5017242Z 
build	Build + Test	2026-10-04T13:38:24.5108142Z VectorUtilSupportTest > FloatDotProductTest > selfDotProductIsSquaredNorm(int) > dim=257 PASSED
build	Build + Test	2026-10-04T13:38:24.5227207Z 
build	Build + Test	2026-10-04T13:38:24.5258161Z VectorUtilSupportTest > FloatDotProductTest > selfDotProductIsSquaredNorm(int) > dim=300 PASSED
build	Build + Test	2026-10-04T13:38:24.5377313Z 
build	Build + Test	2026-10-04T13:38:24.5435784Z VectorUtilSupportTest > FloatDotProductTest > selfDotProductIsSquaredNorm(int) > dim=384 PASSED
build	Build + Test	2026-10-04T13:38:24.5537438Z 
build	Build + Test	2026-10-04T13:38:24.5568218Z VectorUtilSupportTest > FloatDotProductTest > selfDotProductIsSquaredNorm(int) > dim=511 PASSED
build	Build + Test	2026-10-04T13:38:24.5658065Z 
build	Build + Test	2026-10-04T13:38:24.5739700Z VectorUtilSupportTest > FloatDotProductTest > selfDotProductIsSquaredNorm(int) > dim=512 PASSED
build	Build + Test	2026-10-04T13:38:24.5827336Z 
build	Build + Test	2026-10-04T13:38:24.5888397Z VectorUtilSupportTest > FloatDotProductTest > selfDotProductIsSquaredNorm(int) > dim=513 PASSED
build	Build + Test	2026-10-04T13:38:24.5889320Z 
build	Build + Test	2026-10-04T13:38:24.5889921Z VectorUtilSupportTest > FloatDotProductTest > selfDotProductIsSquaredNorm(int) > dim=768 PASSED
build	Build + Test	2026-10-04T13:38:24.5890699Z 
build	Build + Test	2026-10-04T13:38:24.5891293Z VectorUtilSupportTest > FloatDotProductTest > selfDotProductIsSquaredNorm(int) > dim=1023 PASSED
build	Build + Test	2026-10-04T13:38:24.5892071Z 
build	Build + Test	2026-10-04T13:38:24.5892648Z VectorUtilSupportTest > FloatDotProductTest > selfDotProductIsSquaredNorm(int) > dim=1024 PASSED
build	Build + Test	2026-10-04T13:38:24.5893413Z 
build	Build + Test	2026-10-04T13:38:24.5893989Z VectorUtilSupportTest > FloatDotProductTest > selfDotProductIsSquaredNorm(int) > dim=1025 PASSED
build	Build + Test	2026-10-04T13:38:24.5894777Z 
build	Build + Test	2026-10-04T13:38:24.5895341Z VectorUtilSupportTest > FloatDotProductTest > selfDotProductIsSquaredNorm(int) > dim=1536 PASSED
build	Build + Test	2026-10-04T13:38:24.5896109Z 
build	Build + Test	2026-10-04T13:38:24.5896687Z VectorUtilSupportTest > FloatDotProductTest > withOffsetMatchesFull(int) > dim=1 PASSED
build	Build + Test	2026-10-04T13:38:24.6077351Z 
build	Build + Test	2026-10-04T13:38:24.6128388Z VectorUtilSupportTest > FloatDotProductTest > withOffsetMatchesFull(int) > dim=2 PASSED
build	Build + Test	2026-10-04T13:38:24.6257264Z 
build	Build + Test	2026-10-04T13:38:24.6318173Z VectorUtilSupportTest > FloatDotProductTest > withOffsetMatchesFull(int) > dim=3 PASSED
build	Build + Test	2026-10-04T13:38:24.6440872Z 
build	Build + Test	2026-10-04T13:38:24.6548271Z VectorUtilSupportTest > FloatDotProductTest > withOffsetMatchesFull(int) > dim=4 PASSED
build	Build + Test	2026-10-04T13:38:24.6667344Z 
build	Build + Test	2026-10-04T13:38:24.6758223Z VectorUtilSupportTest > FloatDotProductTest > withOffsetMatchesFull(int) > dim=5 PASSED
build	Build + Test	2026-10-04T13:38:24.6887323Z 
build	Build + Test	2026-10-04T13:38:24.6978027Z VectorUtilSupportTest > FloatDotProductTest > withOffsetMatchesFull(int) > dim=7 PASSED
build	Build + Test	2026-10-04T13:38:24.7037216Z 
build	Build + Test	2026-10-04T13:38:24.7068216Z VectorUtilSupportTest > FloatDotProductTest > withOffsetMatchesFull(int) > dim=8 PASSED
build	Build + Test	2026-10-04T13:38:24.7130655Z 
build	Build + Test	2026-10-04T13:38:24.7178092Z VectorUtilSupportTest > FloatDotProductTest > withOffsetMatchesFull(int) > dim=9 PASSED
build	Build + Test	2026-10-04T13:38:24.7230192Z 
build	Build + Test	2026-10-04T13:38:24.7258151Z VectorUtilSupportTest > FloatDotProductTest > withOffsetMatchesFull(int) > dim=15 PASSED
build	Build + Test	2026-10-04T13:38:24.7301542Z 
build	Build + Test	2026-10-04T13:38:24.7328179Z VectorUtilSupportTest > FloatDotProductTest > withOffsetMatchesFull(int) > dim=16 PASSED
build	Build + Test	2026-10-04T13:38:24.7420758Z 
build	Build + Test	2026-10-04T13:38:24.7478105Z VectorUtilSupportTest > FloatDotProductTest > withOffsetMatchesFull(int) > dim=17 PASSED
build	Build + Test	2026-10-04T13:38:24.7537296Z 
build	Build + Test	2026-10-04T13:38:24.7678155Z VectorUtilSupportTest > FloatDotProductTest > withOffsetMatchesFull(int) > dim=31 PASSED
build	Build + Test	2026-10-04T13:38:24.7697090Z 
build	Build + Test	2026-10-04T13:38:24.7798344Z VectorUtilSupportTest > FloatDotProductTest > withOffsetMatchesFull(int) > dim=32 PASSED
build	Build + Test	2026-10-04T13:38:24.7817154Z 
build	Build + Test	2026-10-04T13:38:24.7918099Z VectorUtilSupportTest > FloatDotProductTest > withOffsetMatchesFull(int) > dim=33 PASSED
build	Build + Test	2026-10-04T13:38:24.7967450Z 
build	Build + Test	2026-10-04T13:38:24.8028255Z VectorUtilSupportTest > FloatDotProductTest > withOffsetMatchesFull(int) > dim=63 PASSED
build	Build + Test	2026-10-04T13:38:24.8127332Z 
build	Build + Test	2026-10-04T13:38:24.8139275Z VectorUtilSupportTest > FloatDotProductTest > withOffsetMatchesFull(int) > dim=64 PASSED
build	Build + Test	2026-10-04T13:38:24.8227287Z 
build	Build + Test	2026-10-04T13:38:24.8258209Z VectorUtilSupportTest > FloatDotProductTest > withOffsetMatchesFull(int) > dim=65 PASSED
build	Build + Test	2026-10-04T13:38:24.8297482Z 
build	Build + Test	2026-10-04T13:38:24.8358448Z VectorUtilSupportTest > FloatDotProductTest > withOffsetMatchesFull(int) > dim=127 PASSED
build	Build + Test	2026-10-04T13:38:24.8368302Z 
build	Build + Test	2026-10-04T13:38:24.8458313Z VectorUtilSupportTest > FloatDotProductTest > withOffsetMatchesFull(int) > dim=128 PASSED
build	Build + Test	2026-10-04T13:38:24.8487292Z 
build	Build + Test	2026-10-04T13:38:24.8548173Z VectorUtilSupportTest > FloatDotProductTest > withOffsetMatchesFull(int) > dim=129 PASSED
build	Build + Test	2026-10-04T13:38:24.8572580Z 
build	Build + Test	2026-10-04T13:38:24.8577826Z VectorUtilSupportTest > FloatDotProductTest > withOffsetMatchesFull(int) > dim=255 PASSED
build	Build + Test	2026-10-04T13:38:24.8597294Z 
build	Build + Test	2026-10-04T13:38:24.8628181Z VectorUtilSupportTest > FloatDotProductTest > withOffsetMatchesFull(int) > dim=256 PASSED
build	Build + Test	2026-10-04T13:38:24.8637207Z 
build	Build + Test	2026-10-04T13:38:24.8667967Z VectorUtilSupportTest > FloatDotProductTest > withOffsetMatchesFull(int) > dim=257 PASSED
build	Build + Test	2026-10-04T13:38:24.8780300Z 
build	Build + Test	2026-10-04T13:38:24.8826980Z VectorUtilSupportTest > FloatDotProductTest > withOffsetMatchesFull(int) > dim=300 PASSED
build	Build + Test	2026-10-04T13:38:24.8889575Z 
build	Build + Test	2026-10-04T13:38:24.8938337Z VectorUtilSupportTest > FloatDotProductTest > withOffsetMatchesFull(int) > dim=384 PASSED
build	Build + Test	2026-10-04T13:38:24.9007492Z 
build	Build + Test	2026-10-04T13:38:24.9092266Z VectorUtilSupportTest > FloatDotProductTest > withOffsetMatchesFull(int) > dim=511 PASSED
build	Build + Test	2026-10-04T13:38:24.9147292Z 
build	Build + Test	2026-10-04T13:38:24.9228135Z VectorUtilSupportTest > FloatDotProductTest > withOffsetMatchesFull(int) > dim=512 PASSED
build	Build + Test	2026-10-04T13:38:24.9287512Z 
build	Build + Test	2026-10-04T13:38:24.9375752Z VectorUtilSupportTest > FloatDotProductTest > withOffsetMatchesFull(int) > dim=513 PASSED
build	Build + Test	2026-10-04T13:38:24.9387114Z 
build	Build + Test	2026-10-04T13:38:24.9458281Z VectorUtilSupportTest > FloatDotProductTest > withOffsetMatchesFull(int) > dim=768 PASSED
build	Build + Test	2026-10-04T13:38:24.9539753Z 
build	Build + Test	2026-10-04T13:38:24.9618118Z VectorUtilSupportTest > FloatDotProductTest > withOffsetMatchesFull(int) > dim=1023 PASSED
build	Build + Test	2026-10-04T13:38:24.9627103Z 
build	Build + Test	2026-10-04T13:38:24.9798165Z VectorUtilSupportTest > FloatDotProductTest > withOffsetMatchesFull(int) > dim=1024 PASSED
build	Build + Test	2026-10-04T13:38:24.9799067Z 
build	Build + Test	2026-10-04T13:38:24.9878969Z VectorUtilSupportTest > FloatDotProductTest > withOffsetMatchesFull(int) > dim=1025 PASSED
build	Build + Test	2026-10-04T13:38:24.9932407Z 
build	Build + Test	2026-10-04T13:38:24.9988220Z VectorUtilSupportTest > FloatDotProductTest > withOffsetMatchesFull(int) > dim=1536 PASSED
build	Build + Test	2026-10-04T13:38:25.0047334Z 
build	Build + Test	2026-10-04T13:38:25.0101125Z VectorUtilTest > assembleAndSum_unsignedByteWraparound() PASSED
build	Build + Test	2026-10-04T13:38:25.0167497Z 
build	Build + Test	2026-10-04T13:38:25.0218069Z VectorUtilTest > squareDistance_knownValues() PASSED
build	Build + Test	2026-10-04T13:38:25.0267211Z 
build	Build + Test	2026-10-04T13:38:25.0327864Z VectorUtilTest > cosine_parallelVectors() PASSED
build	Build + Test	2026-10-04T13:38:25.0392841Z 
build	Build + Test	2026-10-04T13:38:25.0407793Z VectorUtilTest > addScaledInPlace_withOffsets() PASSED
build	Build + Test	2026-10-04T13:38:25.0504163Z 
build	Build + Test	2026-10-04T13:38:25.0598426Z VectorUtilTest > causalDepthwiseConv1dSilu_updatesTapMajorHistoryAndSupportsInPlaceValues() PASSED
build	Build + Test	2026-10-04T13:38:25.0627312Z 
build	Build + Test	2026-10-04T13:38:25.0657825Z VectorUtilTest > subInPlace_knownValues() PASSED
build	Build + Test	2026-10-04T13:38:25.0706323Z 
build	Build + Test	2026-10-04T13:38:25.0747974Z VectorUtilTest > cosine_memorySegment_parallelVectors() PASSED
build	Build + Test	2026-10-04T13:38:25.0748577Z 
build	Build + Test	2026-10-04T13:38:25.0748984Z VectorUtilTest > addWeightedRowsInPlace_withOffsetsAndStride() PASSED
build	Build + Test	2026-10-04T13:38:25.0749535Z 
build	Build + Test	2026-10-04T13:38:25.0749837Z VectorUtilTest > batchAssembleAndSum_matchesScalar() PASSED
build	Build + Test	2026-10-04T13:38:25.0750343Z 
build	Build + Test	2026-10-04T13:38:25.0750569Z VectorUtilTest > scale_knownValues() PASSED
build	Build + Test	2026-10-04T13:38:25.0750941Z 
build	Build + Test	2026-10-04T13:38:25.0751382Z VectorUtilTest > exactBatchDotProductSupportsOffsetsAndStridedRows() PASSED
build	Build + Test	2026-10-04T13:38:25.0751996Z 
build	Build + Test	2026-10-04T13:38:25.0752257Z VectorUtilTest > l2normalize_knownValues() PASSED
build	Build + Test	2026-10-04T13:38:25.0753063Z 
build	Build + Test	2026-10-04T13:38:25.0753392Z VectorUtilTest > dotProduct_dimensionMismatchThrows() PASSED
build	Build + Test	2026-10-04T13:38:25.0753857Z 
build	Build + Test	2026-10-04T13:38:25.0754238Z VectorUtilTest > addWeightedRowsInPlace_rejectsInvalidArguments() PASSED
build	Build + Test	2026-10-04T13:38:25.0754789Z 
build	Build + Test	2026-10-04T13:38:25.0755152Z VectorUtilTest > addScaledInPlace_rejectsInvalidArguments() PASSED
build	Build + Test	2026-10-04T13:38:25.0755681Z 
build	Build + Test	2026-10-04T13:38:25.0755974Z VectorUtilTest > assembleAndSum_knownValues() PASSED
build	Build + Test	2026-10-04T13:38:25.0756428Z 
build	Build + Test	2026-10-04T13:38:25.0757016Z VectorUtilTest > squareDistance_dimensionMismatchThrows() PASSED
build	Build + Test	2026-10-04T13:38:25.0757568Z 
build	Build + Test	2026-10-04T13:38:25.0758085Z VectorUtilTest > hammingDistance_knownValues() PASSED
build	Build + Test	2026-10-04T13:38:25.0758544Z 
build	Build + Test	2026-10-04T13:38:25.0758771Z VectorUtilTest > sum_knownValues() PASSED
build	Build + Test	2026-10-04T13:38:25.0759155Z 
build	Build + Test	2026-10-04T13:38:25.0759525Z VectorUtilTest > sigmoidAndScaledSoftplus_withOffsets() PASSED
build	Build + Test	2026-10-04T13:38:25.0807189Z 
build	Build + Test	2026-10-04T13:38:25.0848014Z VectorUtilTest > swiGlu_supportsOutputAliasingUpInput() PASSED
build	Build + Test	2026-10-04T13:38:25.0906025Z 
build	Build + Test	2026-10-04T13:38:25.0955356Z VectorUtilTest > byteDotProduct_knownValues() PASSED
build	Build + Test	2026-10-04T13:38:25.1003688Z 
build	Build + Test	2026-10-04T13:38:25.1067741Z VectorUtilTest > swiGlu_withOffsets() PASSED
build	Build + Test	2026-10-04T13:38:25.1117271Z 
build	Build + Test	2026-10-04T13:38:25.1178146Z VectorUtilTest > batchAssembleAndSum_withOffsetAndPartialCount() PASSED
build	Build + Test	2026-10-04T13:38:25.1217217Z 
build	Build + Test	2026-10-04T13:38:25.1277885Z VectorUtilTest > cosine_orthogonalVectors() PASSED
build	Build + Test	2026-10-04T13:38:25.1307192Z 
build	Build + Test	2026-10-04T13:38:25.1367872Z VectorUtilTest > addInPlace_knownValues() PASSED
build	Build + Test	2026-10-04T13:38:25.1407376Z 
build	Build + Test	2026-10-04T13:38:25.1467909Z VectorUtilTest > dotProduct_knownValues() PASSED
build	Build + Test	2026-10-04T13:38:25.1487200Z 
build	Build + Test	2026-10-04T13:38:25.1548091Z VectorUtilTest > exactBatchDotProductRejectsInvalidRangesAndAliases() PASSED
build	Build + Test	2026-10-04T13:38:25.1587402Z 
build	Build + Test	2026-10-04T13:38:25.1607982Z VectorUtilTest > sigmoidAndScaledSoftplus_remainsFiniteForLargePositiveInputs() PASSED
build	Build + Test	2026-10-04T13:38:25.1657190Z 
build	Build + Test	2026-10-04T13:38:25.1698109Z VectorUtilTest > cosine_zeroNormVector_isNaN() PASSED
build	Build + Test	2026-10-04T13:38:25.1747213Z 
build	Build + Test	2026-10-04T13:38:25.1777959Z VectorUtilTest > cosine_memorySegment_matchesArrayVersion() PASSED
build	Build + Test	2026-10-04T13:38:25.1867209Z 
build	Build + Test	2026-10-04T13:38:25.1919127Z VectorUtilTest > dotProduct_withOffset() PASSED
build	Build + Test	2026-10-04T13:38:25.1927163Z 
build	Build + Test	2026-10-04T13:38:25.2014019Z VectorizationProviderTest > panamaActiveImpliesNoSilentFallback() PASSED
build	Build + Test	2026-10-04T13:38:25.2017164Z 
build	Build + Test	2026-10-04T13:38:25.2077959Z VectorizationProviderTest > providerNameIsNotEmpty() PASSED
build	Build + Test	2026-10-04T13:38:25.2137235Z 
build	Build + Test	2026-10-04T13:38:25.2168471Z VectorizationProviderTest > toggleSummaryReportsMappedKQuantLongOffsetPropertyWithoutChangingStartupPolicy() PASSED
build	Build + Test	2026-10-04T13:38:25.2208745Z 
build	Build + Test	2026-10-04T13:38:25.2248114Z VectorizationProviderTest > toggleSummaryReportsForcedScalarProperty() PASSED
build	Build + Test	2026-10-04T13:38:25.2287744Z 
build	Build + Test	2026-10-04T13:38:25.2338128Z VectorizationProviderTest > newScalarProviderReturnsScalar() PASSED
build	Build + Test	2026-10-04T13:38:25.2397344Z 
build	Build + Test	2026-10-04T13:38:25.2448097Z VectorizationProviderTest > isPanamaEnabledReturnsBooleanWithoutCrashing() PASSED
build	Build + Test	2026-10-04T13:38:25.2481398Z 
build	Build + Test	2026-10-04T13:38:25.2545508Z VectorizationProviderTest > scalarProviderProducesCorrectResults() PASSED
build	Build + Test	2026-10-04T13:38:25.2607440Z 
build	Build + Test	2026-10-04T13:38:25.2698298Z VectorizationProviderTest > runtimeCapabilitiesExposeStructuredProviderAndExecutorFacts() PASSED
build	Build + Test	2026-10-04T13:38:25.2741624Z 
build	Build + Test	2026-10-04T13:38:25.2804222Z VectorizationProviderTest > toggleSummaryExposesProviderAndKnobs() PASSED
build	Build + Test	2026-10-04T13:38:25.2857299Z 
build	Build + Test	2026-10-04T13:38:25.2928204Z VectorizationProviderTest > isForcedScalarReflectsSystemProperty() PASSED
build	Build + Test	2026-10-04T13:38:25.2957222Z 
build	Build + Test	2026-10-04T13:38:25.2988050Z VectorizationProviderTest > instanceIsNotNull() PASSED
build	Build + Test	2026-10-04T13:38:25.3018194Z 
build	Build + Test	2026-10-04T13:38:25.3058152Z CentroidIndexTest > routeResultsSortedByAscendingDistance_euclidean() PASSED
build	Build + Test	2026-10-04T13:38:25.3068516Z 
build	Build + Test	2026-10-04T13:38:25.3080515Z CentroidIndexTest > noSpillWhenGammaIsZero() PASSED
build	Build + Test	2026-10-04T13:38:25.3127304Z 
build	Build + Test	2026-10-04T13:38:25.3133716Z CentroidIndexTest > nearestCentroidIsAlwaysFirst() PASSED
build	Build + Test	2026-10-04T13:38:25.3157415Z 
build	Build + Test	2026-10-04T13:38:25.3192496Z CentroidIndexTest > dotProductMetric_nearestByHighestDot() PASSED
build	Build + Test	2026-10-04T13:38:25.3197188Z 
build	Build + Test	2026-10-04T13:38:25.3248076Z CentroidIndexTest > cosineMetricRoutesByDirectionNotMagnitude() PASSED
build	Build + Test	2026-10-04T13:38:25.3277386Z 
build	Build + Test	2026-10-04T13:38:25.3316779Z CentroidIndexTest > routeIdsAreUniqueAndWithinRange() PASSED
build	Build + Test	2026-10-04T13:38:25.3337229Z 
build	Build + Test	2026-10-04T13:38:25.3368117Z CentroidIndexTest > soarSpillExpandsResultsBeyondNprobe() PASSED
build	Build + Test	2026-10-04T13:38:25.3377246Z 
build	Build + Test	2026-10-04T13:38:25.3408028Z CentroidIndexTest > constructorRejectsRaggedCentroids() PASSED
build	Build + Test	2026-10-04T13:38:25.3445588Z 
build	Build + Test	2026-10-04T13:38:25.3457934Z CentroidIndexTest > routeRejectsNonPositiveNprobe() PASSED
build	Build + Test	2026-10-04T13:38:25.3493145Z 
build	Build + Test	2026-10-04T13:38:25.3519185Z CentroidIndexTest > routeReturnsNprobeIds() PASSED
build	Build + Test	2026-10-04T13:38:25.3539515Z 
build	Build + Test	2026-10-04T13:38:25.3568280Z CentroidIndexTest > dotProductSpillUsesScoreSpaceBoundary() PASSED
build	Build + Test	2026-10-04T13:38:25.3606083Z 
build	Build + Test	2026-10-04T13:38:25.3607699Z CentroidIndexTest > centroidCountAndDimension() PASSED
build	Build + Test	2026-10-04T13:38:25.3667008Z 
build	Build + Test	2026-10-04T13:38:25.3698049Z CentroidIndexTest > constructorDefensivelyCopiesCentroids() PASSED
build	Build + Test	2026-10-04T13:38:25.3761688Z 
build	Build + Test	2026-10-04T13:38:25.3778999Z CentroidIndexTest > nprobeEqualToKReturnsAllCentroids() PASSED
build	Build + Test	2026-10-04T13:38:25.3862002Z 
build	Build + Test	2026-10-04T13:38:25.3874545Z KMeansTest > kEqualsOneReturnsSingleMeanCentroid() PASSED
build	Build + Test	2026-10-04T13:38:25.3948272Z 
build	Build + Test	2026-10-04T13:38:25.4038075Z KMeansTest > quantizationErrorRejectsInvalidAssignments() PASSED
build	Build + Test	2026-10-04T13:38:25.4072020Z 
build	Build + Test	2026-10-04T13:38:25.4144086Z KMeansTest > nearestCentroidAssignmentIsCorrect() PASSED
build	Build + Test	2026-10-04T13:38:25.4197366Z 
build	Build + Test	2026-10-04T13:38:25.4258161Z KMeansTest > quantizationErrorDecreasesWithMoreIterations() PASSED
build	Build + Test	2026-10-04T13:38:25.4287261Z 
build	Build + Test	2026-10-04T13:38:25.4317849Z KMeansTest > deterministicWithSameSeed() PASSED
build	Build + Test	2026-10-04T13:38:25.4377334Z 
build	Build + Test	2026-10-04T13:38:25.4438037Z KMeansTest > assignRejectsMismatchedDimensions() PASSED
build	Build + Test	2026-10-04T13:38:25.4467259Z 
build	Build + Test	2026-10-04T13:38:25.4541010Z KMeansTest > assignReturnsValidClusterIds() PASSED
build	Build + Test	2026-10-04T13:38:25.4577271Z 
build	Build + Test	2026-10-04T13:38:25.4637959Z KMeansTest > trainRejectsRaggedDataset() PASSED
build	Build + Test	2026-10-04T13:38:25.4667285Z 
build	Build + Test	2026-10-04T13:38:25.4697971Z KMeansTest > virtualThreadPathProducesSameResultAsSerial() PASSED
build	Build + Test	2026-10-04T13:38:25.4787435Z 
build	Build + Test	2026-10-04T13:38:25.4817903Z KMeansTest > trainProducesKCentroids() PASSED
build	Build + Test	2026-10-04T13:38:25.4847299Z 
build	Build + Test	2026-10-04T13:38:25.4878184Z KMeansTest > trainWithMoreClustersThanDistinctPointsReturnsFiniteCentroids() PASSED
build	Build + Test	2026-10-04T13:38:25.4957626Z 
build	Build + Test	2026-10-04T13:38:25.5028033Z KMeansTest > centroidsLieWithinDataDistribution() PASSED
build	Build + Test	2026-10-04T13:38:25.5087424Z 
build	Build + Test	2026-10-04T13:38:25.5148074Z KMeansTest > assignIsOptimal_forTrainedCentroids() PASSED
build	Build + Test	2026-10-04T13:38:25.5197410Z 
build	Build + Test	2026-10-04T13:38:25.5288326Z KMeansTest > kExceedingDatasetSizeThrows() PASSED
build	Build + Test	2026-10-04T13:38:25.5387397Z 
build	Build + Test	2026-10-04T13:38:25.5448156Z KMeansTest > eachCentroidIsClosestToAtLeastOneDataPoint() PASSED
build	Build + Test	2026-10-04T13:38:25.5493079Z 
build	Build + Test	2026-10-04T13:38:25.5567913Z KMeansTest > emptyDatasetThrows() PASSED
build	Build + Test	2026-10-04T13:38:25.5657346Z 
build	Build + Test	2026-10-04T13:38:25.5678411Z VectorUtilBatchCosineTest > batchCosine_floatArray_matchesPerRowCosine(int, int) > dim=8, count=1 PASSED
build	Build + Test	2026-10-04T13:38:25.5837403Z 
build	Build + Test	2026-10-04T13:38:25.5898476Z VectorUtilBatchCosineTest > batchCosine_floatArray_matchesPerRowCosine(int, int) > dim=8, count=3 PASSED
build	Build + Test	2026-10-04T13:38:25.5957371Z 
build	Build + Test	2026-10-04T13:38:25.6018361Z VectorUtilBatchCosineTest > batchCosine_floatArray_matchesPerRowCosine(int, int) > dim=8, count=4 PASSED
build	Build + Test	2026-10-04T13:38:25.6117425Z 
build	Build + Test	2026-10-04T13:38:25.6168421Z VectorUtilBatchCosineTest > batchCosine_floatArray_matchesPerRowCosine(int, int) > dim=8, count=7 PASSED
build	Build + Test	2026-10-04T13:38:25.6227450Z 
build	Build + Test	2026-10-04T13:38:25.6288420Z VectorUtilBatchCosineTest > batchCosine_floatArray_matchesPerRowCosine(int, int) > dim=8, count=64 PASSED
build	Build + Test	2026-10-04T13:38:25.6317269Z 
build	Build + Test	2026-10-04T13:38:25.6421207Z VectorUtilBatchCosineTest > batchCosine_floatArray_matchesPerRowCosine(int, int) > dim=64, count=1 PASSED
build	Build + Test	2026-10-04T13:38:25.6517562Z 
build	Build + Test	2026-10-04T13:38:25.6588845Z VectorUtilBatchCosineTest > batchCosine_floatArray_matchesPerRowCosine(int, int) > dim=64, count=3 PASSED
build	Build + Test	2026-10-04T13:38:25.6641784Z 
build	Build + Test	2026-10-04T13:38:25.6698423Z VectorUtilBatchCosineTest > batchCosine_floatArray_matchesPerRowCosine(int, int) > dim=64, count=4 PASSED
build	Build + Test	2026-10-04T13:38:25.6774608Z 
build	Build + Test	2026-10-04T13:38:25.6788344Z VectorUtilBatchCosineTest > batchCosine_floatArray_matchesPerRowCosine(int, int) > dim=64, count=7 PASSED
build	Build + Test	2026-10-04T13:38:25.6847355Z 
build	Build + Test	2026-10-04T13:38:25.6943385Z VectorUtilBatchCosineTest > batchCosine_floatArray_matchesPerRowCosine(int, int) > dim=64, count=64 PASSED
build	Build + Test	2026-10-04T13:38:25.7027351Z 
build	Build + Test	2026-10-04T13:38:25.7088303Z VectorUtilBatchCosineTest > batchCosine_floatArray_matchesPerRowCosine(int, int) > dim=128, count=1 PASSED
build	Build + Test	2026-10-04T13:38:25.7147460Z 
build	Build + Test	2026-10-04T13:38:25.7238414Z VectorUtilBatchCosineTest > batchCosine_floatArray_matchesPerRowCosine(int, int) > dim=128, count=3 PASSED
build	Build + Test	2026-10-04T13:38:25.7327624Z 
build	Build + Test	2026-10-04T13:38:25.7418437Z VectorUtilBatchCosineTest > batchCosine_floatArray_matchesPerRowCosine(int, int) > dim=128, count=4 PASSED
build	Build + Test	2026-10-04T13:38:25.7524837Z 
build	Build + Test	2026-10-04T13:38:25.7608388Z VectorUtilBatchCosineTest > batchCosine_floatArray_matchesPerRowCosine(int, int) > dim=128, count=7 PASSED
build	Build + Test	2026-10-04T13:38:25.7667503Z 
build	Build + Test	2026-10-04T13:38:25.7758372Z VectorUtilBatchCosineTest > batchCosine_floatArray_matchesPerRowCosine(int, int) > dim=128, count=64 PASSED
build	Build + Test	2026-10-04T13:38:25.7817289Z 
build	Build + Test	2026-10-04T13:38:25.7938372Z VectorUtilBatchCosineTest > batchCosine_floatArray_matchesPerRowCosine(int, int) > dim=768, count=1 PASSED
build	Build + Test	2026-10-04T13:38:25.8017619Z 
build	Build + Test	2026-10-04T13:38:25.8078465Z VectorUtilBatchCosineTest > batchCosine_floatArray_matchesPerRowCosine(int, int) > dim=768, count=3 PASSED
build	Build + Test	2026-10-04T13:38:25.8197374Z 
build	Build + Test	2026-10-04T13:38:25.8288383Z VectorUtilBatchCosineTest > batchCosine_floatArray_matchesPerRowCosine(int, int) > dim=768, count=4 PASSED
build	Build + Test	2026-10-04T13:38:25.8347424Z 
build	Build + Test	2026-10-04T13:38:25.8428402Z VectorUtilBatchCosineTest > batchCosine_floatArray_matchesPerRowCosine(int, int) > dim=768, count=7 PASSED
build	Build + Test	2026-10-04T13:38:25.8517333Z 
build	Build + Test	2026-10-04T13:38:25.8608425Z VectorUtilBatchCosineTest > batchCosine_floatArray_matchesPerRowCosine(int, int) > dim=768, count=64 PASSED
build	Build + Test	2026-10-04T13:38:25.8667363Z 
build	Build + Test	2026-10-04T13:38:25.8719702Z VectorUtilBatchCosineTest > batchCosine_zeroRow_matchesPerRowNaN() PASSED
build	Build + Test	2026-10-04T13:38:25.8757300Z 
build	Build + Test	2026-10-04T13:38:25.8848437Z VectorUtilBatchCosineTest > batchCosine_segments_matchPerRowCosineAndFloatArray(int, int) > dim=8, count=1 PASSED
build	Build + Test	2026-10-04T13:38:25.8898563Z 
build	Build + Test	2026-10-04T13:38:25.8968390Z VectorUtilBatchCosineTest > batchCosine_segments_matchPerRowCosineAndFloatArray(int, int) > dim=8, count=3 PASSED
build	Build + Test	2026-10-04T13:38:25.9027341Z 
build	Build + Test	2026-10-04T13:38:25.9088829Z VectorUtilBatchCosineTest > batchCosine_segments_matchPerRowCosineAndFloatArray(int, int) > dim=8, count=4 PASSED
build	Build + Test	2026-10-04T13:38:25.9147367Z 
build	Build + Test	2026-10-04T13:38:25.9208506Z VectorUtilBatchCosineTest > batchCosine_segments_matchPerRowCosineAndFloatArray(int, int) > dim=8, count=7 PASSED
build	Build + Test	2026-10-04T13:38:25.9237317Z 
build	Build + Test	2026-10-04T13:38:25.9298448Z VectorUtilBatchCosineTest > batchCosine_segments_matchPerRowCosineAndFloatArray(int, int) > dim=8, count=64 PASSED
build	Build + Test	2026-10-04T13:38:25.9327169Z 
build	Build + Test	2026-10-04T13:38:25.9388506Z VectorUtilBatchCosineTest > batchCosine_segments_matchPerRowCosineAndFloatArray(int, int) > dim=64, count=1 PASSED
build	Build + Test	2026-10-04T13:38:25.9437591Z 
build	Build + Test	2026-10-04T13:38:25.9538479Z VectorUtilBatchCosineTest > batchCosine_segments_matchPerRowCosineAndFloatArray(int, int) > dim=64, count=3 PASSED
build	Build + Test	2026-10-04T13:38:25.9597351Z 
build	Build + Test	2026-10-04T13:38:25.9688539Z VectorUtilBatchCosineTest > batchCosine_segments_matchPerRowCosineAndFloatArray(int, int) > dim=64, count=4 PASSED
build	Build + Test	2026-10-04T13:38:25.9708531Z 
build	Build + Test	2026-10-04T13:38:25.9748490Z VectorUtilBatchCosineTest > batchCosine_segments_matchPerRowCosineAndFloatArray(int, int) > dim=64, count=7 PASSED
build	Build + Test	2026-10-04T13:38:25.9837340Z 
build	Build + Test	2026-10-04T13:38:25.9898568Z VectorUtilBatchCosineTest > batchCosine_segments_matchPerRowCosineAndFloatArray(int, int) > dim=64, count=64 PASSED
build	Build + Test	2026-10-04T13:38:26.0007367Z 
build	Build + Test	2026-10-04T13:38:26.0038491Z VectorUtilBatchCosineTest > batchCosine_segments_matchPerRowCosineAndFloatArray(int, int) > dim=128, count=1 PASSED
build	Build + Test	2026-10-04T13:38:26.0067512Z 
build	Build + Test	2026-10-04T13:38:26.0128378Z VectorUtilBatchCosineTest > batchCosine_segments_matchPerRowCosineAndFloatArray(int, int) > dim=128, count=3 PASSED
build	Build + Test	2026-10-04T13:38:26.0187381Z 
build	Build + Test	2026-10-04T13:38:26.0278456Z VectorUtilBatchCosineTest > batchCosine_segments_matchPerRowCosineAndFloatArray(int, int) > dim=128, count=4 PASSED
build	Build + Test	2026-10-04T13:38:26.0337415Z 
build	Build + Test	2026-10-04T13:38:26.0368523Z VectorUtilBatchCosineTest > batchCosine_segments_matchPerRowCosineAndFloatArray(int, int) > dim=128, count=7 PASSED
build	Build + Test	2026-10-04T13:38:26.0457371Z 
build	Build + Test	2026-10-04T13:38:26.0477981Z VectorUtilBatchCosineTest > batchCosine_segments_matchPerRowCosineAndFloatArray(int, int) > dim=128, count=64 PASSED
build	Build + Test	2026-10-04T13:38:26.0594552Z 
build	Build + Test	2026-10-04T13:38:26.0668728Z VectorUtilBatchCosineTest > batchCosine_segments_matchPerRowCosineAndFloatArray(int, int) > dim=768, count=1 PASSED
build	Build + Test	2026-10-04T13:38:26.0777384Z 
build	Build + Test	2026-10-04T13:38:26.0808566Z VectorUtilBatchCosineTest > batchCosine_segments_matchPerRowCosineAndFloatArray(int, int) > dim=768, count=3 PASSED
build	Build + Test	2026-10-04T13:38:26.0897532Z 
build	Build + Test	2026-10-04T13:38:26.0958584Z VectorUtilBatchCosineTest > batchCosine_segments_matchPerRowCosineAndFloatArray(int, int) > dim=768, count=4 PASSED
build	Build + Test	2026-10-04T13:38:26.0987294Z 
build	Build + Test	2026-10-04T13:38:26.1018377Z VectorUtilBatchCosineTest > batchCosine_segments_matchPerRowCosineAndFloatArray(int, int) > dim=768, count=7 PASSED
build	Build + Test	2026-10-04T13:38:26.1077324Z 
build	Build + Test	2026-10-04T13:38:26.1108456Z VectorUtilBatchCosineTest > batchCosine_segments_matchPerRowCosineAndFloatArray(int, int) > dim=768, count=64 PASSED
build	Build + Test	2026-10-04T13:38:26.1197385Z 
build	Build + Test	2026-10-04T13:38:26.1258239Z VectorUtilBatchTest > batchDotProduct_selfDotProduct_equalsSquaredNorm() PASSED
build	Build + Test	2026-10-04T13:38:26.1259091Z 
build	Build + Test	2026-10-04T13:38:26.1318111Z VectorUtilBatchTest > batchSquaredL2_matchesScalarResults() PASSED
build	Build + Test	2026-10-04T13:38:26.1377337Z 
build	Build + Test	2026-10-04T13:38:26.1408063Z VectorUtilBatchTest > batchDotProduct_emptyMatrix_noOp() PASSED
build	Build + Test	2026-10-04T13:38:26.1490795Z 
build	Build + Test	2026-10-04T13:38:26.1548198Z VectorUtilBatchTest > batchDotProduct_matchesScalarResults() PASSED
build	Build + Test	2026-10-04T13:38:26.1607398Z 
build	Build + Test	2026-10-04T13:38:26.1668215Z VectorUtilBatchTest > batchSquaredL2RejectsInvalidArguments() PASSED
build	Build + Test	2026-10-04T13:38:26.1727372Z 
build	Build + Test	2026-10-04T13:38:26.1808565Z VectorUtilBatchTest > matVecSquaredL2_variousRowCounts_matchesScalar(int) > [1] rows=1 PASSED
build	Build + Test	2026-10-04T13:38:26.1897402Z 
build	Build + Test	2026-10-04T13:38:26.1988292Z VectorUtilBatchTest > matVecSquaredL2_variousRowCounts_matchesScalar(int) > [2] rows=3 PASSED
build	Build + Test	2026-10-04T13:38:26.2017229Z 
build	Build + Test	2026-10-04T13:38:26.2108415Z VectorUtilBatchTest > matVecSquaredL2_variousRowCounts_matchesScalar(int) > [3] rows=4 PASSED
build	Build + Test	2026-10-04T13:38:26.2237343Z 
build	Build + Test	2026-10-04T13:38:26.2359071Z VectorUtilBatchTest > matVecSquaredL2_variousRowCounts_matchesScalar(int) > [4] rows=5 PASSED
build	Build + Test	2026-10-04T13:38:26.2417325Z 
build	Build + Test	2026-10-04T13:38:26.2478285Z VectorUtilBatchTest > matVecSquaredL2_variousRowCounts_matchesScalar(int) > [5] rows=7 PASSED
build	Build + Test	2026-10-04T13:38:26.2567203Z 
build	Build + Test	2026-10-04T13:38:26.2708476Z VectorUtilBatchTest > matVecSquaredL2_variousRowCounts_matchesScalar(int) > [6] rows=8 PASSED
build	Build + Test	2026-10-04T13:38:26.2747226Z 
build	Build + Test	2026-10-04T13:38:26.2898212Z VectorUtilBatchTest > matVecSquaredL2_variousRowCounts_matchesScalar(int) > [7] rows=32 PASSED
build	Build + Test	2026-10-04T13:38:26.2927164Z 
build	Build + Test	2026-10-04T13:38:26.2927671Z VectorUtilBatchTest > batchSquaredL2_sameVector_isZero() PASSED
build	Build + Test	2026-10-04T13:38:26.2928217Z 
build	Build + Test	2026-10-04T13:38:26.2928619Z VectorUtilBatchTest > rowMajorBatchDotProduct_emptyMatrix_noOp() PASSED
build	Build + Test	2026-10-04T13:38:26.2929223Z 
build	Build + Test	2026-10-04T13:38:26.2929637Z VectorUtilBatchTest > batchDotProductRejectsInvalidArguments() PASSED
build	Build + Test	2026-10-04T13:38:26.2930698Z 
build	Build + Test	2026-10-04T13:38:26.2931275Z VectorUtilBatchTest > matVecDot_partialSecondGroup_matchesScalar(int) > [1] rows=5 PASSED
build	Build + Test	2026-10-04T13:38:26.3017290Z 
build	Build + Test	2026-10-04T13:38:26.3108370Z VectorUtilBatchTest > matVecDot_partialSecondGroup_matchesScalar(int) > [2] rows=6 PASSED
build	Build + Test	2026-10-04T13:38:26.3217245Z 
build	Build + Test	2026-10-04T13:38:26.3248093Z VectorUtilBatchTest > matVecDot_partialSecondGroup_matchesScalar(int) > [3] rows=7 PASSED
build	Build + Test	2026-10-04T13:38:26.3367400Z 
build	Build + Test	2026-10-04T13:38:26.3417734Z VectorUtilBatchTest > matVecDot_tailOnly_matchesScalar(int) > [1] rows=1 PASSED
build	Build + Test	2026-10-04T13:38:26.3496321Z 
build	Build + Test	2026-10-04T13:38:26.3528051Z VectorUtilBatchTest > matVecDot_tailOnly_matchesScalar(int) > [2] rows=2 PASSED
build	Build + Test	2026-10-04T13:38:26.3607241Z 
build	Build + Test	2026-10-04T13:38:26.3698124Z VectorUtilBatchTest > matVecDot_tailOnly_matchesScalar(int) > [3] rows=3 PASSED
build	Build + Test	2026-10-04T13:38:26.3817246Z 
build	Build + Test	2026-10-04T13:38:26.3868159Z VectorUtilBatchTest > rowMajorBatchDotProduct_matchesMatrixRows() PASSED
build	Build + Test	2026-10-04T13:38:26.3927232Z 
build	Build + Test	2026-10-04T13:38:26.3958122Z VectorUtilBatchTest > matVecDot_oddDimension_matchesScalar(int) > [1] dim=1 PASSED
build	Build + Test	2026-10-04T13:38:26.4107268Z 
build	Build + Test	2026-10-04T13:38:26.4229099Z VectorUtilBatchTest > matVecDot_oddDimension_matchesScalar(int) > [2] dim=3 PASSED
build	Build + Test	2026-10-04T13:38:26.4337690Z 
build	Build + Test	2026-10-04T13:38:26.4490944Z VectorUtilBatchTest > matVecDot_oddDimension_matchesScalar(int) > [3] dim=5 PASSED
build	Build + Test	2026-10-04T13:38:26.4659436Z 
build	Build + Test	2026-10-04T13:38:26.4688250Z VectorUtilBatchTest > matVecDot_oddDimension_matchesScalar(int) > [4] dim=17 PASSED
build	Build + Test	2026-10-04T13:38:26.4737233Z 
build	Build + Test	2026-10-04T13:38:26.4768396Z VectorUtilBatchTest > matVecDot_oddDimension_matchesScalar(int) > [5] dim=33 PASSED
build	Build + Test	2026-10-04T13:38:26.4797296Z 
build	Build + Test	2026-10-04T13:38:26.4828050Z VectorUtilBatchTest > matVecDot_oddDimension_matchesScalar(int) > [6] dim=129 PASSED
build	Build + Test	2026-10-04T13:38:26.4887272Z 
build	Build + Test	2026-10-04T13:38:26.4918349Z VectorUtilBatchTest > matVecDot_oddDimension_matchesScalar(int) > [7] dim=257 PASSED
build	Build + Test	2026-10-04T13:38:26.4947479Z 
build	Build + Test	2026-10-04T13:38:26.4990521Z VectorUtilBatchTest > matVecDot_largeK_noTail() PASSED
build	Build + Test	2026-10-04T13:38:26.5057328Z 
build	Build + Test	2026-10-04T13:38:26.5088338Z VectorUtilSegmentBatchTest > batchDotProduct_segments_oddDimension_matchesScalar(int) > [1] dim=1 PASSED
build	Build + Test	2026-10-04T13:38:26.5147809Z 
build	Build + Test	2026-10-04T13:38:26.5172280Z VectorUtilSegmentBatchTest > batchDotProduct_segments_oddDimension_matchesScalar(int) > [2] dim=3 PASSED
build	Build + Test	2026-10-04T13:38:26.5224952Z 
build	Build + Test	2026-10-04T13:38:26.5328617Z VectorUtilSegmentBatchTest > batchDotProduct_segments_oddDimension_matchesScalar(int) > [3] dim=5 PASSED
build	Build + Test	2026-10-04T13:38:26.5398713Z 
build	Build + Test	2026-10-04T13:38:26.5492094Z VectorUtilSegmentBatchTest > batchDotProduct_segments_oddDimension_matchesScalar(int) > [4] dim=17 PASSED
build	Build + Test	2026-10-04T13:38:26.5627364Z 
build	Build + Test	2026-10-04T13:38:26.5708420Z VectorUtilSegmentBatchTest > batchDotProduct_segments_oddDimension_matchesScalar(int) > [5] dim=33 PASSED
build	Build + Test	2026-10-04T13:38:26.5767571Z 
build	Build + Test	2026-10-04T13:38:26.5798335Z VectorUtilSegmentBatchTest > batchDotProduct_segments_oddDimension_matchesScalar(int) > [6] dim=129 PASSED
build	Build + Test	2026-10-04T13:38:26.5877621Z 
build	Build + Test	2026-10-04T13:38:26.5948473Z VectorUtilSegmentBatchTest > batchDotProduct_segments_oddDimension_matchesScalar(int) > [7] dim=257 PASSED
build	Build + Test	2026-10-04T13:38:26.6067378Z 
build	Build + Test	2026-10-04T13:38:26.6148121Z VectorUtilSegmentBatchTest > validatesArguments() PASSED
build	Build + Test	2026-10-04T13:38:26.6227372Z 
build	Build + Test	2026-10-04T13:38:26.6288455Z VectorUtilSegmentBatchTest > batchDotProduct_segments_matchFloatArrayAndScalar(int, int) > dim=8, count=1 PASSED
build	Build + Test	2026-10-04T13:38:26.6317347Z 
build	Build + Test	2026-10-04T13:38:26.6397816Z VectorUtilSegmentBatchTest > batchDotProduct_segments_matchFloatArrayAndScalar(int, int) > dim=8, count=3 PASSED
build	Build + Test	2026-10-04T13:38:26.6467536Z 
build	Build + Test	2026-10-04T13:38:26.6578472Z VectorUtilSegmentBatchTest > batchDotProduct_segments_matchFloatArrayAndScalar(int, int) > dim=8, count=4 PASSED
build	Build + Test	2026-10-04T13:38:26.6618795Z 
build	Build + Test	2026-10-04T13:38:26.6698361Z VectorUtilSegmentBatchTest > batchDotProduct_segments_matchFloatArrayAndScalar(int, int) > dim=8, count=7 PASSED
build	Build + Test	2026-10-04T13:38:26.6777388Z 
build	Build + Test	2026-10-04T13:38:26.6825870Z VectorUtilSegmentBatchTest > batchDotProduct_segments_matchFloatArrayAndScalar(int, int) > dim=8, count=64 PASSED
build	Build + Test	2026-10-04T13:38:26.6904061Z 
build	Build + Test	2026-10-04T13:38:26.6968553Z VectorUtilSegmentBatchTest > batchDotProduct_segments_matchFloatArrayAndScalar(int, int) > dim=64, count=1 PASSED
build	Build + Test	2026-10-04T13:38:26.7040594Z 
build	Build + Test	2026-10-04T13:38:26.7108756Z VectorUtilSegmentBatchTest > batchDotProduct_segments_matchFloatArrayAndScalar(int, int) > dim=64, count=3 PASSED
build	Build + Test	2026-10-04T13:38:26.7197376Z 
build	Build + Test	2026-10-04T13:38:26.7238358Z VectorUtilSegmentBatchTest > batchDotProduct_segments_matchFloatArrayAndScalar(int, int) > dim=64, count=4 PASSED
build	Build + Test	2026-10-04T13:38:26.7305145Z 
build	Build + Test	2026-10-04T13:38:26.7367824Z VectorUtilSegmentBatchTest > batchDotProduct_segments_matchFloatArrayAndScalar(int, int) > dim=64, count=7 PASSED
build	Build + Test	2026-10-04T13:38:26.7457363Z 
build	Build + Test	2026-10-04T13:38:26.7478552Z VectorUtilSegmentBatchTest > batchDotProduct_segments_matchFloatArrayAndScalar(int, int) > dim=64, count=64 PASSED
build	Build + Test	2026-10-04T13:38:26.7547301Z 
build	Build + Test	2026-10-04T13:38:26.7579729Z VectorUtilSegmentBatchTest > batchDotProduct_segments_matchFloatArrayAndScalar(int, int) > dim=128, count=1 PASSED
build	Build + Test	2026-10-04T13:38:26.7607260Z 
build	Build + Test	2026-10-04T13:38:26.7698555Z VectorUtilSegmentBatchTest > batchDotProduct_segments_matchFloatArrayAndScalar(int, int) > dim=128, count=3 PASSED
build	Build + Test	2026-10-04T13:38:26.7790527Z 
build	Build + Test	2026-10-04T13:38:26.7869753Z VectorUtilSegmentBatchTest > batchDotProduct_segments_matchFloatArrayAndScalar(int, int) > dim=128, count=4 PASSED
build	Build + Test	2026-10-04T13:38:26.7937264Z 
build	Build + Test	2026-10-04T13:38:26.8029031Z VectorUtilSegmentBatchTest > batchDotProduct_segments_matchFloatArrayAndScalar(int, int) > dim=128, count=7 PASSED
build	Build + Test	2026-10-04T13:38:26.8094575Z 
build	Build + Test	2026-10-04T13:38:26.8168500Z VectorUtilSegmentBatchTest > batchDotProduct_segments_matchFloatArrayAndScalar(int, int) > dim=128, count=64 PASSED
build	Build + Test	2026-10-04T13:38:26.8277371Z 
build	Build + Test	2026-10-04T13:38:26.8338329Z VectorUtilSegmentBatchTest > batchDotProduct_segments_matchFloatArrayAndScalar(int, int) > dim=768, count=1 PASSED
build	Build + Test	2026-10-04T13:38:26.8417310Z 
build	Build + Test	2026-10-04T13:38:26.8478244Z VectorUtilSegmentBatchTest > batchDotProduct_segments_matchFloatArrayAndScalar(int, int) > dim=768, count=3 PASSED
build	Build + Test	2026-10-04T13:38:26.8572220Z 
build	Build + Test	2026-10-04T13:38:26.8638434Z VectorUtilSegmentBatchTest > batchDotProduct_segments_matchFloatArrayAndScalar(int, int) > dim=768, count=4 PASSED
build	Build + Test	2026-10-04T13:38:26.8727638Z 
build	Build + Test	2026-10-04T13:38:26.8768435Z VectorUtilSegmentBatchTest > batchDotProduct_segments_matchFloatArrayAndScalar(int, int) > dim=768, count=7 PASSED
build	Build + Test	2026-10-04T13:38:26.8907364Z 
build	Build + Test	2026-10-04T13:38:26.9028527Z VectorUtilSegmentBatchTest > batchDotProduct_segments_matchFloatArrayAndScalar(int, int) > dim=768, count=64 PASSED
build	Build + Test	2026-10-04T13:38:26.9077257Z 
build	Build + Test	2026-10-04T13:38:26.9158473Z VectorUtilSegmentBatchTest > batchSquaredL2_segments_matchFloatArrayAndScalar(int, int) > dim=8, count=1 PASSED
build	Build + Test	2026-10-04T13:38:26.9159499Z 
build	Build + Test	2026-10-04T13:38:26.9160238Z VectorUtilSegmentBatchTest > batchSquaredL2_segments_matchFloatArrayAndScalar(int, int) > dim=8, count=3 PASSED
build	Build + Test	2026-10-04T13:38:26.9161193Z 
build	Build + Test	2026-10-04T13:38:26.9161925Z VectorUtilSegmentBatchTest > batchSquaredL2_segments_matchFloatArrayAndScalar(int, int) > dim=8, count=4 PASSED
build	Build + Test	2026-10-04T13:38:26.9162819Z 
build	Build + Test	2026-10-04T13:38:26.9163560Z VectorUtilSegmentBatchTest > batchSquaredL2_segments_matchFloatArrayAndScalar(int, int) > dim=8, count=7 PASSED
build	Build + Test	2026-10-04T13:38:26.9164486Z 
build	Build + Test	2026-10-04T13:38:26.9165220Z VectorUtilSegmentBatchTest > batchSquaredL2_segments_matchFloatArrayAndScalar(int, int) > dim=8, count=64 PASSED
build	Build + Test	2026-10-04T13:38:26.9166138Z 
build	Build + Test	2026-10-04T13:38:26.9167166Z VectorUtilSegmentBatchTest > batchSquaredL2_segments_matchFloatArrayAndScalar(int, int) > dim=64, count=1 PASSED
build	Build + Test	2026-10-04T13:38:26.9167967Z 
build	Build + Test	2026-10-04T13:38:26.9168634Z VectorUtilSegmentBatchTest > batchSquaredL2_segments_matchFloatArrayAndScalar(int, int) > dim=64, count=3 PASSED
build	Build + Test	2026-10-04T13:38:26.9169513Z 
build	Build + Test	2026-10-04T13:38:26.9170216Z VectorUtilSegmentBatchTest > batchSquaredL2_segments_matchFloatArrayAndScalar(int, int) > dim=64, count=4 PASSED
build	Build + Test	2026-10-04T13:38:26.9171425Z 
build	Build + Test	2026-10-04T13:38:26.9172080Z VectorUtilSegmentBatchTest > batchSquaredL2_segments_matchFloatArrayAndScalar(int, int) > dim=64, count=7 PASSED
build	Build + Test	2026-10-04T13:38:26.9172978Z 
build	Build + Test	2026-10-04T13:38:26.9173709Z VectorUtilSegmentBatchTest > batchSquaredL2_segments_matchFloatArrayAndScalar(int, int) > dim=64, count=64 PASSED
build	Build + Test	2026-10-04T13:38:26.9174540Z 
build	Build + Test	2026-10-04T13:38:26.9175239Z VectorUtilSegmentBatchTest > batchSquaredL2_segments_matchFloatArrayAndScalar(int, int) > dim=128, count=1 PASSED
build	Build + Test	2026-10-04T13:38:26.9176138Z 
build	Build + Test	2026-10-04T13:38:26.9177303Z VectorUtilSegmentBatchTest > batchSquaredL2_segments_matchFloatArrayAndScalar(int, int) > dim=128, count=3 PASSED
build	Build + Test	2026-10-04T13:38:26.9178241Z 
build	Build + Test	2026-10-04T13:38:26.9178898Z VectorUtilSegmentBatchTest > batchSquaredL2_segments_matchFloatArrayAndScalar(int, int) > dim=128, count=4 PASSED
build	Build + Test	2026-10-04T13:38:26.9179855Z 
build	Build + Test	2026-10-04T13:38:26.9180568Z VectorUtilSegmentBatchTest > batchSquaredL2_segments_matchFloatArrayAndScalar(int, int) > dim=128, count=7 PASSED
build	Build + Test	2026-10-04T13:38:26.9181483Z 
build	Build + Test	2026-10-04T13:38:26.9182180Z VectorUtilSegmentBatchTest > batchSquaredL2_segments_matchFloatArrayAndScalar(int, int) > dim=128, count=64 PASSED
build	Build + Test	2026-10-04T13:38:26.9183097Z 
build	Build + Test	2026-10-04T13:38:26.9183789Z VectorUtilSegmentBatchTest > batchSquaredL2_segments_matchFloatArrayAndScalar(int, int) > dim=768, count=1 PASSED
build	Build + Test	2026-10-04T13:38:26.9184649Z 
build	Build + Test	2026-10-04T13:38:26.9185310Z VectorUtilSegmentBatchTest > batchSquaredL2_segments_matchFloatArrayAndScalar(int, int) > dim=768, count=3 PASSED
build	Build + Test	2026-10-04T13:38:26.9247611Z 
build	Build + Test	2026-10-04T13:38:26.9248624Z VectorUtilSegmentBatchTest > batchSquaredL2_segments_matchFloatArrayAndScalar(int, int) > dim=768, count=4 PASSED
build	Build + Test	2026-10-04T13:38:26.9249541Z 
build	Build + Test	2026-10-04T13:38:26.9250243Z VectorUtilSegmentBatchTest > batchSquaredL2_segments_matchFloatArrayAndScalar(int, int) > dim=768, count=7 PASSED
build	Build + Test	2026-10-04T13:38:26.9251073Z 
build	Build + Test	2026-10-04T13:38:26.9251740Z VectorUtilSegmentBatchTest > batchSquaredL2_segments_matchFloatArrayAndScalar(int, int) > dim=768, count=64 PASSED
build	Build + Test	2026-10-04T13:38:26.9252671Z 
build	Build + Test	2026-10-04T13:38:26.9252996Z VectorUtilSegmentBatchTest > zeroCount_isNoOp() PASSED
build	Build + Test	2026-10-04T13:38:27.0492436Z warning: [incubating] using incubating module(s): jdk.incubator.vector
build	Build + Test	2026-10-04T13:38:27.0517030Z 
build	Build + Test	2026-10-04T13:38:27.0598272Z warning: [incubating] using incubating module(s): jdk.incubator.vector
build	Build + Test	2026-10-04T13:38:27.0637690Z > Task :vectors-optimizer:javadoc
build	Build + Test	2026-10-04T13:38:27.0668192Z 2 warnings
build	Build + Test	2026-10-04T13:38:27.6515693Z 
build	Build + Test	2026-10-04T13:38:27.6597913Z > Task :vectors-core:jacocoTestCoverageVerification
build	Build + Test	2026-10-04T13:38:27.9558826Z > Task :vectors-core:spotbugsTest SKIPPED
build	Build + Test	2026-10-04T13:38:28.2507795Z > Task :vectors-langchain4j:spotbugsMain
build	Build + Test	2026-10-04T13:38:28.2538596Z > Task :vectors-langchain4j:check
build	Build + Test	2026-10-04T13:38:28.2638913Z > Task :vectors-langchain4j:build
build	Build + Test	2026-10-04T13:38:28.2697729Z > Task :vectors-router:classes
build	Build + Test	2026-10-04T13:38:28.2736083Z > Task :vectors-router:jar
build	Build + Test	2026-10-04T13:38:28.4547808Z > Task :vectors-optimizer:javadocJar
build	Build + Test	2026-10-04T13:38:28.4627879Z > Task :vectors-optimizer:assemble
build	Build + Test	2026-10-04T13:38:31.1538196Z warning: [incubating] using incubating module(s): jdk.incubator.vector
build	Build + Test	2026-10-04T13:38:31.1538875Z 
build	Build + Test	2026-10-04T13:38:31.1648068Z > Task :vectors-quantization:javadoc
build	Build + Test	2026-10-04T13:38:31.2491772Z warning: [incubating] using incubating module(s): jdk.incubator.vector
build	Build + Test	2026-10-04T13:38:37.0527833Z 2 warnings
build	Build + Test	2026-10-04T13:38:39.5494847Z 
build	Build + Test	2026-10-04T13:38:39.5548201Z > Task :vectors-optimizer:compileTestJava
build	Build + Test	2026-10-04T13:38:39.5626643Z > Task :vectors-optimizer:testClasses
build	Build + Test	2026-10-04T13:38:39.5687761Z > Task :vectors-optimizer:spotbugsTest SKIPPED
build	Build + Test	2026-10-04T13:38:41.5527912Z WARNING: Using incubator modules: jdk.incubator.vector
build	Build + Test	2026-10-04T13:38:41.5528506Z 
build	Build + Test	2026-10-04T13:38:41.5587756Z > Task :vectors-optimizer:test
build	Build + Test	2026-10-04T13:38:45.9557332Z 
build	Build + Test	2026-10-04T13:38:45.9568185Z MetadataQrelsDeriverTest > derivesFromOneShotIterable() PASSED
build	Build + Test	2026-10-04T13:38:45.9627413Z 
build	Build + Test	2026-10-04T13:38:45.9718163Z MetadataQrelsDeriverTest > derivesFromMetadataValueStr() PASSED
build	Build + Test	2026-10-04T13:38:45.9747314Z 
build	Build + Test	2026-10-04T13:38:45.9838161Z MetadataQrelsDeriverTest > derivesFromMetadataValueTags() PASSED
build	Build + Test	2026-10-04T13:38:45.9897445Z 
build	Build + Test	2026-10-04T13:38:45.9949974Z MetadataQrelsDeriverTest > reportsDistinctLabels() PASSED
build	Build + Test	2026-10-04T13:38:46.0027500Z 
build	Build + Test	2026-10-04T13:38:46.0088243Z MetadataQrelsDeriverTest > failsFastWhenLabelCoverageLow() PASSED
build	Build + Test	2026-10-04T13:38:48.2527523Z 
build	Build + Test	2026-10-04T13:38:48.2587930Z QrelsLoaderTest > loadsTrecStyleJson(Path) PASSED
build	Build + Test	2026-10-04T13:38:48.2649051Z 
build	Build + Test	2026-10-04T13:38:48.2708115Z QrelsLoaderTest > rejectsNegativeRelevance() PASSED
build	Build + Test	2026-10-04T13:38:48.3517453Z 
build	Build + Test	2026-10-04T13:38:48.3587042Z MetricsTest > f1IsHarmonicMean() PASSED
build	Build + Test	2026-10-04T13:38:48.3667484Z 
build	Build + Test	2026-10-04T13:38:48.3724392Z MetricsTest > recallAtKHandlesEmptyRun() PASSED
build	Build + Test	2026-10-04T13:38:48.3787568Z 
build	Build + Test	2026-10-04T13:38:48.3848274Z MetricsTest > queriesWithoutPositiveJudgementsAreSkipped() PASSED
build	Build + Test	2026-10-04T13:38:48.3907518Z 
build	Build + Test	2026-10-04T13:38:48.3958983Z MetricsTest > ndcgAtKMatchesKnownValue() PASSED
build	Build + Test	2026-10-04T13:38:48.3967446Z 
build	Build + Test	2026-10-04T13:38:48.4048186Z MetricsTest > mrrTakesFirstRelevantRank() PASSED
build	Build + Test	2026-10-04T13:38:48.4117333Z 
build	Build + Test	2026-10-04T13:38:48.4146626Z MetricsTest > precisionAtKDividesByK() PASSED
build	Build + Test	2026-10-04T13:38:48.4222069Z 
build	Build + Test	2026-10-04T13:38:48.4308178Z ObjectiveTest > scoreIsZeroWhenAllWeightsZero() PASSED
build	Build + Test	2026-10-04T13:38:48.4347257Z 
build	Build + Test	2026-10-04T13:38:48.4424481Z ObjectiveTest > scoreSubtractsMinimizedAxes() PASSED
build	Build + Test	2026-10-04T13:38:48.4491137Z 
build	Build + Test	2026-10-04T13:38:48.4594260Z ObjectiveTest > rejectsNegativeWeights() PASSED
build	Build + Test	2026-10-04T13:38:48.4628809Z 
build	Build + Test	2026-10-04T13:38:48.4718002Z ObjectiveTest > scoreNormalizesLatencyToReference() PASSED
build	Build + Test	2026-10-04T13:38:49.4504640Z 
build	Build + Test	2026-10-04T13:38:49.4558445Z StudyStoreTest > flushDurableForcesExistingTrialFile(Path) PASSED
build	Build + Test	2026-10-04T13:38:49.9507459Z 
build	Build + Test	2026-10-04T13:38:49.9588426Z StudyStoreTest > concurrentAppendsSerialised(Path) PASSED
build	Build + Test	2026-10-04T13:38:49.9657263Z 
build	Build + Test	2026-10-04T13:38:49.9708941Z StudyStoreTest > appendsAndReadsJsonLines(Path) PASSED
build	Build + Test	2026-10-04T13:38:50.0537523Z 
build	Build + Test	2026-10-04T13:38:50.0602193Z StudyStoreTest > flushDurableMissingStudyIsNoOp(Path) PASSED
build	Build + Test	2026-10-04T13:38:50.0657371Z 
build	Build + Test	2026-10-04T13:38:50.0718213Z StudyStoreTest > writeMetaSidecar(Path) PASSED
build	Build + Test	2026-10-04T13:38:50.1491034Z 
build	Build + Test	2026-10-04T13:38:50.1518496Z StudyStoreTest > survivesProcessRestart(Path) PASSED
build	Build + Test	2026-10-04T13:38:50.1607391Z 
build	Build + Test	2026-10-04T13:38:50.1677914Z GridSamplerTest > throwsWhenExhausted() PASSED
build	Build + Test	2026-10-04T13:38:50.1736425Z 
build	Build + Test	2026-10-04T13:38:50.1788075Z GridSamplerTest > rejectsContinuousAxis() PASSED
build	Build + Test	2026-10-04T13:38:50.1877253Z 
build	Build + Test	2026-10-04T13:38:50.1887945Z GridSamplerTest > enumeratesCartesianProductInOrder() PASSED
build	Build + Test	2026-10-04T13:38:50.2535131Z 
build	Build + Test	2026-10-04T13:38:50.2609041Z GridSamplerTest > logScaleIntRangeEnumeratesDistinctValuesWithoutDuplicates() PASSED
build	Build + Test	2026-10-04T13:38:50.2657008Z 
build	Build + Test	2026-10-04T13:38:50.2727862Z RandomSamplerTest > seedYieldsDeterministicSequence() PASSED
build	Build + Test	2026-10-04T13:38:50.3507272Z 
build	Build + Test	2026-10-04T13:38:50.3567910Z RandomSamplerTest > logScaleRangesProduceLogUniform() PASSED
build	Build + Test	2026-10-04T13:38:50.3597488Z 
build	Build + Test	2026-10-04T13:38:50.3658124Z RandomSamplerTest > convergesOnSyntheticQuadratic() PASSED
build	Build + Test	2026-10-04T13:38:50.3687508Z 
build	Build + Test	2026-10-04T13:38:50.3747942Z RandomSamplerTest > respectsBounds() PASSED
build	Build + Test	2026-10-04T13:38:50.4497225Z 
build	Build + Test	2026-10-04T13:38:50.4578295Z TpeSamplerTest > numericallyStableWithDuplicateObservations() PASSED
build	Build + Test	2026-10-04T13:38:55.6497239Z 
build	Build + Test	2026-10-04T13:38:55.6617760Z > Task :vectors-optimizer:spotbugsMain
build	Build + Test	2026-10-04T13:38:55.9537845Z > Task :vectors-quantization:javadocJar
build	Build + Test	2026-10-04T13:38:55.9597746Z > Task :vectors-quantization:assemble
build	Build + Test	2026-10-04T13:38:57.6491440Z > Task :vectors-core:spotbugsMain
build	Build + Test	2026-10-04T13:38:58.1514900Z > Task :vectors-quantization:compileTestJava
build	Build + Test	2026-10-04T13:38:58.1610707Z > Task :vectors-quantization:testClasses
build	Build + Test	2026-10-04T13:39:00.1547913Z WARNING: Using incubator modules: jdk.incubator.vector
build	Build + Test	2026-10-04T13:39:00.1549100Z 
build	Build + Test	2026-10-04T13:39:00.1565690Z > Task :vectors-quantization:test
build	Build + Test	2026-10-04T13:39:02.5493795Z 
build	Build + Test	2026-10-04T13:39:02.5588212Z BinaryQuantizerTest > BitPacking > packBits_allPositive_allOnes() PASSED
build	Build + Test	2026-10-04T13:39:02.6491242Z 
build	Build + Test	2026-10-04T13:39:02.6508460Z BinaryQuantizerTest > BitPacking > bytesToLongs_roundTrip() PASSED
build	Build + Test	2026-10-04T13:39:02.6562559Z 
build	Build + Test	2026-10-04T13:39:02.6612320Z BinaryQuantizerTest > BitPacking > packBits_allNegative_allZeros() PASSED
build	Build + Test	2026-10-04T13:39:02.6667313Z 
build	Build + Test	2026-10-04T13:39:02.6677992Z BinaryQuantizerTest > BitPacking > packBits_dimensionNotMultipleOf64_handlesTail() PASSED
build	Build + Test	2026-10-04T13:39:03.1507290Z 
build	Build + Test	2026-10-04T13:39:03.1534221Z BinaryQuantizerTest > BbqScoring > bbqRankCorrelation(SimilarityFunction) > [1] simFunc=EUCLIDEAN PASSED
build	Build + Test	2026-10-04T13:39:03.2537259Z 
build	Build + Test	2026-10-04T13:39:03.2593749Z BinaryQuantizerTest > BbqScoring > bbqRankCorrelation(SimilarityFunction) > [2] simFunc=DOT_PRODUCT PASSED
build	Build + Test	2026-10-04T13:39:03.3537356Z 
build	Build + Test	2026-10-04T13:39:03.3548402Z BinaryQuantizerTest > BbqScoring > bbqRankCorrelation(SimilarityFunction) > [3] simFunc=COSINE PASSED
build	Build + Test	2026-10-04T13:39:03.3597247Z 
build	Build + Test	2026-10-04T13:39:03.3646543Z BinaryQuantizerTest > BbqScoring > bbqRankCorrelation(SimilarityFunction) > [4] simFunc=MAXIMUM_INNER_PRODUCT PASSED
build	Build + Test	2026-10-04T13:39:03.3709256Z 
build	Build + Test	2026-10-04T13:39:03.3738157Z BinaryQuantizerTest > BbqScoring > bbqScore_betterThanSimpleBq_onRandomData() PASSED
build	Build + Test	2026-10-04T13:39:03.3781742Z 
build	Build + Test	2026-10-04T13:39:03.3829444Z BinaryQuantizerTest > BbqScoring > bitPlaneExtraction_correctness() PASSED
build	Build + Test	2026-10-04T13:39:03.3857604Z 
build	Build + Test	2026-10-04T13:39:03.3938118Z BinaryQuantizerTest > BbqScoring > asymmetricDot_matchesNaiveComputation() PASSED
build	Build + Test	2026-10-04T13:39:03.3967185Z 
build	Build + Test	2026-10-04T13:39:03.4010756Z BinaryQuantizerTest > SignBitScoring > hammingDistance_identicalVectors_scoreIsOne() PASSED
build	Build + Test	2026-10-04T13:39:03.4511928Z 
build	Build + Test	2026-10-04T13:39:03.4538464Z BinaryQuantizerTest > SignBitScoring > rankCorrelatesWithTrueScore(SimilarityFunction) > [1] simFunc=EUCLIDEAN PASSED
build	Build + Test	2026-10-04T13:39:03.4573715Z 
build	Build + Test	2026-10-04T13:39:03.4621252Z BinaryQuantizerTest > SignBitScoring > rankCorrelatesWithTrueScore(SimilarityFunction) > [2] simFunc=DOT_PRODUCT PASSED
build	Build + Test	2026-10-04T13:39:03.4679609Z 
build	Build + Test	2026-10-04T13:39:03.4738738Z BinaryQuantizerTest > SignBitScoring > rankCorrelatesWithTrueScore(SimilarityFunction) > [3] simFunc=COSINE PASSED
build	Build + Test	2026-10-04T13:39:03.4767334Z 
build	Build + Test	2026-10-04T13:39:03.4808540Z BinaryQuantizerTest > SignBitScoring > rankCorrelatesWithTrueScore(SimilarityFunction) > [4] simFunc=MAXIMUM_INNER_PRODUCT PASSED
build	Build + Test	2026-10-04T13:39:03.4892029Z 
build	Build + Test	2026-10-04T13:39:03.4913826Z BinaryQuantizerTest > SignBitScoring > hammingDistance_oppositeVectors_scoreIsZero() PASSED
build	Build + Test	2026-10-04T13:39:03.4937330Z 
build	Build + Test	2026-10-04T13:39:03.4967953Z BinaryQuantizerTest > SignBitScoring > hammingDistance_orthogonalVectors_scoreIsHalf() PASSED
build	Build + Test	2026-10-04T13:39:03.4991187Z 
build	Build + Test	2026-10-04T13:39:03.5017883Z BinaryQuantizerTest > BbqEncoding > bbqEncoding_centroidIsDatasetMean() PASSED
build	Build + Test	2026-10-04T13:39:03.5027108Z 
build	Build + Test	2026-10-04T13:39:03.5047864Z BinaryQuantizerTest > BbqEncoding > bbqEncoding_centersBeforeSignBit() PASSED
build	Build + Test	2026-10-04T13:39:03.5077263Z 
build	Build + Test	2026-10-04T13:39:03.5107824Z BinaryQuantizerTest > BbqEncoding > encode_reusedDstBuffer_doesNotCorruptBits() PASSED
build	Build + Test	2026-10-04T13:39:03.5142731Z 
build	Build + Test	2026-10-04T13:39:03.5193867Z BinaryQuantizerTest > BbqEncoding > bbqCorrections_widthIsMaxMinusMinCenteredComponent() PASSED
build	Build + Test	2026-10-04T13:39:03.5238676Z 
build	Build + Test	2026-10-04T13:39:03.5294923Z BinaryQuantizerTest > BbqEncoding > compressionRatio_bbq_accountsForCorrectionBytes() PASSED
build	Build + Test	2026-10-04T13:39:03.5357174Z 
build	Build + Test	2026-10-04T13:39:03.5358134Z BinaryQuantizerTest > BbqEncoding > bbqCorrections_vlIsMinCenteredComponent() PASSED
build	Build + Test	2026-10-04T13:39:03.5417233Z 
build	Build + Test	2026-10-04T13:39:03.5468085Z BinaryQuantizerTest > BbqEncoding > bbqDecode_addsBackCentroid() PASSED
build	Build + Test	2026-10-04T13:39:03.5517198Z 
build	Build + Test	2026-10-04T13:39:03.5547989Z BinaryQuantizerTest > BbqEncoding > bbqCorrections_distToCEqualsSquaredNorm() PASSED
build	Build + Test	2026-10-04T13:39:03.5607390Z 
build	Build + Test	2026-10-04T13:39:03.5638534Z BinaryQuantizerTest > SignBitEncoding > signBitEncoding_zeroBecomesOne() PASSED
build	Build + Test	2026-10-04T13:39:03.5697756Z 
build	Build + Test	2026-10-04T13:39:03.5758369Z BinaryQuantizerTest > SignBitEncoding > signBitEncoding_positivesBecome1_negativesBecome0() PASSED
build	Build + Test	2026-10-04T13:39:03.5759617Z 
build	Build + Test	2026-10-04T13:39:03.5818069Z BinaryQuantizerTest > SignBitEncoding > encodedByteSize_equalsCeilDimDiv8() PASSED
build	Build + Test	2026-10-04T13:39:03.5877216Z 
build	Build + Test	2026-10-04T13:39:03.5888077Z BinaryQuantizerTest > SignBitEncoding > encodeAndDecode_roundTrip_producesSignVector() PASSED
build	Build + Test	2026-10-04T13:39:03.5947173Z 
build	Build + Test	2026-10-04T13:39:03.5988030Z BinaryQuantizerTest > SignBitEncoding > encode_dimensionMismatch_throws() PASSED
build	Build + Test	2026-10-04T13:39:03.6041353Z 
build	Build + Test	2026-10-04T13:39:03.6078234Z BinaryQuantizerTest > SignBitEncoding > encode_reusedDstBuffer_doesNotCorruptBits() PASSED
build	Build + Test	2026-10-04T13:39:03.6107125Z 
build	Build + Test	2026-10-04T13:39:03.6157855Z BinaryQuantizerTest > SignBitEncoding > compressionRatio_is32x() PASSED
build	Build + Test	2026-10-04T13:39:03.9507193Z 
build	Build + Test	2026-10-04T13:39:03.9558115Z ExtendedRaBitQRawScorerTest > packedCodeScoresIdenticallyToOrdinal() PASSED
build	Build + Test	2026-10-04T13:39:04.4533577Z 
build	Build + Test	2026-10-04T13:39:04.4648258Z ExtendedRaBitQRawScorerTest > rawScorerMatchesOrdinalScoreForEveryMetricAndBits() PASSED
build	Build + Test	2026-10-04T13:39:04.4767336Z 
build	Build + Test	2026-10-04T13:39:04.4888130Z ExtendedRaBitQuantizerTest > RotationStrategies > worksWithGivensRotation() PASSED
build	Build + Test	2026-10-04T13:39:04.5497753Z 
build	Build + Test	2026-10-04T13:39:04.5578051Z ExtendedRaBitQuantizerTest > RotationStrategies > worksWithQuaternionRotation() PASSED
build	Build + Test	2026-10-04T13:39:04.7517507Z 
build	Build + Test	2026-10-04T13:39:04.7588188Z ExtendedRaBitQuantizerTest > RotationStrategies > worksWithRandomRotation() PASSED
build	Build + Test	2026-10-04T13:39:04.8507248Z 
build	Build + Test	2026-10-04T13:39:04.8598123Z ExtendedRaBitQuantizerTest > DefaultRotation > train_withSeed_defaultsToGivensRotation() PASSED
build	Build + Test	2026-10-04T13:39:04.8657232Z 
build	Build + Test	2026-10-04T13:39:04.8721509Z ExtendedRaBitQuantizerTest > DefaultRotation > train_noSeed_defaultsToGivensRotation() PASSED
build	Build + Test	2026-10-04T13:39:04.8862301Z 
build	Build + Test	2026-10-04T13:39:04.8928051Z ExtendedRaBitQuantizerTest > BitPacking > packMagnitudes_4bit_roundTrips() PASSED
build	Build + Test	2026-10-04T13:39:04.8987057Z 
build	Build + Test	2026-10-04T13:39:04.9108081Z ExtendedRaBitQuantizerTest > BitPacking > signAndMagCodes_areIndependent() PASSED
build	Build + Test	2026-10-04T13:39:04.9211046Z 
build	Build + Test	2026-10-04T13:39:04.9258097Z ExtendedRaBitQuantizerTest > BitPacking > packMagnitudes_roundTrips(int) > [1] bits=2 PASSED
build	Build + Test	2026-10-04T13:39:04.9337199Z 
build	Build + Test	2026-10-04T13:39:04.9458307Z ExtendedRaBitQuantizerTest > BitPacking > packMagnitudes_roundTrips(int) > [2] bits=3 PASSED
build	Build + Test	2026-10-04T13:39:04.9547336Z 
build	Build + Test	2026-10-04T13:39:04.9638165Z ExtendedRaBitQuantizerTest > BitPacking > packMagnitudes_roundTrips(int) > [3] bits=4 PASSED
build	Build + Test	2026-10-04T13:39:04.9715941Z 
build	Build + Test	2026-10-04T13:39:04.9788091Z ExtendedRaBitQuantizerTest > BitPacking > packMagnitudes_roundTrips(int) > [4] bits=5 PASSED
build	Build + Test	2026-10-04T13:39:04.9907282Z 
build	Build + Test	2026-10-04T13:39:04.9938134Z ExtendedRaBitQuantizerTest > BitPacking > packMagnitudes_roundTrips(int) > [5] bits=6 PASSED
build	Build + Test	2026-10-04T13:39:05.0027348Z 
build	Build + Test	2026-10-04T13:39:05.0058022Z ExtendedRaBitQuantizerTest > BitPacking > packMagnitudes_roundTrips(int) > [6] bits=7 PASSED
build	Build + Test	2026-10-04T13:39:05.0147234Z 
build	Build + Test	2026-10-04T13:39:05.0208199Z ExtendedRaBitQuantizerTest > BitPacking > packMagnitudes_roundTrips(int) > [7] bits=8 PASSED
build	Build + Test	2026-10-04T13:39:05.3567215Z 
build	Build + Test	2026-10-04T13:39:05.3593308Z ExtendedRaBitQuantizerTest > ScoringTests > accuracy_improvesWithMoreBits() PASSED
build	Build + Test	2026-10-04T13:39:05.3647089Z 
build	Build + Test	2026-10-04T13:39:05.3798523Z ExtendedRaBitQuantizerTest > ScoringTests > coarseScoreFunction_correlatesWithTrueDistance(SimilarityFunction) > [1] simFunc=EUCLIDEAN PASSED
build	Build + Test	2026-10-04T13:39:05.4497274Z 
build	Build + Test	2026-10-04T13:39:05.4558761Z ExtendedRaBitQuantizerTest > ScoringTests > coarseScoreFunction_correlatesWithTrueDistance(SimilarityFunction) > [2] simFunc=DOT_PRODUCT PASSED
build	Build + Test	2026-10-04T13:39:05.4587137Z 
build	Build + Test	2026-10-04T13:39:05.4618214Z ExtendedRaBitQuantizerTest > ScoringTests > coarseScoreFunction_correlatesWithTrueDistance(SimilarityFunction) > [3] simFunc=COSINE PASSED
build	Build + Test	2026-10-04T13:39:05.5520725Z 
build	Build + Test	2026-10-04T13:39:05.5608761Z ExtendedRaBitQuantizerTest > ScoringTests > coarseScoreFunction_correlatesWithTrueDistance(SimilarityFunction) > [4] simFunc=MAXIMUM_INNER_PRODUCT PASSED
build	Build + Test	2026-10-04T13:39:05.5627198Z 
build	Build + Test	2026-10-04T13:39:05.5718076Z ExtendedRaBitQuantizerTest > ScoringTests > totalBitCount_matchesNaiveCount() PASSED
build	Build + Test	2026-10-04T13:39:05.6537358Z 
build	Build + Test	2026-10-04T13:39:05.6598387Z ExtendedRaBitQuantizerTest > ScoringTests > extendedRaBitQ_betterThan1bitRaBitQ() PASSED
build	Build + Test	2026-10-04T13:39:05.7507444Z 
build	Build + Test	2026-10-04T13:39:05.7538089Z ExtendedRaBitQuantizerTest > ScoringTests > layer2_betterThanLayer1() PASSED
build	Build + Test	2026-10-04T13:39:05.7577110Z 
build	Build + Test	2026-10-04T13:39:05.7608173Z ExtendedRaBitQuantizerTest > ScoringTests > rescoring_withQueryNormReducesErrorOnScaledQueries() PASSED
build	Build + Test	2026-10-04T13:39:05.7727275Z 
build	Build + Test	2026-10-04T13:39:05.7788397Z ExtendedRaBitQuantizerTest > ScoringTests > scoreCorrelatesWithTrueDistance(SimilarityFunction) > [1] simFunc=EUCLIDEAN PASSED
build	Build + Test	2026-10-04T13:39:05.8497293Z 
build	Build + Test	2026-10-04T13:39:05.8558422Z ExtendedRaBitQuantizerTest > ScoringTests > scoreCorrelatesWithTrueDistance(SimilarityFunction) > [2] simFunc=DOT_PRODUCT PASSED
build	Build + Test	2026-10-04T13:39:05.8587125Z 
build	Build + Test	2026-10-04T13:39:05.8648426Z ExtendedRaBitQuantizerTest > ScoringTests > scoreCorrelatesWithTrueDistance(SimilarityFunction) > [3] simFunc=COSINE PASSED
build	Build + Test	2026-10-04T13:39:05.9507245Z 
build	Build + Test	2026-10-04T13:39:05.9598582Z ExtendedRaBitQuantizerTest > ScoringTests > scoreCorrelatesWithTrueDistance(SimilarityFunction) > [4] simFunc=MAXIMUM_INNER_PRODUCT PASSED
build	Build + Test	2026-10-04T13:39:05.9624915Z 
build	Build + Test	2026-10-04T13:39:05.9748231Z ExtendedRaBitQuantizerTest > CorrectionFactors > corrections_x0InExpectedRange() PASSED
build	Build + Test	2026-10-04T13:39:06.0498200Z 
build	Build + Test	2026-10-04T13:39:06.0603393Z ExtendedRaBitQuantizerTest > CorrectionFactors > corrections_sqrXMatchesSquaredNorm() PASSED
build	Build + Test	2026-10-04T13:39:06.0638396Z 
build	Build + Test	2026-10-04T13:39:06.0764904Z ExtendedRaBitQuantizerTest > CorrectionFactors > corrections_matchDeclaredSize() PASSED
build	Build + Test	2026-10-04T13:39:06.0821739Z 
build	Build + Test	2026-10-04T13:39:06.0878351Z ExtendedRaBitQuantizerTest > CorrectionFactors > corrections_sqrXAndX0ConsistentWithOneBit() PASSED
build	Build + Test	2026-10-04T13:39:06.0922585Z 
build	Build + Test	2026-10-04T13:39:06.0998198Z ExtendedRaBitQuantizerTest > GreedyQuantizeTests > greedyQuantize_maximizesCosine() PASSED
build	Build + Test	2026-10-04T13:39:06.1047141Z 
build	Build + Test	2026-10-04T13:39:06.1146041Z ExtendedRaBitQuantizerTest > GreedyQuantizeTests > greedyQuantize_differentBits_differentResolution() PASSED
build	Build + Test	2026-10-04T13:39:06.1547338Z 
build	Build + Test	2026-10-04T13:39:06.1600065Z ExtendedRaBitQuantizerTest > EncodingTests > encode_dimensionMismatch_throws() PASSED
build	Build + Test	2026-10-04T13:39:06.1629192Z 
build	Build + Test	2026-10-04T13:39:06.1738017Z ExtendedRaBitQuantizerTest > EncodingTests > magnitudeCodes_inValidRange() PASSED
build	Build + Test	2026-10-04T13:39:06.1767138Z 
build	Build + Test	2026-10-04T13:39:06.1818200Z ExtendedRaBitQuantizerTest > EncodingTests > encode_centersNormalizesRotatesBeforeQuantize() PASSED
build	Build + Test	2026-10-04T13:39:06.1927192Z 
build	Build + Test	2026-10-04T13:39:06.1928265Z ExtendedRaBitQuantizerTest > EncodingTests > encodeAndDecode_roundTrip_approximatesOriginal() PASSED
build	Build + Test	2026-10-04T13:39:06.1929235Z 
build	Build + Test	2026-10-04T13:39:06.1929837Z ExtendedRaBitQuantizerTest > EncodingTests > compressionRatio_accountsForOverhead() PASSED
build	Build + Test	2026-10-04T13:39:06.1930632Z 
build	Build + Test	2026-10-04T13:39:06.1931194Z ExtendedRaBitQuantizerTest > EncodingTests > encodedByteSize_matchesExpected() PASSED
build	Build + Test	2026-10-04T13:39:06.1931943Z 
build	Build + Test	2026-10-04T13:39:06.1932548Z ExtendedRaBitQuantizerTest > EncodingTests > encode_reusedBuffer_doesNotCorruptBits() PASSED
build	Build + Test	2026-10-04T13:39:06.1933446Z 
build	Build + Test	2026-10-04T13:39:06.1934000Z ExtendedRaBitQuantizerTest > EncodingTests > invalidBits_throws(int) > [1] bits=0 PASSED
build	Build + Test	2026-10-04T13:39:06.1934746Z 
build	Build + Test	2026-10-04T13:39:06.1935301Z ExtendedRaBitQuantizerTest > EncodingTests > invalidBits_throws(int) > [2] bits=1 PASSED
build	Build + Test	2026-10-04T13:39:06.1936039Z 
build	Build + Test	2026-10-04T13:39:06.1936571Z ExtendedRaBitQuantizerTest > EncodingTests > invalidBits_throws(int) > [3] bits=9 PASSED
build	Build + Test	2026-10-04T13:39:06.1937458Z 
build	Build + Test	2026-10-04T13:39:06.1937996Z ExtendedRaBitQuantizerTest > EncodingTests > invalidBits_throws(int) > [4] bits=10 PASSED
build	Build + Test	2026-10-04T13:39:06.1939160Z 
build	Build + Test	2026-10-04T13:39:06.1939730Z ExtendedRaBitQuantizerTest > EncodingTests > invalidBits_throws(int) > [5] bits=-1 PASSED
build	Build + Test	2026-10-04T13:39:06.1940458Z 
build	Build + Test	2026-10-04T13:39:06.1940846Z Fp16QuantizerTest > encodedSizeIsTwoBytesPerDimension() PASSED
build	Build + Test	2026-10-04T13:39:06.2518868Z 
build	Build + Test	2026-10-04T13:39:06.2587853Z Fp16QuantizerTest > compressionRatioIsTwo() PASSED
build	Build + Test	2026-10-04T13:39:06.2700872Z 
build	Build + Test	2026-10-04T13:39:06.2777792Z Fp16QuantizerTest > rejectsWrongLengthVector() PASSED
build	Build + Test	2026-10-04T13:39:06.4537190Z 
build	Build + Test	2026-10-04T13:39:06.4627866Z Fp16QuantizerTest > roundTripIsNearLossless() PASSED
build	Build + Test	2026-10-04T13:39:06.4737260Z 
build	Build + Test	2026-10-04T13:39:06.4787345Z Fp16QuantizerTest > rejectsNonPositiveDimension() PASSED
build	Build + Test	2026-10-04T13:39:06.5537292Z 
build	Build + Test	2026-10-04T13:39:06.5597871Z Fp16QuantizerTest > scoresTrackFullPrecision() PASSED
build	Build + Test	2026-10-04T13:39:08.8497392Z 
build	Build + Test	2026-10-04T13:39:08.8548529Z > Task :vectors-core:check
build	Build + Test	2026-10-04T13:39:08.8647713Z > Task :vectors-core:build
build	Build + Test	2026-10-04T13:39:10.8517198Z 
build	Build + Test	2026-10-04T13:39:10.8518192Z warning: [incubating] using incubating module(s): jdk.incubator.vector
build	Build + Test	2026-10-04T13:39:10.8519286Z warning: [incubating] using incubating module(s): jdk.incubator.vector
build	Build + Test	2026-10-04T13:39:10.8547599Z > Task :vectors-router:javadoc
build	Build + Test	2026-10-04T13:39:11.8498296Z 2 warnings
build	Build + Test	2026-10-04T13:39:12.2491508Z 
build	Build + Test	2026-10-04T13:39:12.2517872Z > Task :vectors-quantization:test
build	Build + Test	2026-10-04T13:39:12.2547177Z 
build	Build + Test	2026-10-04T13:39:12.2578036Z LloydMaxCodebookTest > DifferentDimensions > compute_differentParamsReturnDifferentInstances() PASSED
build	Build + Test	2026-10-04T13:39:12.2579248Z 
build	Build + Test	2026-10-04T13:39:12.2607761Z LloydMaxCodebookTest > DifferentDimensions > compute_cacheReturnsSameInstance() PASSED
build	Build + Test	2026-10-04T13:39:12.2637128Z 
build	Build + Test	2026-10-04T13:39:12.2648660Z LloydMaxCodebookTest > DifferentDimensions > codebook_isDeterministic() PASSED
build	Build + Test	2026-10-04T13:39:12.5491051Z 
build	Build + Test	2026-10-04T13:39:12.5517780Z > Task :vectors-router:javadocJar
build	Build + Test	2026-10-04T13:39:12.5547533Z > Task :vectors-router:assemble
build	Build + Test	2026-10-04T13:39:12.9517875Z > Task :vectors-router:compileTestJava
build	Build + Test	2026-10-04T13:39:12.9587745Z > Task :vectors-router:testClasses
build	Build + Test	2026-10-04T13:39:14.9519318Z WARNING: Using incubator modules: jdk.incubator.vector
build	Build + Test	2026-10-04T13:39:14.9519891Z 
build	Build + Test	2026-10-04T13:39:14.9547494Z > Task :vectors-router:test
build	Build + Test	2026-10-04T13:39:17.2491256Z 
build	Build + Test	2026-10-04T13:39:17.2567831Z RouteMatchTest > Of > returnsNameAndDistance() PASSED
build	Build + Test	2026-10-04T13:39:17.2627253Z 
build	Build + Test	2026-10-04T13:39:17.2701560Z RouteMatchTest > Of > zeroDistanceIsValid() PASSED
build	Build + Test	2026-10-04T13:39:17.2767258Z 
build	Build + Test	2026-10-04T13:39:17.2804576Z RouteMatchTest > NoMatch > nameIsNull() PASSED
build	Build + Test	2026-10-04T13:39:17.2877248Z 
build	Build + Test	2026-10-04T13:39:17.2927652Z RouteMatchTest > NoMatch > distanceIsNull() PASSED
build	Build + Test	2026-10-04T13:39:17.3527184Z 
build	Build + Test	2026-10-04T13:39:17.3587892Z RouteTest > Immutability > mutatingSourceListDoesNotAffectRoute() PASSED
build	Build + Test	2026-10-04T13:39:17.3647146Z 
build	Build + Test	2026-10-04T13:39:17.3709153Z RouteTest > Immutability > referencesListIsUnmodifiable() PASSED
build	Build + Test	2026-10-04T13:39:17.3797244Z 
build	Build + Test	2026-10-04T13:39:17.3845061Z RouteTest > Builder > buildsWithAllFields() PASSED
build	Build + Test	2026-10-04T13:39:17.3857056Z 
build	Build + Test	2026-10-04T13:39:17.3947772Z RouteTest > Builder > nullReferencesThrows() PASSED
build	Build + Test	2026-10-04T13:39:17.3948356Z 
build	Build + Test	2026-10-04T13:39:17.4007671Z RouteTest > Builder > defaultReferencesIsEmpty() PASSED
build	Build + Test	2026-10-04T13:39:17.4008182Z 
build	Build + Test	2026-10-04T13:39:17.4008444Z RouteTest > Builder > defaultThresholdIs03() PASSED
build	Build + Test	2026-10-04T13:39:17.4008872Z 
build	Build + Test	2026-10-04T13:39:17.4009109Z RouteTest > Builder > nullNameThrows() PASSED
build	Build + Test	2026-10-04T13:39:17.6507322Z 
build	Build + Test	2026-10-04T13:39:17.6538193Z SemanticRouterTest > rejectsDuplicateRouteNames() PASSED
build	Build + Test	2026-10-04T13:39:17.6597187Z 
build	Build + Test	2026-10-04T13:39:17.6637905Z SemanticRouterTest > EdgeCases > emptyRoutesListReturnsNoMatch() PASSED
build	Build + Test	2026-10-04T13:39:17.6638605Z 
build	Build + Test	2026-10-04T13:39:17.6639032Z SemanticRouterTest > EdgeCases > singleRouteWithSingleReference() PASSED
build	Build + Test	2026-10-04T13:39:17.6639638Z 
build	Build + Test	2026-10-04T13:39:17.6640149Z SemanticRouterTest > Validation > nullReferenceEmbeddingThrowsAtConstruction() PASSED
build	Build + Test	2026-10-04T13:39:17.6641202Z 
build	Build + Test	2026-10-04T13:39:17.6641624Z SemanticRouterTest > Validation > nullEmbeddingFunctionThrows() PASSED
build	Build + Test	2026-10-04T13:39:17.6642206Z 
build	Build + Test	2026-10-04T13:39:17.6642762Z SemanticRouterTest > Validation > wrongSizedQueryEmbeddingThrowsBeforeSimilarity() PASSED
build	Build + Test	2026-10-04T13:39:17.6643506Z 
build	Build + Test	2026-10-04T13:39:17.6643849Z SemanticRouterTest > Validation > nullRoutesThrows() PASSED
build	Build + Test	2026-10-04T13:39:17.6644354Z 
build	Build + Test	2026-10-04T13:39:17.6677541Z SemanticRouterTest > Validation > emptyReferenceEmbeddingThrowsAtConstruction() PASSED
build	Build + Test	2026-10-04T13:39:17.6717228Z 
build	Build + Test	2026-10-04T13:39:17.6808236Z SemanticRouterTest > Validation > nullQueryEmbeddingThrowsBeforeSimilarity() PASSED
build	Build + Test	2026-10-04T13:39:17.6867196Z 
build	Build + Test	2026-10-04T13:39:17.6867946Z SemanticRouterTest > Validation > wrongSizedReferenceEmbeddingThrowsAtConstruction() PASSED
build	Build + Test	2026-10-04T13:39:17.6868718Z 
build	Build + Test	2026-10-04T13:39:17.6869130Z SemanticRouterTest > Metadata > getRouteNamesReturnsAllNames() PASSED
build	Build + Test	2026-10-04T13:39:17.6869695Z 
build	Build + Test	2026-10-04T13:39:17.6870046Z SemanticRouterTest > Metadata > getByNameReturnsRoute() PASSED
build	Build + Test	2026-10-04T13:39:17.6870582Z 
build	Build + Test	2026-10-04T13:39:17.6870985Z SemanticRouterTest > Metadata > getByNameReturnsNullForUnknown() PASSED
build	Build + Test	2026-10-04T13:39:17.6871556Z 
build	Build + Test	2026-10-04T13:39:17.6871863Z SemanticRouterTest > Routing > matchesSportsRoute() PASSED
build	Build + Test	2026-10-04T13:39:17.6872324Z 
build	Build + Test	2026-10-04T13:39:17.6872707Z SemanticRouterTest > Routing > noMatchWhenDistantFromAllRoutes() PASSED
build	Build + Test	2026-10-04T13:39:17.6873268Z 
build	Build + Test	2026-10-04T13:39:17.6873632Z SemanticRouterTest > Routing > noMatchWhenAboveThreshold() PASSED
build	Build + Test	2026-10-04T13:39:17.6874146Z 
build	Build + Test	2026-10-04T13:39:17.6874445Z SemanticRouterTest > Routing > matchesFoodRoute() PASSED
build	Build + Test	2026-10-04T13:39:17.8507174Z 
build	Build + Test	2026-10-04T13:39:17.8517614Z > Task :vectors-quantization:test
build	Build + Test	2026-10-04T13:39:17.8518059Z 
build	Build + Test	2026-10-04T13:39:17.8547605Z LloydMaxCodebookTest > DifferentDimensions > codebook_variesByDimension() PASSED
build	Build + Test	2026-10-04T13:39:17.9512582Z 
build	Build + Test	2026-10-04T13:39:17.9587941Z > Task :vectors-router:jacocoTestCoverageVerification
build	Build + Test	2026-10-04T13:39:25.9517854Z > Task :vectors-router:spotbugsMain
build	Build + Test	2026-10-04T13:39:25.9547743Z > Task :vectors-router:spotbugsTest SKIPPED
build	Build + Test	2026-10-04T13:39:25.9577783Z > Task :vectors-router:check
build	Build + Test	2026-10-04T13:39:25.9578741Z > Task :vectors-router:build
build	Build + Test	2026-10-04T13:39:26.7515596Z > Task :vectors-server:compileJava
build	Build + Test	2026-10-04T13:39:26.7567791Z > Task :vectors-server:classes
build	Build + Test	2026-10-04T13:39:26.8517861Z > Task :vectors-server:jar
build	Build + Test	2026-10-04T13:39:26.9492420Z > Task :vectors-text-h2:compileJava
build	Build + Test	2026-10-04T13:39:26.9557558Z > Task :vectors-text-h2:classes
build	Build + Test	2026-10-04T13:39:26.9620754Z > Task :vectors-text-h2:jar
build	Build + Test	2026-10-04T13:39:27.2527752Z > Task :vectors-server:startScripts
build	Build + Test	2026-10-04T13:39:27.6497708Z > Task :vectors-server:distTar
build	Build + Test	2026-10-04T13:39:27.7497354Z 
build	Build + Test	2026-10-04T13:39:27.7498356Z > Task :vectors-quantization:test
build	Build + Test	2026-10-04T13:39:27.7498798Z 
build	Build + Test	2026-10-04T13:39:27.7499274Z LloydMaxCodebookTest > MSEOptimality > mseDecreases_withMoreBits() PASSED
build	Build + Test	2026-10-04T13:39:27.7499848Z 
build	Build + Test	2026-10-04T13:39:27.7500367Z LloydMaxCodebookTest > MSEOptimality > lloydMax_betterThanUniformQuantizer_4bit() PASSED
build	Build + Test	2026-10-04T13:39:27.7501002Z 
build	Build + Test	2026-10-04T13:39:27.7501557Z LloydMaxCodebookTest > QuantizeDequantize > quantizeDequantize_roundTrip_approximatesOriginal() PASSED
build	Build + Test	2026-10-04T13:39:27.7502312Z 
build	Build + Test	2026-10-04T13:39:27.7502836Z LloydMaxCodebookTest > QuantizeDequantize > dequantize_returnsCentroidValue() PASSED
build	Build + Test	2026-10-04T13:39:27.7503485Z 
build	Build + Test	2026-10-04T13:39:27.7503986Z LloydMaxCodebookTest > QuantizeDequantize > quantize_returnsNearestCentroidIndex() PASSED
build	Build + Test	2026-10-04T13:39:27.7504693Z 
build	Build + Test	2026-10-04T13:39:27.7505214Z LloydMaxCodebookTest > QuantizeDequantize > extremeValues_clampToEdgeCentroids() PASSED
build	Build + Test	2026-10-04T13:39:27.7505934Z 
build	Build + Test	2026-10-04T13:39:27.7506356Z LloydMaxCodebookTest > BasicProperties > boundariesAreSorted() PASSED
build	Build + Test	2026-10-04T13:39:27.7507133Z 
build	Build + Test	2026-10-04T13:39:27.7507556Z LloydMaxCodebookTest > BasicProperties > centroidsAreSorted() PASSED
build	Build + Test	2026-10-04T13:39:27.7508142Z 
build	Build + Test	2026-10-04T13:39:27.7508550Z LloydMaxCodebookTest > BasicProperties > twoBit_hasFourLevels() PASSED
build	Build + Test	2026-10-04T13:39:27.7525909Z 
build	Build + Test	2026-10-04T13:39:27.7526412Z LloydMaxCodebookTest > BasicProperties > boundariesAreBetweenCentroids() PASSED
build	Build + Test	2026-10-04T13:39:27.7527228Z 
build	Build + Test	2026-10-04T13:39:27.7527627Z LloydMaxCodebookTest > BasicProperties > invalidBits_throws() PASSED
build	Build + Test	2026-10-04T13:39:29.5518993Z 
build	Build + Test	2026-10-04T13:39:29.5607814Z > Task :vectors-server:distZip
build	Build + Test	2026-10-04T13:39:31.5517980Z warning: [incubating] using incubating module(s): jdk.incubator.vector
build	Build + Test	2026-10-04T13:39:31.5518680Z 
build	Build + Test	2026-10-04T13:39:31.5567791Z warning: [incubating] using incubating module(s): jdk.incubator.vector
build	Build + Test	2026-10-04T13:39:31.5569176Z > Task :vectors-server:javadoc
build	Build + Test	2026-10-04T13:39:35.2517627Z 2 warnings
build	Build + Test	2026-10-04T13:39:36.1497336Z 
build	Build + Test	2026-10-04T13:39:36.1517871Z > Task :vectors-server:javadocJar
build	Build + Test	2026-10-04T13:39:36.1547656Z > Task :vectors-server:assemble
build	Build + Test	2026-10-04T13:39:52.6518187Z > Task :vectors-server:spotbugsMain
build	Build + Test	2026-10-04T13:39:53.6527842Z > Task :vectors-server:compileTestJava
build	Build + Test	2026-10-04T13:39:53.6528648Z > Task :vectors-server:testClasses
build	Build + Test	2026-10-04T13:39:53.6529331Z > Task :vectors-server:spotbugsTest SKIPPED
build	Build + Test	2026-10-04T13:39:54.4507430Z 
build	Build + Test	2026-10-04T13:39:54.4558095Z > Task :vectors-quantization:test
build	Build + Test	2026-10-04T13:39:54.4587245Z 
build	Build + Test	2026-10-04T13:39:54.4588159Z LloydMaxCodebookTest > BasicProperties > eightBit_has256Levels() PASSED
build	Build + Test	2026-10-04T13:39:54.4617267Z 
build	Build + Test	2026-10-04T13:39:54.4647625Z LloydMaxCodebookTest > BasicProperties > fourBit_has16Levels() PASSED
build	Build + Test	2026-10-04T13:39:54.4677136Z 
build	Build + Test	2026-10-04T13:39:54.4677949Z LloydMaxCodebookTest > BasicProperties > invalidDimension_throws() PASSED
build	Build + Test	2026-10-04T13:39:54.4707204Z 
build	Build + Test	2026-10-04T13:39:54.4737566Z LloydMaxCodebookTest > BasicProperties > oneBit_centroidsAreSymmetric() PASSED
build	Build + Test	2026-10-04T13:39:54.8491242Z 
build	Build + Test	2026-10-04T13:39:54.8548880Z NVQuantizerTest > ScoringTests > scoreCorrelatesWithTrueDistance(SimilarityFunction) > [1] simFunc=EUCLIDEAN PASSED
build	Build + Test	2026-10-04T13:39:54.9517423Z 
build	Build + Test	2026-10-04T13:39:54.9578259Z NVQuantizerTest > ScoringTests > scoreCorrelatesWithTrueDistance(SimilarityFunction) > [2] simFunc=DOT_PRODUCT PASSED
build	Build + Test	2026-10-04T13:39:55.0507283Z 
build	Build + Test	2026-10-04T13:39:55.0552991Z NVQuantizerTest > ScoringTests > scoreCorrelatesWithTrueDistance(SimilarityFunction) > [3] simFunc=COSINE PASSED
build	Build + Test	2026-10-04T13:39:55.2547295Z 
build	Build + Test	2026-10-04T13:39:55.2598532Z NVQuantizerTest > ScoringTests > scoreCorrelatesWithTrueDistance(SimilarityFunction) > [4] simFunc=MAXIMUM_INNER_PRODUCT PASSED
build	Build + Test	2026-10-04T13:39:55.7504066Z 
build	Build + Test	2026-10-04T13:39:55.7598051Z NVQuantizerTest > ScoringTests > nvq_betterThanUniformSQ_atSameCompression() PASSED
build	Build + Test	2026-10-04T13:39:55.7626541Z 
build	Build + Test	2026-10-04T13:39:55.7758287Z NVQuantizerTest > SubvectorTests > subvectorPartitioning_handlesUnevenDivision() PASSED
build	Build + Test	2026-10-04T13:39:55.7853889Z 
build	Build + Test	2026-10-04T13:39:55.7935497Z NVQuantizerTest > SubvectorTests > subvectorSizes_sumToDimension() PASSED
build	Build + Test	2026-10-04T13:39:55.8027265Z 
build	Build + Test	2026-10-04T13:39:55.8218238Z NVQuantizerTest > SubvectorTests > perSubvectorMetadata_hasValidRanges() PASSED
build	Build + Test	2026-10-04T13:39:55.8530775Z 
build	Build + Test	2026-10-04T13:39:55.8595672Z NVQuantizerTest > SubvectorTests > differentSubvectors_getDifferentAlpha() PASSED
build	Build + Test	2026-10-04T13:39:55.8667596Z 
build	Build + Test	2026-10-04T13:39:55.8751620Z NVQuantizerTest > EncodingTests > encode_reusedBuffer_doesNotCorrupt() PASSED
build	Build + Test	2026-10-04T13:39:55.8777292Z 
build	Build + Test	2026-10-04T13:39:55.8868044Z NVQuantizerTest > EncodingTests > encode_centersBeforeQuantizing() PASSED
build	Build + Test	2026-10-04T13:39:55.8897328Z 
build	Build + Test	2026-10-04T13:39:55.8988004Z NVQuantizerTest > EncodingTests > compressionRatio_isAbout3x_for768dim() PASSED
build	Build + Test	2026-10-04T13:39:55.9047251Z 
build	Build + Test	2026-10-04T13:39:55.9063064Z NVQuantizerTest > EncodingTests > invalidNumSubvectors_throws() PASSED
build	Build + Test	2026-10-04T13:39:55.9114393Z 
build	Build + Test	2026-10-04T13:39:55.9117890Z NVQuantizerTest > EncodingTests > encode_dimensionMismatch_throws() PASSED
build	Build + Test	2026-10-04T13:39:55.9207196Z 
build	Build + Test	2026-10-04T13:39:55.9238106Z NVQuantizerTest > EncodingTests > encodeAndDecode_roundTrip_approximatesOriginal() PASSED
build	Build + Test	2026-10-04T13:39:55.9238956Z 
build	Build + Test	2026-10-04T13:39:55.9377998Z NVQuantizerTest > EncodingTests > encodedSize_matchesDimensionPlusMetadata() PASSED
build	Build + Test	2026-10-04T13:39:55.9485524Z 
build	Build + Test	2026-10-04T13:39:55.9548038Z NVQuantizerTest > NQTransformTests > optimizeTransform_deterministicForSameInput() PASSED
build	Build + Test	2026-10-04T13:39:55.9548880Z 
build	Build + Test	2026-10-04T13:39:55.9679313Z NVQuantizerTest > NQTransformTests > optimizeTransform_reducesError_vsUniform() PASSED
build	Build + Test	2026-10-04T13:39:55.9747161Z 
build	Build + Test	2026-10-04T13:39:55.9788918Z NVQuantizerTest > NQTransformTests > logisticNQT_matchesStandardLogistic_approximately() PASSED
build	Build + Test	2026-10-04T13:39:55.9817479Z 
build	Build + Test	2026-10-04T13:39:55.9827771Z NVQuantizerTest > NQTransformTests > scaledLogit_invertsScaledLogistic() PASSED
build	Build + Test	2026-10-04T13:39:55.9907671Z 
build	Build + Test	2026-10-04T13:39:55.9937906Z NVQuantizerTest > NQTransformTests > logitNQT_isInverseOfLogisticNQT() PASSED
build	Build + Test	2026-10-04T13:39:55.9980565Z 
build	Build + Test	2026-10-04T13:39:56.0027946Z NVQuantizerTest > NQTransformTests > scaledLogistic_mapsToZeroOne() PASSED
build	Build + Test	2026-10-04T13:39:57.2537283Z 
build	Build + Test	2026-10-04T13:39:57.2548316Z ProductQuantizerTest > PipelineTests > product_presetTrainsCompressAndScore() PASSED
build	Build + Test	2026-10-04T13:39:57.2577082Z 
build	Build + Test	2026-10-04T13:39:57.2606127Z ProductQuantizerTest > PipelineTests > binarySign_presetTrainsAndCompresses() PASSED
build	Build + Test	2026-10-04T13:39:57.2667282Z 
build	Build + Test	2026-10-04T13:39:57.2727961Z ProductQuantizerTest > PipelineTests > binaryBbq_presetTrainsAndCompresses() PASSED
build	Build + Test	2026-10-04T13:39:57.2737171Z 
build	Build + Test	2026-10-04T13:39:57.2787843Z ProductQuantizerTest > PipelineTests > nvq_presetTrainsAndCompresses() PASSED
build	Build + Test	2026-10-04T13:39:57.2845269Z 
build	Build + Test	2026-10-04T13:39:57.2867824Z ProductQuantizerTest > PipelineTests > rabit_presetTrainsAndCompresses() PASSED
build	Build + Test	2026-10-04T13:39:57.2897171Z 
build	Build + Test	2026-10-04T13:39:57.2927873Z ProductQuantizerTest > PipelineTests > scalarInt4_presetTrainsAndEncodesDecodes() PASSED
build	Build + Test	2026-10-04T13:39:57.2957149Z 
build	Build + Test	2026-10-04T13:39:57.2957837Z ProductQuantizerTest > PipelineTests > turbo_presetTrainsAndCompresses() PASSED
build	Build + Test	2026-10-04T13:39:57.7537218Z 
build	Build + Test	2026-10-04T13:39:57.7568418Z ProductQuantizerTest > PipelineTests > builder_fullControl_similarityAndIterations() PASSED
build	Build + Test	2026-10-04T13:39:57.8494632Z 
build	Build + Test	2026-10-04T13:39:57.8525607Z ProductQuantizerTest > PipelineTests > opq_presetTrainsAndReducesMse() PASSED
build	Build + Test	2026-10-04T13:39:57.9490920Z 
build	Build + Test	2026-10-04T13:39:57.9548299Z ProductQuantizerTest > PipelineTests > quantizer_accessor_returnsUnderlyingQuantizer() PASSED
build	Build + Test	2026-10-04T13:39:57.9552481Z 
build	Build + Test	2026-10-04T13:39:57.9638103Z ProductQuantizerTest > PipelineTests > scalarInt8_presetTrainsAndEncodesDecodes() PASSED
build	Build + Test	2026-10-04T13:39:57.9667291Z 
build	Build + Test	2026-10-04T13:39:57.9698426Z ProductQuantizerTest > OptimizedPQTests > opq_encode_decode_roundtrip_approximates_original() PASSED
build	Build + Test	2026-10-04T13:39:57.9754914Z 
build	Build + Test	2026-10-04T13:39:57.9787989Z ProductQuantizerTest > OptimizedPQTests > matrixInvert_producesIdentityProduct() PASSED
build	Build + Test	2026-10-04T13:39:57.9847159Z 
build	Build + Test	2026-10-04T13:39:57.9847918Z ProductQuantizerTest > OptimizedPQTests > opq_train_buildsWithoutError() PASSED
build	Build + Test	2026-10-04T13:39:58.0503059Z 
build	Build + Test	2026-10-04T13:39:58.0518115Z ProductQuantizerTest > OptimizedPQTests > opq_reducesReconstructionMse_vs_standardPq() PASSED
build	Build + Test	2026-10-04T13:39:58.0547328Z 
build	Build + Test	2026-10-04T13:39:58.0548294Z ProductQuantizerTest > OptimizedPQTests > polarDecomposition_producesOrthogonalMatrix() PASSED
build	Build + Test	2026-10-04T13:39:58.0577172Z 
build	Build + Test	2026-10-04T13:39:58.0607944Z ProductQuantizerTest > OptimizedPQTests > opq_rotation_isOrthogonal() PASSED
build	Build + Test	2026-10-04T13:39:58.1518026Z 
build	Build + Test	2026-10-04T13:39:58.1558098Z ProductQuantizerTest > GlobalCentroid > cosineScoring_withGlobalCentroid_usesConsistentNorm() PASSED
build	Build + Test	2026-10-04T13:39:58.6547427Z 
build	Build + Test	2026-10-04T13:39:58.6598326Z ProductQuantizerTest > GlobalCentroid > centeredPQ_improvesReconstruction() PASSED
build	Build + Test	2026-10-04T13:39:58.6657252Z 
build	Build + Test	2026-10-04T13:39:58.6693768Z ProductQuantizerTest > CompressionRatio > pq_16subspaces_compressionRatio() PASSED
build	Build + Test	2026-10-04T13:39:58.6757335Z 
build	Build + Test	2026-10-04T13:39:58.6788348Z ProductQuantizerTest > CompressionRatio > pq_compressionRatio() PASSED
build	Build + Test	2026-10-04T13:39:58.6898953Z 
build	Build + Test	2026-10-04T13:39:58.7028357Z ProductQuantizerTest > ADCScoring > allSimilarityFunctions_returnFiniteScores(SimilarityFunction) > [1] simFunc=EUCLIDEAN PASSED
build	Build + Test	2026-10-04T13:39:58.7097220Z 
build	Build + Test	2026-10-04T13:39:58.7172606Z ProductQuantizerTest > ADCScoring > allSimilarityFunctions_returnFiniteScores(SimilarityFunction) > [2] simFunc=DOT_PRODUCT PASSED
build	Build + Test	2026-10-04T13:39:58.7537300Z 
build	Build + Test	2026-10-04T13:39:58.7588477Z ProductQuantizerTest > ADCScoring > allSimilarityFunctions_returnFiniteScores(SimilarityFunction) > [3] simFunc=COSINE PASSED
build	Build + Test	2026-10-04T13:39:58.7627169Z 
build	Build + Test	2026-10-04T13:39:58.7657984Z ProductQuantizerTest > ADCScoring > allSimilarityFunctions_returnFiniteScores(SimilarityFunction) > [4] simFunc=MAXIMUM_INNER_PRODUCT PASSED
build	Build + Test	2026-10-04T13:39:58.9537248Z 
build	Build + Test	2026-10-04T13:39:58.9598171Z ProductQuantizerTest > ADCScoring > rankCorrelation_recall10() PASSED
build	Build + Test	2026-10-04T13:39:59.0490998Z 
build	Build + Test	2026-10-04T13:39:59.0516445Z ProductQuantizerTest > ADCScoring > selfScore_isHighForNormalizedVectors() PASSED
build	Build + Test	2026-10-04T13:39:59.3517282Z 
build	Build + Test	2026-10-04T13:39:59.3518188Z ProductQuantizerTest > ADCScoring > cosineScore_correlatesWithTrueScore() PASSED
build	Build + Test	2026-10-04T13:39:59.6494569Z 
build	Build + Test	2026-10-04T13:39:59.6513161Z ProductQuantizerTest > ADCScoring > dotProductScore_correlatesWithTrueScore() PASSED
build	Build + Test	2026-10-04T13:39:59.9491274Z 
build	Build + Test	2026-10-04T13:39:59.9608113Z ProductQuantizerTest > ADCScoring > euclideanScore_rankCorrelation() PASSED
build	Build + Test	2026-10-04T13:40:02.6507294Z 
build	Build + Test	2026-10-04T13:40:02.6598307Z ProductQuantizerTest > EncodeAndDecode > anisotropicEncode_preservesParallelComponentBetterThanL2() PASSED
build	Build + Test	2026-10-04T13:40:02.7491992Z 
build	Build + Test	2026-10-04T13:40:02.7549118Z ProductQuantizerTest > EncodeAndDecode > roundTrip_reconstructionError() PASSED
build	Build + Test	2026-10-04T13:40:02.8547261Z 
build	Build + Test	2026-10-04T13:40:02.8558304Z ProductQuantizerTest > EncodeAndDecode > variousDimensions_encodeDecode(int) > [1] dim=16 PASSED
build	Build + Test	2026-10-04T13:40:02.9507245Z 
build	Build + Test	2026-10-04T13:40:02.9538254Z ProductQuantizerTest > EncodeAndDecode > variousDimensions_encodeDecode(int) > [2] dim=64 PASSED
build	Build + Test	2026-10-04T13:40:02.9539023Z 
build	Build + Test	2026-10-04T13:40:02.9539545Z ProductQuantizerTest > EncodeAndDecode > variousDimensions_encodeDecode(int) > [3] dim=128 PASSED
build	Build + Test	2026-10-04T13:40:03.0517258Z 
build	Build + Test	2026-10-04T13:40:03.0578181Z ProductQuantizerTest > EncodeAndDecode > variousDimensions_encodeDecode(int) > [4] dim=256 PASSED
build	Build + Test	2026-10-04T13:40:03.3537558Z 
build	Build + Test	2026-10-04T13:40:03.3558170Z ProductQuantizerTest > EncodeAndDecode > variousDimensions_encodeDecode(int) > [5] dim=768 PASSED
build	Build + Test	2026-10-04T13:40:03.3627142Z 
build	Build + Test	2026-10-04T13:40:03.3677924Z ProductQuantizerTest > EncodeAndDecode > encodeAll_producesCorrectSize() PASSED
build	Build + Test	2026-10-04T13:40:03.3737226Z 
build	Build + Test	2026-10-04T13:40:03.3791970Z ProductQuantizerTest > EncodeAndDecode > encodedSize_equalsMSubspaces() PASSED
build	Build + Test	2026-10-04T13:40:03.3847210Z 
build	Build + Test	2026-10-04T13:40:03.3917994Z ProductQuantizerTest > EncodeAndDecode > encode_wrongDimension_throws() PASSED
build	Build + Test	2026-10-04T13:40:03.3947203Z 
build	Build + Test	2026-10-04T13:40:03.3978034Z ProductQuantizerTest > EncodeAndDecode > anisotropicEncode_isByteIdenticalWhenDisabled() PASSED
build	Build + Test	2026-10-04T13:40:03.7540966Z 
build	Build + Test	2026-10-04T13:40:03.7618265Z ProductQuantizerTest > EncodeAndDecode > reconstructionError_decreasesWithMoreSubspaces() PASSED
build	Build + Test	2026-10-04T13:40:03.8527332Z 
build	Build + Test	2026-10-04T13:40:03.8588029Z ProductQuantizerTest > Training > train_gaussianData() PASSED
build	Build + Test	2026-10-04T13:40:03.8617289Z 
build	Build + Test	2026-10-04T13:40:03.8688350Z ProductQuantizerTest > Training > train_fewerVectorsThanClusters_stillEncodesAndRoundTrips() PASSED
build	Build + Test	2026-10-04T13:40:03.8707072Z 
build	Build + Test	2026-10-04T13:40:03.8747771Z ProductQuantizerTest > Training > train_variousSubspaceCounts(int) > [1] m=2 PASSED
build	Build + Test	2026-10-04T13:40:03.8787122Z 
build	Build + Test	2026-10-04T13:40:03.8827782Z ProductQuantizerTest > Training > train_variousSubspaceCounts(int) > [2] m=4 PASSED
build	Build + Test	2026-10-04T13:40:03.8877151Z 
build	Build + Test	2026-10-04T13:40:03.8927883Z ProductQuantizerTest > Training > train_variousSubspaceCounts(int) > [3] m=8 PASSED
build	Build + Test	2026-10-04T13:40:03.9517211Z 
build	Build + Test	2026-10-04T13:40:03.9578169Z ProductQuantizerTest > Training > train_variousSubspaceCounts(int) > [4] m=16 PASSED
build	Build + Test	2026-10-04T13:40:04.1547985Z 
build	Build + Test	2026-10-04T13:40:04.1578118Z ProductQuantizerTest > Training > train_variousSubspaceCounts(int) > [5] m=32 PASSED
build	Build + Test	2026-10-04T13:40:04.2507557Z 
build	Build + Test	2026-10-04T13:40:04.2558529Z ProductQuantizerTest > Training > train_reproducibleWithSeed() PASSED
build	Build + Test	2026-10-04T13:40:04.2597193Z 
build	Build + Test	2026-10-04T13:40:04.2637812Z ProductQuantizerTest > Training > train_withCustomClusterCount() PASSED
build	Build + Test	2026-10-04T13:40:04.2700408Z 
build	Build + Test	2026-10-04T13:40:04.2738113Z ProductQuantizerTest > Training > train_invalidSubspaceCount_throws() PASSED
build	Build + Test	2026-10-04T13:40:04.3538028Z 
build	Build + Test	2026-10-04T13:40:04.3557966Z ProductQuantizerTest > Training > train_producesCorrectCodebooks() PASSED
build	Build + Test	2026-10-04T13:40:04.4519528Z 
build	Build + Test	2026-10-04T13:40:04.4608159Z ProductQuantizerTest > Training > train_unevenDimensionSplit() PASSED
build	Build + Test	2026-10-04T13:40:04.4644688Z 
build	Build + Test	2026-10-04T13:40:04.4724741Z QuantizerFromStateTest > NVQuantizerFromState > roundTrip_producesIdenticalScores() PASSED
build	Build + Test	2026-10-04T13:40:04.4797278Z 
build	Build + Test	2026-10-04T13:40:04.4888323Z QuantizerFromStateTest > NVQuantizerFromState > roundTrip_encodesIdenticalBytes() PASSED
build	Build + Test	2026-10-04T13:40:04.4927744Z 
build	Build + Test	2026-10-04T13:40:04.4978031Z QuantizerFromStateTest > RaBitQuantizerFromState > roundTrip_producesIdenticalScores() PASSED
build	Build + Test	2026-10-04T13:40:04.5057262Z 
build	Build + Test	2026-10-04T13:40:04.5134126Z QuantizerFromStateTest > BinaryQuantizerFromState > roundTrip_bbq_producesIdenticalScores() PASSED
build	Build + Test	2026-10-04T13:40:04.5197146Z 
build	Build + Test	2026-10-04T13:40:04.5245948Z QuantizerFromStateTest > BinaryQuantizerFromState > roundTrip_signBit_producesIdenticalScores() PASSED
build	Build + Test	2026-10-04T13:40:04.5317231Z 
build	Build + Test	2026-10-04T13:40:04.5408140Z QuantizerFromStateTest > ProductQuantizerFromState > roundTrip_producesIdenticalScores() PASSED
build	Build + Test	2026-10-04T13:40:04.5467072Z 
build	Build + Test	2026-10-04T13:40:04.5491166Z QuantizerFromStateTest > ProductQuantizerFromState > roundTrip_encodesIdenticalBytes() PASSED
build	Build + Test	2026-10-04T13:40:04.5547502Z 
build	Build + Test	2026-10-04T13:40:04.5608126Z QuantizerFromStateTest > RotationFromState > givensRotation_fromCosSin_roundTrip() PASSED
build	Build + Test	2026-10-04T13:40:04.5609025Z 
build	Build + Test	2026-10-04T13:40:04.5668026Z QuantizerFromStateTest > RotationFromState > randomRotation_fromMatrix_roundTrip() PASSED
build	Build + Test	2026-10-04T13:40:04.5727080Z 
build	Build + Test	2026-10-04T13:40:04.5735963Z QuantizerFromStateTest > RotationFromState > quaternionRotation_fromQuaternions_roundTrip() PASSED
build	Build + Test	2026-10-04T13:40:04.5797481Z 
build	Build + Test	2026-10-04T13:40:04.5828074Z RaBitQuantizerTest > BitOperations > asymmetricByteTimesBit_matchesNaiveComputation() PASSED
build	Build + Test	2026-10-04T13:40:04.5857392Z 
build	Build + Test	2026-10-04T13:40:04.5917967Z RaBitQuantizerTest > BitOperations > asymmetricByteTimesBit_allBitsSet_sumAllQueryBytes() PASSED
build	Build + Test	2026-10-04T13:40:04.5918867Z 
build	Build + Test	2026-10-04T13:40:04.5919419Z RaBitQuantizerTest > BitOperations > asymmetricByteTimesBit_noBitsSet_sumIsZero() PASSED
build	Build + Test	2026-10-04T13:40:04.5920179Z 
build	Build + Test	2026-10-04T13:40:04.5920646Z RaBitQuantizerTest > BitOperations > dimensionPadding_to64Multiple() PASSED
build	Build + Test	2026-10-04T13:40:04.6508539Z 
build	Build + Test	2026-10-04T13:40:04.6590708Z RaBitQuantizerTest > ScoringTests > rabitq_competitive_withBBQ_onRandomData() PASSED
build	Build + Test	2026-10-04T13:40:04.6647247Z 
build	Build + Test	2026-10-04T13:40:04.6694358Z RaBitQuantizerTest > ScoringTests > rabitq_betterThanSimpleBQ_onRandomData() PASSED
build	Build + Test	2026-10-04T13:40:04.6737324Z 
build	Build + Test	2026-10-04T13:40:04.6798325Z RaBitQuantizerTest > ScoringTests > scoreCorrelatesWithTrueScore(SimilarityFunction) > [1] simFunc=EUCLIDEAN PASSED
build	Build + Test	2026-10-04T13:40:04.7491169Z 
build	Build + Test	2026-10-04T13:40:04.7548295Z RaBitQuantizerTest > ScoringTests > scoreCorrelatesWithTrueScore(SimilarityFunction) > [2] simFunc=DOT_PRODUCT PASSED
build	Build + Test	2026-10-04T13:40:04.7577160Z 
build	Build + Test	2026-10-04T13:40:04.7608291Z RaBitQuantizerTest > ScoringTests > scoreCorrelatesWithTrueScore(SimilarityFunction) > [3] simFunc=COSINE PASSED
build	Build + Test	2026-10-04T13:40:04.7667257Z 
build	Build + Test	2026-10-04T13:40:04.7728291Z RaBitQuantizerTest > ScoringTests > scoreCorrelatesWithTrueScore(SimilarityFunction) > [4] simFunc=MAXIMUM_INNER_PRODUCT PASSED
build	Build + Test	2026-10-04T13:40:04.7757189Z 
build	Build + Test	2026-10-04T13:40:04.7788179Z RaBitQuantizerTest > DistanceEstimation > estimatedDistance_rankCorrelation_cosine() PASSED
build	Build + Test	2026-10-04T13:40:04.8491570Z 
build	Build + Test	2026-10-04T13:40:04.8541510Z RaBitQuantizerTest > DistanceEstimation > estimatedDistance_rankCorrelation_dotProduct() PASSED
build	Build + Test	2026-10-04T13:40:04.8586598Z 
build	Build + Test	2026-10-04T13:40:04.8607939Z RaBitQuantizerTest > DistanceEstimation > estimatedDistance_isUnbiased_averageCloseToTrue() PASSED
build	Build + Test	2026-10-04T13:40:04.8661045Z 
build	Build + Test	2026-10-04T13:40:04.8710150Z RaBitQuantizerTest > DistanceEstimation > estimatedDistance_rankCorrelation_mip() PASSED
build	Build + Test	2026-10-04T13:40:04.8766427Z 
build	Build + Test	2026-10-04T13:40:04.8819089Z RaBitQuantizerTest > DistanceEstimation > estimatedDistance_rankCorrelation_euclidean() PASSED
build	Build + Test	2026-10-04T13:40:04.8850915Z 
build	Build + Test	2026-10-04T13:40:04.8903133Z RaBitQuantizerTest > EncodingTests > corrections_x0InExpectedRange() PASSED
build	Build + Test	2026-10-04T13:40:04.8937208Z 
build	Build + Test	2026-10-04T13:40:04.8987834Z RaBitQuantizerTest > EncodingTests > corrections_factorIpNonZero() PASSED
build	Build + Test	2026-10-04T13:40:04.9039490Z 
build	Build + Test	2026-10-04T13:40:04.9095478Z RaBitQuantizerTest > EncodingTests > encodedByteSize_matchesPaddedDimDiv8() PASSED
build	Build + Test	2026-10-04T13:40:04.9127088Z 
build	Build + Test	2026-10-04T13:40:04.9167757Z RaBitQuantizerTest > EncodingTests > encode_centersAndRotatesBeforeSignBit() PASSED
build	Build + Test	2026-10-04T13:40:04.9491482Z 
build	Build + Test	2026-10-04T13:40:04.9548224Z RaBitQuantizerTest > EncodingTests > encode_dimensionMismatch_throws() PASSED
build	Build + Test	2026-10-04T13:40:04.9559023Z 
build	Build + Test	2026-10-04T13:40:04.9638104Z RaBitQuantizerTest > EncodingTests > encode_reusedDstBuffer_doesNotCorruptBits() PASSED
build	Build + Test	2026-10-04T13:40:04.9667106Z 
build	Build + Test	2026-10-04T13:40:04.9727910Z RaBitQuantizerTest > EncodingTests > encodeAndDecode_roundTrip_approximatesOriginal() PASSED
build	Build + Test	2026-10-04T13:40:04.9757319Z 
build	Build + Test	2026-10-04T13:40:04.9784197Z RaBitQuantizerTest > EncodingTests > corrections_sqrXEqualsSquaredNormOfCenteredVector() PASSED
build	Build + Test	2026-10-04T13:40:04.9842727Z 
build	Build + Test	2026-10-04T13:40:04.9898190Z RaBitQuantizerTest > EncodingTests > compressionRatio_accountsForCorrectionOverhead() PASSED
build	Build + Test	2026-10-04T13:40:04.9947132Z 
build	Build + Test	2026-10-04T13:40:04.9978413Z RaBitQuantizerTest > RotationTests > rotation_preservesNorm() PASSED
build	Build + Test	2026-10-04T13:40:05.0044119Z 
build	Build + Test	2026-10-04T13:40:05.0097569Z RaBitQuantizerTest > RotationTests > rotation_inverseRotate_undoesRotation() PASSED
build	Build + Test	2026-10-04T13:40:05.0127108Z 
build	Build + Test	2026-10-04T13:40:05.0198196Z RaBitQuantizerTest > RotationTests > rotation_isOrthogonal_QTQ_equalsIdentity() PASSED
build	Build + Test	2026-10-04T13:40:05.0497239Z 
build	Build + Test	2026-10-04T13:40:05.0558094Z RaBitQuantizerTest > RotationTests > rotation_preservesDistances() PASSED
build	Build + Test	2026-10-04T13:40:05.0598637Z 
build	Build + Test	2026-10-04T13:40:05.0658259Z RaBitQuantizerTest > RotationTests > rotation_different_withDifferentSeeds() PASSED
build	Build + Test	2026-10-04T13:40:05.0701995Z 
build	Build + Test	2026-10-04T13:40:05.0720869Z RaBitQuantizerTest > RotationTests > rotation_deterministic_withSameSeed() PASSED
build	Build + Test	2026-10-04T13:40:05.0787162Z 
build	Build + Test	2026-10-04T13:40:05.0839039Z RaBitQuantizerTest > RotationTests > rotation_preservesDotProduct() PASSED
build	Build + Test	2026-10-04T13:40:05.0903979Z 
build	Build + Test	2026-10-04T13:40:05.0929791Z RaBitQuantizerTest > DefaultRotation > train_withSeed_defaultsToGivensRotation() PASSED
build	Build + Test	2026-10-04T13:40:05.0967092Z 
build	Build + Test	2026-10-04T13:40:05.1027788Z RaBitQuantizerTest > DefaultRotation > train_noSeed_defaultsToGivensRotation() PASSED
build	Build + Test	2026-10-04T13:40:05.1083423Z 
build	Build + Test	2026-10-04T13:40:05.1162613Z RotationTest > RotationInterfaceTests > allImplementations_satisfyContract_64d() PASSED
build	Build + Test	2026-10-04T13:40:05.1207664Z 
build	Build + Test	2026-10-04T13:40:05.1318086Z RotationTest > RotationInterfaceTests > randomRotation_dimensionTooSmall_throws() PASSED
build	Build + Test	2026-10-04T13:40:05.1498443Z 
build	Build + Test	2026-10-04T13:40:05.1565571Z RotationTest > RotationInterfaceTests > allImplementations_satisfyContract_128d() PASSED
build	Build + Test	2026-10-04T13:40:05.1687906Z 
build	Build + Test	2026-10-04T13:40:05.1738367Z RotationTest > RotationInterfaceTests > rotationIsPolymorphic_canBeUsedInterchangeably() PASSED
build	Build + Test	2026-10-04T13:40:05.1861313Z 
build	Build + Test	2026-10-04T13:40:05.1941592Z RotationTest > QuaternionRotationTests > different_withDifferentSeeds() PASSED
build	Build + Test	2026-10-04T13:40:05.2027637Z 
build	Build + Test	2026-10-04T13:40:05.2094153Z RotationTest > QuaternionRotationTests > dimensionTooSmall_throws() PASSED
build	Build + Test	2026-10-04T13:40:05.2118800Z 
build	Build + Test	2026-10-04T13:40:05.2198072Z RotationTest > QuaternionRotationTests > dimensionMismatch_throws() PASSED
build	Build + Test	2026-10-04T13:40:05.2271728Z 
build	Build + Test	2026-10-04T13:40:05.2297989Z RotationTest > QuaternionRotationTests > nonMultipleOf4_trailingElementsPassThrough() PASSED
build	Build + Test	2026-10-04T13:40:05.2327159Z 
build	Build + Test	2026-10-04T13:40:05.2357890Z RotationTest > QuaternionRotationTests > dimension_returnsCorrectValue() PASSED
build	Build + Test	2026-10-04T13:40:05.2427149Z 
build	Build + Test	2026-10-04T13:40:05.2458044Z RotationTest > QuaternionRotationTests > deterministic_withSameSeed() PASSED
build	Build + Test	2026-10-04T13:40:05.2507226Z 
build	Build + Test	2026-10-04T13:40:05.2609422Z RotationTest > QuaternionRotationTests > worksWithRaBitQuantizer() PASSED
build	Build + Test	2026-10-04T13:40:05.2668545Z 
build	Build + Test	2026-10-04T13:40:05.2738043Z RotationTest > QuaternionRotationTests > roundTrip_recoversOriginal() PASSED
build	Build + Test	2026-10-04T13:40:05.2827335Z 
build	Build + Test	2026-10-04T13:40:05.2858117Z RotationTest > QuaternionRotationTests > preservesDistances_128d() PASSED
build	Build + Test	2026-10-04T13:40:05.2937197Z 
build	Build + Test	2026-10-04T13:40:05.2998063Z RotationTest > GivensRotationTests > different_withDifferentSeeds() PASSED
build	Build + Test	2026-10-04T13:40:05.3073196Z 
build	Build + Test	2026-10-04T13:40:05.3158186Z RotationTest > GivensRotationTests > dimensionTooSmall_throws() PASSED
build	Build + Test	2026-10-04T13:40:05.3187086Z 
build	Build + Test	2026-10-04T13:40:05.3256205Z RotationTest > GivensRotationTests > dimensionMismatch_throws() PASSED
build	Build + Test	2026-10-04T13:40:05.3327268Z 
build	Build + Test	2026-10-04T13:40:05.3387970Z RotationTest > GivensRotationTests > dimension_returnsCorrectValue() PASSED
build	Build + Test	2026-10-04T13:40:05.3447154Z 
build	Build + Test	2026-10-04T13:40:05.3488179Z RotationTest > GivensRotationTests > deterministic_withSameSeed() PASSED
build	Build + Test	2026-10-04T13:40:05.3567330Z 
build	Build + Test	2026-10-04T13:40:05.3679725Z RotationTest > GivensRotationTests > worksWithRaBitQuantizer() PASSED
build	Build + Test	2026-10-04T13:40:05.3798782Z 
build	Build + Test	2026-10-04T13:40:05.3858071Z RotationTest > GivensRotationTests > roundTrip_recoversOriginal() PASSED
build	Build + Test	2026-10-04T13:40:05.3907327Z 
build	Build + Test	2026-10-04T13:40:05.3968202Z RotationTest > GivensRotationTests > oddDimension_lastElementPassesThrough() PASSED
build	Build + Test	2026-10-04T13:40:05.4057383Z 
build	Build + Test	2026-10-04T13:40:05.4087966Z RotationTest > GivensRotationTests > preservesDistances_128d() PASSED
build	Build + Test	2026-10-04T13:40:05.5557315Z 
build	Build + Test	2026-10-04T13:40:05.5670853Z ScalarQuantizerRepeatedValuesTest > repeatedValuesMatchSortedQuantilesWithoutQuadraticWork() PASSED
build	Build + Test	2026-10-04T13:40:05.5749267Z 
build	Build + Test	2026-10-04T13:40:05.5793146Z ScalarQuantizerTest > ArrayVectorDatasetTest > emptyDataset_throws() PASSED
build	Build + Test	2026-10-04T13:40:05.5849691Z 
build	Build + Test	2026-10-04T13:40:05.5907936Z ScalarQuantizerTest > ArrayVectorDatasetTest > basicProperties() PASSED
build	Build + Test	2026-10-04T13:40:05.6000996Z 
build	Build + Test	2026-10-04T13:40:05.6068257Z ScalarQuantizerTest > Int4Quantization > variousDimensions_encodeDecodeRoundTrip(int) > [1] dim=3 PASSED
build	Build + Test	2026-10-04T13:40:05.6177821Z 
build	Build + Test	2026-10-04T13:40:05.6268111Z ScalarQuantizerTest > Int4Quantization > variousDimensions_encodeDecodeRoundTrip(int) > [2] dim=4 PASSED
build	Build + Test	2026-10-04T13:40:05.6347182Z 
build	Build + Test	2026-10-04T13:40:05.6458316Z ScalarQuantizerTest > Int4Quantization > variousDimensions_encodeDecodeRoundTrip(int) > [3] dim=15 PASSED
build	Build + Test	2026-10-04T13:40:05.6497086Z 
build	Build + Test	2026-10-04T13:40:05.6570545Z ScalarQuantizerTest > Int4Quantization > variousDimensions_encodeDecodeRoundTrip(int) > [4] dim=16 PASSED
build	Build + Test	2026-10-04T13:40:05.6640210Z 
build	Build + Test	2026-10-04T13:40:05.6738400Z ScalarQuantizerTest > Int4Quantization > variousDimensions_encodeDecodeRoundTrip(int) > [5] dim=17 PASSED
build	Build + Test	2026-10-04T13:40:05.6787374Z 
build	Build + Test	2026-10-04T13:40:05.6903310Z ScalarQuantizerTest > Int4Quantization > variousDimensions_encodeDecodeRoundTrip(int) > [6] dim=128 PASSED
build	Build + Test	2026-10-04T13:40:05.6979216Z 
build	Build + Test	2026-10-04T13:40:05.7038416Z ScalarQuantizerTest > Int4Quantization > variousDimensions_encodeDecodeRoundTrip(int) > [7] dim=129 PASSED
build	Build + Test	2026-10-04T13:40:05.7119593Z 
build	Build + Test	2026-10-04T13:40:05.7178395Z ScalarQuantizerTest > Int4Quantization > variousDimensions_encodeDecodeRoundTrip(int) > [8] dim=768 PASSED
build	Build + Test	2026-10-04T13:40:05.7287309Z 
build	Build + Test	2026-10-04T13:40:05.7364973Z ScalarQuantizerTest > Int4Quantization > allSimilarityFunctions_returnFiniteScores(SimilarityFunction) > [1] simFunc=EUCLIDEAN PASSED
build	Build + Test	2026-10-04T13:40:05.7430092Z 
build	Build + Test	2026-10-04T13:40:05.7468755Z ScalarQuantizerTest > Int4Quantization > allSimilarityFunctions_returnFiniteScores(SimilarityFunction) > [2] simFunc=DOT_PRODUCT PASSED
build	Build + Test	2026-10-04T13:40:05.7587221Z 
build	Build + Test	2026-10-04T13:40:05.7588511Z ScalarQuantizerTest > Int4Quantization > allSimilarityFunctions_returnFiniteScores(SimilarityFunction) > [3] simFunc=COSINE PASSED
build	Build + Test	2026-10-04T13:40:05.7589610Z 
build	Build + Test	2026-10-04T13:40:05.7590570Z ScalarQuantizerTest > Int4Quantization > allSimilarityFunctions_returnFiniteScores(SimilarityFunction) > [4] simFunc=MAXIMUM_INNER_PRODUCT PASSED
build	Build + Test	2026-10-04T13:40:05.7591741Z 
build	Build + Test	2026-10-04T13:40:05.7592222Z ScalarQuantizerTest > Int4Quantization > packedNibbles_correctBitLayout() PASSED
build	Build + Test	2026-10-04T13:40:05.7592876Z 
build	Build + Test	2026-10-04T13:40:05.7593275Z ScalarQuantizerTest > Int4Quantization > fromQuantiles_int4() PASSED
build	Build + Test	2026-10-04T13:40:05.7594375Z 
build	Build + Test	2026-10-04T13:40:05.7594805Z ScalarQuantizerTest > Int4Quantization > rankCorrelation_recall10() PASSED
build	Build + Test	2026-10-04T13:40:05.7595488Z 
build	Build + Test	2026-10-04T13:40:05.7668176Z ScalarQuantizerTest > Int4Quantization > gaussianVectors_scoreCorrelation() PASSED
build	Build + Test	2026-10-04T13:40:05.7757174Z 
build	Build + Test	2026-10-04T13:40:05.7838310Z ScalarQuantizerTest > Int4Quantization > meanAbsoluteError_higherThanInt8() PASSED
build	Build + Test	2026-10-04T13:40:05.7857250Z 
build	Build + Test	2026-10-04T13:40:05.7857910Z ScalarQuantizerTest > Int4Quantization > selfScore_isHighForNormalizedVectors() PASSED
build	Build + Test	2026-10-04T13:40:05.7858635Z 
build	Build + Test	2026-10-04T13:40:05.7859117Z ScalarQuantizerTest > Int4Quantization > encodeAll_producesCorrectSize() PASSED
build	Build + Test	2026-10-04T13:40:05.7859761Z 
build	Build + Test	2026-10-04T13:40:05.7860300Z ScalarQuantizerTest > Int4Quantization > euclideanScore_correlatesWithTrueScore() PASSED
build	Build + Test	2026-10-04T13:40:05.7861041Z 
build	Build + Test	2026-10-04T13:40:05.7861500Z ScalarQuantizerTest > Int4Quantization > encodedSize_isHalfDimension() PASSED
build	Build + Test	2026-10-04T13:40:05.8517193Z 
build	Build + Test	2026-10-04T13:40:05.8590248Z ScalarQuantizerTest > Int4Quantization > dotProductScore_correlatesWithTrueScore() PASSED
build	Build + Test	2026-10-04T13:40:05.8667248Z 
build	Build + Test	2026-10-04T13:40:05.8740289Z ScalarQuantizerTest > Int4Quantization > encodeInt4_reusedDstBuffer_doesNotCorruptHighNibble() PASSED
build	Build + Test	2026-10-04T13:40:05.8810472Z 
build	Build + Test	2026-10-04T13:40:05.8928180Z ScalarQuantizerTest > Int4Quantization > roundTrip_withinTolerance() PASSED
build	Build + Test	2026-10-04T13:40:05.8948701Z 
build	Build + Test	2026-10-04T13:40:05.8997994Z ScalarQuantizerTest > Int4Quantization > train_int4_setsCorrectBits() PASSED
build	Build + Test	2026-10-04T13:40:05.9057248Z 
build	Build + Test	2026-10-04T13:40:05.9158204Z ScalarQuantizerTest > Int4Quantization > encodedSize_oddDimension() PASSED
build	Build + Test	2026-10-04T13:40:05.9217298Z 
build	Build + Test	2026-10-04T13:40:05.9258025Z ScalarQuantizerTest > EdgeCases > singleVector_trains() PASSED
build	Build + Test	2026-10-04T13:40:05.9318211Z 
build	Build + Test	2026-10-04T13:40:05.9347837Z ScalarQuantizerTest > EdgeCases > smallDataset_noSampling() PASSED
build	Build + Test	2026-10-04T13:40:05.9597319Z 
build	Build + Test	2026-10-04T13:40:05.9649799Z ScalarQuantizerTest > EdgeCases > reconstructionError_stableAcrossSamples() PASSED
build	Build + Test	2026-10-04T13:40:05.9697157Z 
build	Build + Test	2026-10-04T13:40:05.9711560Z ScalarQuantizerTest > EdgeCases > highDimensional_768() PASSED
build	Build + Test	2026-10-04T13:40:05.9760277Z 
build	Build + Test	2026-10-04T13:40:05.9807826Z ScalarQuantizerTest > EdgeCases > uniformData_degenerateRange() PASSED
build	Build + Test	2026-10-04T13:40:05.9867182Z 
build	Build + Test	2026-10-04T13:40:05.9872971Z ScalarQuantizerTest > CompressionRatio > int4_compressionIs8x() PASSED
build	Build + Test	2026-10-04T13:40:05.9923679Z 
build	Build + Test	2026-10-04T13:40:05.9927684Z ScalarQuantizerTest > CompressionRatio > int8_compressionIs4x() PASSED
build	Build + Test	2026-10-04T13:40:05.9928339Z 
build	Build + Test	2026-10-04T13:40:05.9929135Z ScalarQuantizerTest > Scoring > allSimilarityFunctions_returnFiniteScores(SimilarityFunction) > [1] simFunc=EUCLIDEAN PASSED
build	Build + Test	2026-10-04T13:40:05.9930097Z 
build	Build + Test	2026-10-04T13:40:05.9930903Z ScalarQuantizerTest > Scoring > allSimilarityFunctions_returnFiniteScores(SimilarityFunction) > [2] simFunc=DOT_PRODUCT PASSED
build	Build + Test	2026-10-04T13:40:05.9931858Z 
build	Build + Test	2026-10-04T13:40:05.9932632Z ScalarQuantizerTest > Scoring > allSimilarityFunctions_returnFiniteScores(SimilarityFunction) > [3] simFunc=COSINE PASSED
build	Build + Test	2026-10-04T13:40:05.9933569Z 
build	Build + Test	2026-10-04T13:40:05.9934423Z ScalarQuantizerTest > Scoring > allSimilarityFunctions_returnFiniteScores(SimilarityFunction) > [4] simFunc=MAXIMUM_INNER_PRODUCT PASSED
build	Build + Test	2026-10-04T13:40:06.0518076Z 
build	Build + Test	2026-10-04T13:40:06.0578340Z ScalarQuantizerTest > Scoring > scoringError_scalesWithConfidenceInterval(float) > [1] ci=0.9 PASSED
build	Build + Test	2026-10-04T13:40:06.0647187Z 
build	Build + Test	2026-10-04T13:40:06.0726851Z ScalarQuantizerTest > Scoring > scoringError_scalesWithConfidenceInterval(float) > [2] ci=0.95 PASSED
build	Build + Test	2026-10-04T13:40:06.0797160Z 
build	Build + Test	2026-10-04T13:40:06.0852984Z ScalarQuantizerTest > Scoring > scoringError_scalesWithConfidenceInterval(float) > [3] ci=0.99 PASSED
build	Build + Test	2026-10-04T13:40:06.0909848Z 
build	Build + Test	2026-10-04T13:40:06.0958176Z ScalarQuantizerTest > Scoring > scoringError_scalesWithConfidenceInterval(float) > [4] ci=1.0 PASSED
build	Build + Test	2026-10-04T13:40:06.1007118Z 
build	Build + Test	2026-10-04T13:40:06.1069941Z ScalarQuantizerTest > Scoring > gaussianVectors_scoreCorrelation() PASSED
build	Build + Test	2026-10-04T13:40:06.1127103Z 
build	Build + Test	2026-10-04T13:40:06.1167888Z ScalarQuantizerTest > Scoring > maximumInnerProduct_correlatesWithTrueScore() PASSED
build	Build + Test	2026-10-04T13:40:06.1227263Z 
build	Build + Test	2026-10-04T13:40:06.1308064Z ScalarQuantizerTest > Scoring > selfScore_isHighForNormalizedVectors() PASSED
build	Build + Test	2026-10-04T13:40:06.1497366Z 
build	Build + Test	2026-10-04T13:40:06.1550059Z ScalarQuantizerTest > Scoring > rankCorrelation_recall10_isHigh() PASSED
build	Build + Test	2026-10-04T13:40:06.1609467Z 
build	Build + Test	2026-10-04T13:40:06.1647760Z ScalarQuantizerTest > Scoring > euclideanScore_correlatesWithTrueScore() PASSED
build	Build + Test	2026-10-04T13:40:06.1737220Z 
build	Build + Test	2026-10-04T13:40:06.1837998Z ScalarQuantizerTest > Scoring > cosineScore_correlatesWithTrueScore() PASSED
build	Build + Test	2026-10-04T13:40:06.1909122Z 
build	Build + Test	2026-10-04T13:40:06.1988031Z ScalarQuantizerTest > Scoring > dotProductScore_correlatesWithTrueScore() PASSED
build	Build + Test	2026-10-04T13:40:06.2037242Z 
build	Build + Test	2026-10-04T13:40:06.2179320Z ScalarQuantizerTest > EncodeAndDecode > encode_returnsCorrectionFactor() PASSED
build	Build + Test	2026-10-04T13:40:06.2247195Z 
build	Build + Test	2026-10-04T13:40:06.2257867Z ScalarQuantizerTest > EncodeAndDecode > encodeClamps_outOfRangeValues() PASSED
build	Build + Test	2026-10-04T13:40:06.2347226Z 
build	Build + Test	2026-10-04T13:40:06.2428259Z ScalarQuantizerTest > EncodeAndDecode > meanAbsoluteError_boundedByPrecision() PASSED
build	Build + Test	2026-10-04T13:40:06.2527238Z 
build	Build + Test	2026-10-04T13:40:06.2588004Z ScalarQuantizerTest > EncodeAndDecode > encodeAll_producesCorrectSize(int) > [1] dim=3 PASSED
build	Build + Test	2026-10-04T13:40:06.2617185Z 
build	Build + Test	2026-10-04T13:40:06.2699108Z ScalarQuantizerTest > EncodeAndDecode > encodeAll_producesCorrectSize(int) > [2] dim=16 PASSED
build	Build + Test	2026-10-04T13:40:06.2777171Z 
build	Build + Test	2026-10-04T13:40:06.2807950Z ScalarQuantizerTest > EncodeAndDecode > encodeAll_producesCorrectSize(int) > [3] dim=128 PASSED
build	Build + Test	2026-10-04T13:40:06.2857236Z 
build	Build + Test	2026-10-04T13:40:06.2918038Z ScalarQuantizerTest > EncodeAndDecode > encodeAll_producesCorrectSize(int) > [4] dim=768 PASSED
build	Build + Test	2026-10-04T13:40:06.2977084Z 
build	Build + Test	2026-10-04T13:40:06.3038554Z ScalarQuantizerTest > EncodeAndDecode > decode_atBoundaries() PASSED
build	Build + Test	2026-10-04T13:40:06.3079308Z 
build	Build + Test	2026-10-04T13:40:06.3127728Z ScalarQuantizerTest > EncodeAndDecode > encode_wrongDimension_throws() PASSED
build	Build + Test	2026-10-04T13:40:06.3157068Z 
build	Build + Test	2026-10-04T13:40:06.3217784Z ScalarQuantizerTest > EncodeAndDecode > gaussianData_roundTrip_withinTolerance() PASSED
build	Build + Test	2026-10-04T13:40:06.3247011Z 
build	Build + Test	2026-10-04T13:40:06.3277740Z ScalarQuantizerTest > EncodeAndDecode > roundTrip_withinTolerance() PASSED
build	Build + Test	2026-10-04T13:40:06.3337149Z 
build	Build + Test	2026-10-04T13:40:06.3408003Z ScalarQuantizerTest > EncodeAndDecode > encodedBytesInRange_0to127() PASSED
build	Build + Test	2026-10-04T13:40:06.3460425Z 
build	Build + Test	2026-10-04T13:40:06.3491608Z ScalarQuantizerTest > Training > invalidConfidenceInterval_throws() PASSED
build	Build + Test	2026-10-04T13:40:06.3527215Z 
build	Build + Test	2026-10-04T13:40:06.3577925Z ScalarQuantizerTest > Training > quantileComputation_matchesExpectedPercentiles() PASSED
build	Build + Test	2026-10-04T13:40:06.3620415Z 
build	Build + Test	2026-10-04T13:40:06.3647935Z ScalarQuantizerTest > Training > trainWithNarrowConfidence_excludesOutliers() PASSED
build	Build + Test	2026-10-04T13:40:06.3725119Z 
build	Build + Test	2026-10-04T13:40:06.3748045Z ScalarQuantizerTest > Training > trainVariousDimensions(int) > [1] dim=3 PASSED
build	Build + Test	2026-10-04T13:40:06.3827268Z 
build	Build + Test	2026-10-04T13:40:06.3912847Z ScalarQuantizerTest > Training > trainVariousDimensions(int) > [2] dim=16 PASSED
build	Build + Test	2026-10-04T13:40:06.3957265Z 
build	Build + Test	2026-10-04T13:40:06.3997978Z ScalarQuantizerTest > Training > trainVariousDimensions(int) > [3] dim=128 PASSED
build	Build + Test	2026-10-04T13:40:06.4020200Z 
build	Build + Test	2026-10-04T13:40:06.4082136Z ScalarQuantizerTest > Training > trainVariousDimensions(int) > [4] dim=768 PASSED
build	Build + Test	2026-10-04T13:40:06.4148328Z 
build	Build + Test	2026-10-04T13:40:06.4198050Z ScalarQuantizerTest > Training > trainVariousDimensions(int) > [5] dim=1536 PASSED
build	Build + Test	2026-10-04T13:40:06.4207078Z 
build	Build + Test	2026-10-04T13:40:06.4257851Z ScalarQuantizerTest > Training > trainFromDataset_computesReasonableQuantiles() PASSED
build	Build + Test	2026-10-04T13:40:06.4317115Z 
build	Build + Test	2026-10-04T13:40:06.4356154Z ScalarQuantizerTest > Training > trainWithFullConfidence_usesAbsoluteMinMax() PASSED
build	Build + Test	2026-10-04T13:40:06.4427168Z 
build	Build + Test	2026-10-04T13:40:06.4483974Z ScalarQuantizerTest > Training > fromQuantiles_invalidRange_throws() PASSED
build	Build + Test	2026-10-04T13:40:06.4537212Z 
build	Build + Test	2026-10-04T13:40:06.4598337Z ScalarQuantizerTest > Training > fromQuantiles_setsExplicitBounds() PASSED
build	Build + Test	2026-10-04T13:40:06.4603808Z 
build	Build + Test	2026-10-04T13:40:06.4617761Z ScalarQuantizerTest > Training > trainOnGaussianData() PASSED
build	Build + Test	2026-10-04T13:40:06.4631591Z 
build	Build + Test	2026-10-04T13:40:06.4671028Z TurboQuantizerTest > UnbiasedProdTests > prodReconstructionRoundTripsThroughEncodeAll() PASSED
build	Build + Test	2026-10-04T13:40:06.5537338Z 
build	Build + Test	2026-10-04T13:40:06.5614035Z TurboQuantizerTest > UnbiasedProdTests > qjlEstimatorIsApproximatelyUnbiased() PASSED
build	Build + Test	2026-10-04T13:40:23.6548046Z WARNING: Using incubator modules: jdk.incubator.vector
build	Build + Test	2026-10-04T13:40:23.6548670Z 
build	Build + Test	2026-10-04T13:40:23.6607526Z > Task :vectors-server:test
build	Build + Test	2026-10-04T13:40:23.6702101Z 
build	Build + Test	2026-10-04T13:40:23.6767751Z AuthTest > protectedRoutesAllowRequestsWhenAuthIsDisabled() PASSED
build	Build + Test	2026-10-04T13:40:23.6827186Z 
build	Build + Test	2026-10-04T13:40:23.6879817Z AuthTest > protectedRoutesRejectMissingOrWrongBearerToken() PASSED
build	Build + Test	2026-10-04T13:40:23.6997173Z 
build	Build + Test	2026-10-04T13:40:23.6997908Z AuthTest > protectedRoutesAcceptMatchingBearerToken() PASSED
build	Build + Test	2026-10-04T13:40:23.6998504Z 
build	Build + Test	2026-10-04T13:40:23.6998919Z AuthTest > metricsRequiresBearerTokenWhenAuthIsEnabled() PASSED
build	Build + Test	2026-10-04T13:40:23.6999484Z 
build	Build + Test	2026-10-04T13:40:23.6999900Z AuthTest > healthAndReadyRoutesStayPublicWhenAuthIsEnabled() PASSED
build	Build + Test	2026-10-04T13:40:23.7000524Z 
build	Build + Test	2026-10-04T13:40:23.7001044Z BulkRoutesTest > vectorsBatchReturnsRequestedVectorsAndReportsMissing() PASSED
build	Build + Test	2026-10-04T13:40:23.7001738Z 
build	Build + Test	2026-10-04T13:40:23.7002356Z BulkRoutesTest > vectorsBatchMalformedBodyReturnsGenericProblemNoJacksonInternals() PASSED
build	Build + Test	2026-10-04T13:40:23.7003163Z 
build	Build + Test	2026-10-04T13:40:23.7003448Z BulkRoutesTest > sampleRejectsNonPositiveN() PASSED
build	Build + Test	2026-10-04T13:40:23.7003988Z 
build	Build + Test	2026-10-04T13:40:23.7004298Z BulkRoutesTest > documentsRejectsTooLargeLimit() PASSED
build	Build + Test	2026-10-04T13:40:23.7004784Z 
build	Build + Test	2026-10-04T13:40:23.7005104Z BulkRoutesTest > documentsRejectsNegativeOffset() PASSED
build	Build + Test	2026-10-04T13:40:23.7005615Z 
build	Build + Test	2026-10-04T13:40:23.7006013Z BulkRoutesTest > documentsForUnknownCollectionReturns404() PASSED
build	Build + Test	2026-10-04T13:40:23.7006550Z 
build	Build + Test	2026-10-04T13:40:23.7006949Z BulkRoutesTest > sampleHonoursCap() PASSED
build	Build + Test	2026-10-04T13:40:23.7007330Z 
build	Build + Test	2026-10-04T13:40:23.7007651Z BulkRoutesTest > documentsPaginatesAndReportsTotal() PASSED
build	Build + Test	2026-10-04T13:40:23.7008128Z 
build	Build + Test	2026-10-04T13:40:23.7008435Z BulkRoutesTest > documentsIncludesVectorsWhenAsked() PASSED
build	Build + Test	2026-10-04T13:40:23.7008894Z 
build	Build + Test	2026-10-04T13:40:23.7009202Z BulkRoutesTest > sampleIncludesMetadataWhenAsked() PASSED
build	Build + Test	2026-10-04T13:40:23.7009653Z 
build	Build + Test	2026-10-04T13:40:23.7010137Z CollectionRegistryLockTest > runUnderWriteLock_doesNotSerialiseDifferentNames() PASSED
build	Build + Test	2026-10-04T13:40:23.7010788Z 
build	Build + Test	2026-10-04T13:40:23.7011330Z CollectionRegistryLockTest > runUnderWriteLock_serialisesSameName() PASSED
build	Build + Test	2026-10-04T13:40:23.7067081Z 
build	Build + Test	2026-10-04T13:40:23.7148073Z CollectionRegistryLockTest > runUnderWriteLock_propagatesRunnableException() PASSED
build	Build + Test	2026-10-04T13:40:23.7148843Z 
build	Build + Test	2026-10-04T13:40:23.7149351Z CollectionsRoutesTest > dropReportsErrorWhenStorageDirCannotBeFullyDeleted() PASSED
build	Build + Test	2026-10-04T13:40:23.7150020Z 
build	Build + Test	2026-10-04T13:40:23.7150329Z CollectionsRoutesTest > malformedJsonReturns400() PASSED
build	Build + Test	2026-10-04T13:40:23.7150780Z 
build	Build + Test	2026-10-04T13:40:23.7151143Z CollectionsRoutesTest > createCollectionReturns201AndBody() PASSED
build	Build + Test	2026-10-04T13:40:23.7152194Z 
build	Build + Test	2026-10-04T13:40:23.7152509Z CollectionsRoutesTest > duplicateCreateReturns409() PASSED
build	Build + Test	2026-10-04T13:40:23.7152965Z 
build	Build + Test	2026-10-04T13:40:23.7153239Z CollectionsRoutesTest > dropRemovesCollection() PASSED
build	Build + Test	2026-10-04T13:40:23.7153672Z 
build	Build + Test	2026-10-04T13:40:23.7153965Z CollectionsRoutesTest > listAndDescribeRoundTrip() PASSED
build	Build + Test	2026-10-04T13:40:23.7154403Z 
build	Build + Test	2026-10-04T13:40:23.7154698Z CollectionsRoutesTest > describeUnknownReturns404() PASSED
build	Build + Test	2026-10-04T13:40:23.7155145Z 
build	Build + Test	2026-10-04T13:40:23.7155438Z CollectionsRoutesTest > invalidRequestReturns400() PASSED
build	Build + Test	2026-10-04T13:40:23.7155878Z 
build	Build + Test	2026-10-04T13:40:23.7156514Z DocumentsAndSearchTest > searchUnknownCollectionReturns404() PASSED
build	Build + Test	2026-10-04T13:40:23.7157249Z 
build	Build + Test	2026-10-04T13:40:23.7157574Z DocumentsAndSearchTest > tagsMetadataRoundTrip() PASSED
build	Build + Test	2026-10-04T13:40:23.7158062Z 
build	Build + Test	2026-10-04T13:40:23.7158434Z DocumentsAndSearchTest > upsertBatchAndSearchRoundTrip() PASSED
build	Build + Test	2026-10-04T13:40:23.7158987Z 
build	Build + Test	2026-10-04T13:40:23.7159309Z DocumentsAndSearchTest > missingVectorReturns400() PASSED
build	Build + Test	2026-10-04T13:40:23.7159812Z 
build	Build + Test	2026-10-04T13:40:23.7160153Z DocumentsAndSearchTest > malformedFilterReturns400() PASSED
build	Build + Test	2026-10-04T13:40:23.7160662Z 
build	Build + Test	2026-10-04T13:40:23.7161111Z DocumentsAndSearchTest > filteredSearchOnlyReturnsMatchingDocs() PASSED
build	Build + Test	2026-10-04T13:40:23.7161755Z 
build	Build + Test	2026-10-04T13:40:23.7162210Z DocumentsAndSearchTest > documentsForUnknownCollectionReturns404() PASSED
build	Build + Test	2026-10-04T13:40:23.7162849Z 
build	Build + Test	2026-10-04T13:40:23.7163170Z DocumentsAndSearchTest > badDimensionReturns400() PASSED
build	Build + Test	2026-10-04T13:40:23.7163652Z 
build	Build + Test	2026-10-04T13:40:23.7164015Z DocumentsAndSearchTest > commitEndpointIsIdempotent() PASSED
build	Build + Test	2026-10-04T13:40:23.7164552Z 
build	Build + Test	2026-10-04T13:40:23.7164877Z DocumentsAndSearchTest > deleteDocumentRoundTrip() PASSED
build	Build + Test	2026-10-04T13:40:23.7165366Z 
build	Build + Test	2026-10-04T13:40:23.7165678Z HnswEndToEndTest > ingestAndSearch1000DocsHnsw() PASSED
build	Build + Test	2026-10-04T13:40:23.7166163Z 
build	Build + Test	2026-10-04T13:40:23.7166578Z ObservabilityTest > epochReturns200WithEtagAnd304OnMatch() PASSED
build	Build + Test	2026-10-04T13:40:23.7167325Z 
build	Build + Test	2026-10-04T13:40:23.7167628Z ObservabilityTest > healthEndpointStillWorks() PASSED
build	Build + Test	2026-10-04T13:40:23.7168098Z 
build	Build + Test	2026-10-04T13:40:23.7168440Z ObservabilityTest > metricsExposePrometheusFormat() PASSED
build	Build + Test	2026-10-04T13:40:23.7168950Z 
build	Build + Test	2026-10-04T13:40:23.7169313Z ObservabilityTest > epochUnknownCollectionReturns404() PASSED
build	Build + Test	2026-10-04T13:40:23.7169840Z 
build	Build + Test	2026-10-04T13:40:23.7170117Z ObservabilityTest > epochAdvancesOnCommit() PASSED
build	Build + Test	2026-10-04T13:40:23.7170570Z 
build	Build + Test	2026-10-04T13:40:23.7170856Z ObservabilityTest > readyzReturnsPlainText() PASSED
build	Build + Test	2026-10-04T13:40:23.7171317Z 
build	Build + Test	2026-10-04T13:40:23.7171616Z PersistenceTest > createSurvivesRestart(Path) PASSED
build	Build + Test	2026-10-04T13:40:23.7172092Z 
build	Build + Test	2026-10-04T13:40:23.7172595Z PersistenceTest > strayFileInDataDirIsIgnored(Path) PASSED
build	Build + Test	2026-10-04T13:40:23.7228545Z 
build	Build + Test	2026-10-04T13:40:23.7257473Z PersistenceTest > dropRemovesStorageDirectory(Path) PASSED
build	Build + Test	2026-10-04T13:40:23.7352397Z 
build	Build + Test	2026-10-04T13:40:23.7375315Z SseEventsTest > sseEmitsHelloAndEpochEvents() PASSED
build	Build + Test	2026-10-04T13:40:23.7487127Z 
build	Build + Test	2026-10-04T13:40:23.7547799Z SseEventsTest > sseSerializesConcurrentEpochEmitsPerConnection() PASSED
build	Build + Test	2026-10-04T13:40:23.7548484Z 
build	Build + Test	2026-10-04T13:40:23.7590140Z VectorsServerHealthTest > healthEndpointReturnsUp() PASSED
build	Build + Test	2026-10-04T13:40:23.7616995Z 
build	Build + Test	2026-10-04T13:40:23.7647456Z VectorsServerHealthTest > ephemeralPortIsAssigned() PASSED
build	Build + Test	2026-10-04T13:40:23.7677017Z 
build	Build + Test	2026-10-04T13:40:23.7702121Z CreateCollectionRequestTest > negativeKnobIsRejected() PASSED
build	Build + Test	2026-10-04T13:40:23.7727069Z 
build	Build + Test	2026-10-04T13:40:23.7727721Z CreateCollectionRequestTest > ivfPqParamsParseAndBuildSearchableCollection() PASSED
build	Build + Test	2026-10-04T13:40:24.0497210Z 
build	Build + Test	2026-10-04T13:40:24.0527952Z CreateCollectionRequestTest > vamanaParamsParseAndBuildSearchableCollection() PASSED
build	Build + Test	2026-10-04T13:40:24.6517237Z 
build	Build + Test	2026-10-04T13:40:24.6568200Z CreateCollectionRequestTest > hnswStillWorksUnchanged() PASSED
build	Build + Test	2026-10-04T13:40:24.6703301Z 
build	Build + Test	2026-10-04T13:40:24.6767926Z CreateCollectionRequestTest > lowAlphaIsRejected() PASSED
build	Build + Test	2026-10-04T13:40:24.7504652Z 
build	Build + Test	2026-10-04T13:40:24.7603475Z CreateCollectionRequestTest > ivfFlatParamsParseAndBuildSearchableCollection() PASSED
build	Build + Test	2026-10-04T13:40:24.7687275Z 
build	Build + Test	2026-10-04T13:40:24.7850479Z SearchQueryTest > weightedHybridModeIsAccepted() PASSED
build	Build + Test	2026-10-04T13:40:24.7909103Z 
build	Build + Test	2026-10-04T13:40:24.8046262Z SearchQueryTest > hybridModeDefaultsToRrf() PASSED
build	Build + Test	2026-10-04T13:40:24.8127285Z 
build	Build + Test	2026-10-04T13:40:24.8157056Z SearchQueryTest > unknownHybridModeIsRejected() PASSED
build	Build + Test	2026-10-04T13:40:24.8250977Z 
build	Build + Test	2026-10-04T13:40:24.8388235Z FilterParserTest > gtAndLteRange() PASSED
build	Build + Test	2026-10-04T13:40:24.8529985Z 
build	Build + Test	2026-10-04T13:40:24.8618569Z FilterParserTest > gteWithNonNumericValueIsRejected() PASSED
build	Build + Test	2026-10-04T13:40:24.8707297Z 
build	Build + Test	2026-10-04T13:40:24.8778051Z FilterParserTest > eqBool() PASSED
build	Build + Test	2026-10-04T13:40:24.8817111Z 
build	Build + Test	2026-10-04T13:40:24.8897899Z FilterParserTest > missingFieldIsRejected() PASSED
build	Build + Test	2026-10-04T13:40:24.8957162Z 
build	Build + Test	2026-10-04T13:40:24.9015270Z FilterParserTest > emptyInArrayIsRejected() PASSED
build	Build + Test	2026-10-04T13:40:24.9027145Z 
build	Build + Test	2026-10-04T13:40:24.9027584Z FilterParserTest > duplicateLowerRangeBoundsAreRejected() PASSED
build	Build + Test	2026-10-04T13:40:24.9028125Z 
build	Build + Test	2026-10-04T13:40:24.9028331Z FilterParserTest > eqString() PASSED
build	Build + Test	2026-10-04T13:40:24.9028660Z 
build	Build + Test	2026-10-04T13:40:24.9028947Z FilterParserTest > emptyAndArrayIsRejected() PASSED
build	Build + Test	2026-10-04T13:40:24.9117751Z 
build	Build + Test	2026-10-04T13:40:24.9147690Z FilterParserTest > ninWrapsInNot() PASSED
build	Build + Test	2026-10-04T13:40:24.9148195Z 
build	Build + Test	2026-10-04T13:40:24.9148448Z FilterParserTest > eqLongAndDouble() PASSED
build	Build + Test	2026-10-04T13:40:24.9148867Z 
build	Build + Test	2026-10-04T13:40:24.9149177Z FilterParserTest > mixedTypeInArrayIsRejected() PASSED
build	Build + Test	2026-10-04T13:40:24.9149680Z 
build	Build + Test	2026-10-04T13:40:24.9150018Z FilterParserTest > inNumbersMixedIntegralAndReal() PASSED
build	Build + Test	2026-10-04T13:40:24.9150514Z 
build	Build + Test	2026-10-04T13:40:24.9150923Z FilterParserTest > multipleScalarOrSetOperatorsAreRejected() PASSED
build	Build + Test	2026-10-04T13:40:24.9151498Z 
build	Build + Test	2026-10-04T13:40:24.9151727Z FilterParserTest > andCompound() PASSED
build	Build + Test	2026-10-04T13:40:24.9152104Z 
build	Build + Test	2026-10-04T13:40:24.9152563Z FilterParserTest > scalarAndRangeOperatorsAreRejected() PASSED
build	Build + Test	2026-10-04T13:40:24.9240685Z 
build	Build + Test	2026-10-04T13:40:24.9285423Z FilterParserTest > unknownOpIsRejected() PASSED
build	Build + Test	2026-10-04T13:40:24.9397712Z 
build	Build + Test	2026-10-04T13:40:24.9453292Z FilterParserTest > orAndNotNested() PASSED
build	Build + Test	2026-10-04T13:40:24.9537125Z 
build	Build + Test	2026-10-04T13:40:24.9639428Z FilterParserTest > duplicateUpperRangeBoundsAreRejected() PASSED
build	Build + Test	2026-10-04T13:40:24.9657132Z 
build	Build + Test	2026-10-04T13:40:24.9657469Z FilterParserTest > neWrapsInNot() PASSED
build	Build + Test	2026-10-04T13:40:24.9657867Z 
build	Build + Test	2026-10-04T13:40:24.9658082Z FilterParserTest > inStrings() PASSED
build	Build + Test	2026-10-04T13:40:24.9658485Z 
build	Build + Test	2026-10-04T13:40:24.9658697Z FilterParserTest > gteAlone() PASSED
build	Build + Test	2026-10-04T13:40:24.9659037Z 
build	Build + Test	2026-10-04T13:40:24.9659293Z FilterParserTest > nullAndEmptyReturnAll() PASSED
build	Build + Test	2026-10-04T13:40:24.9659706Z 
build	Build + Test	2026-10-04T13:40:24.9660120Z BulkRoutesTest > reservoirReturnsRequestedUniqueInBoundsIndices() PASSED
build	Build + Test	2026-10-04T13:40:24.9660716Z 
build	Build + Test	2026-10-04T13:40:24.9661069Z BulkRoutesTest > reservoirUsesProvidedRandomGenerator() PASSED
build	Build + Test	2026-10-04T13:40:24.9661602Z 
build	Build + Test	2026-10-04T13:40:24.9662015Z BulkRoutesTest > reservoirReturnsEveryIndexWhenTakeCoversTotal() PASSED
build	Build + Test	2026-10-04T13:40:24.9662589Z 
build	Build + Test	2026-10-04T13:40:24.9662970Z SearchRoutesTest > weightedHybridModeSelectsWeightedFusion() PASSED
build	Build + Test	2026-10-04T13:40:24.9663509Z 
build	Build + Test	2026-10-04T13:40:24.9663815Z SearchRoutesTest > rrfHybridModeSelectsRrfFusion() PASSED
build	Build + Test	2026-10-04T13:40:24.9664288Z 
build	Build + Test	2026-10-04T13:40:24.9664599Z SearchRoutesTest > unknownHybridModeIsRejected() PASSED
build	Build + Test	2026-10-04T13:40:25.1517193Z 
build	Build + Test	2026-10-04T13:40:25.1543849Z > Task :vectors-quantization:test
build	Build + Test	2026-10-04T13:40:25.1597218Z 
build	Build + Test	2026-10-04T13:40:25.1639771Z TurboQuantizerTest > BitWidthTests > eightBit_works() PASSED
build	Build + Test	2026-10-04T13:40:25.1669207Z 
build	Build + Test	2026-10-04T13:40:25.1717820Z TurboQuantizerTest > BitWidthTests > moreBits_betterReconstruction() PASSED
build	Build + Test	2026-10-04T13:40:25.1757179Z 
build	Build + Test	2026-10-04T13:40:25.1807679Z TurboQuantizerTest > BitWidthTests > twoBit_works() PASSED
build	Build + Test	2026-10-04T13:40:25.1844499Z 
build	Build + Test	2026-10-04T13:40:25.1898015Z TurboQuantizerTest > RotationStrategyTests > defaultRotation_isPaperFaithfulRandom() PASSED
build	Build + Test	2026-10-04T13:40:25.1909657Z 
build	Build + Test	2026-10-04T13:40:25.1967721Z TurboQuantizerTest > RotationStrategyTests > denseRotation_works() PASSED
build	Build + Test	2026-10-04T13:40:25.2015728Z 
build	Build + Test	2026-10-04T13:40:25.2047845Z TurboQuantizerTest > RotationStrategyTests > rotationDimensionMismatch_throws() PASSED
build	Build + Test	2026-10-04T13:40:25.2107155Z 
build	Build + Test	2026-10-04T13:40:25.2139077Z TurboQuantizerTest > RotationStrategyTests > quaternionRotation_works() PASSED
build	Build + Test	2026-10-04T13:40:25.2167058Z 
build	Build + Test	2026-10-04T13:40:25.2227925Z TurboQuantizerTest > ScoringTests > maximumInnerProduct_scoreCorrelatesWithTrueScore() PASSED
build	Build + Test	2026-10-04T13:40:25.2287043Z 
build	Build + Test	2026-10-04T13:40:25.2287811Z TurboQuantizerTest > ScoringTests > cosine_scoreCorrelatesWithTrueScore() PASSED
build	Build + Test	2026-10-04T13:40:25.2347271Z 
build	Build + Test	2026-10-04T13:40:25.2407920Z TurboQuantizerTest > ScoringTests > dotProduct_scoreCorrelatesWithTrueScore() PASSED
build	Build + Test	2026-10-04T13:40:25.2437061Z 
build	Build + Test	2026-10-04T13:40:25.2491484Z TurboQuantizerTest > ScoringTests > scoreFunction_returnsValidScores(SimilarityFunction) > [1] simFunc=EUCLIDEAN PASSED
build	Build + Test	2026-10-04T13:40:25.2538249Z 
build	Build + Test	2026-10-04T13:40:25.2568528Z TurboQuantizerTest > ScoringTests > scoreFunction_returnsValidScores(SimilarityFunction) > [2] simFunc=DOT_PRODUCT PASSED
build	Build + Test	2026-10-04T13:40:25.2627610Z 
build	Build + Test	2026-10-04T13:40:25.2668181Z TurboQuantizerTest > ScoringTests > scoreFunction_returnsValidScores(SimilarityFunction) > [3] simFunc=COSINE PASSED
build	Build + Test	2026-10-04T13:40:25.2697018Z 
build	Build + Test	2026-10-04T13:40:25.2748256Z TurboQuantizerTest > ScoringTests > scoreFunction_returnsValidScores(SimilarityFunction) > [4] simFunc=MAXIMUM_INNER_PRODUCT PASSED
build	Build + Test	2026-10-04T13:40:25.2797225Z 
build	Build + Test	2026-10-04T13:40:25.2837838Z TurboQuantizerTest > ScoringTests > euclidean_selfScore_isHighest() PASSED
build	Build + Test	2026-10-04T13:40:25.2883828Z 
build	Build + Test	2026-10-04T13:40:25.2927783Z TurboQuantizerTest > ScoringTests > euclidean_scoreCorrelatesWithTrueDistance() PASSED
build	Build + Test	2026-10-04T13:40:25.2928636Z 
build	Build + Test	2026-10-04T13:40:25.2929080Z TurboQuantizerTest > EncodingTests > compressionRatio_isPositive() PASSED
build	Build + Test	2026-10-04T13:40:25.2929706Z 
build	Build + Test	2026-10-04T13:40:25.2930271Z TurboQuantizerTest > EncodingTests > decode_returnsDirectionOnly_magnitudeIsNotPreserved() PASSED
build	Build + Test	2026-10-04T13:40:25.2931007Z 
build	Build + Test	2026-10-04T13:40:25.2931443Z TurboQuantizerTest > EncodingTests > encode_returnsNormAsCorrection() PASSED
build	Build + Test	2026-10-04T13:40:25.2932051Z 
build	Build + Test	2026-10-04T13:40:25.2932479Z TurboQuantizerTest > EncodingTests > encode_dimensionMismatch_throws() PASSED
build	Build + Test	2026-10-04T13:40:25.2933069Z 
build	Build + Test	2026-10-04T13:40:25.2933594Z TurboQuantizerTest > EncodingTests > encodeAndDecode_roundTrip_approximatesOriginal() PASSED
build	Build + Test	2026-10-04T13:40:25.2934307Z 
build	Build + Test	2026-10-04T13:40:25.2934798Z TurboQuantizerTest > EncodingTests > compressionRatio_increasesWithFewerBits() PASSED
build	Build + Test	2026-10-04T13:40:25.2935457Z 
build	Build + Test	2026-10-04T13:40:25.2935875Z TurboQuantizerTest > EncodingTests > encodeAll_producesCorrectSize() PASSED
build	Build + Test	2026-10-04T13:40:25.2936464Z 
build	Build + Test	2026-10-04T13:40:25.2937146Z TurboQuantizerTest > EncodingTests > encode_reusedBuffer_doesNotCorruptBits() PASSED
build	Build + Test	2026-10-04T13:40:25.3527412Z 
build	Build + Test	2026-10-04T13:40:25.3548049Z > Task :vectors-quantization:jacocoTestCoverageVerification
build	Build + Test	2026-10-04T13:40:25.5491656Z > Task :vectors-quantization:spotbugsTest SKIPPED
build	Build + Test	2026-10-04T13:40:25.5547700Z > Task :vectors-server:check
build	Build + Test	2026-10-04T13:40:25.5587530Z > Task :vectors-server:build
build	Build + Test	2026-10-04T13:40:25.7547814Z > Task :vectors-server-client:compileJava
build	Build + Test	2026-10-04T13:40:25.7587875Z > Task :vectors-server-client:classes
build	Build + Test	2026-10-04T13:40:25.7641469Z > Task :vectors-server-client:jar
build	Build + Test	2026-10-04T13:40:27.7492302Z warning: [incubating] using incubating module(s): jdk.incubator.vector
build	Build + Test	2026-10-04T13:40:27.7493065Z 
build	Build + Test	2026-10-04T13:40:27.7537908Z warning: [incubating] using incubating module(s): jdk.incubator.vector
build	Build + Test	2026-10-04T13:40:27.7538711Z > Task :vectors-server-client:javadoc
build	Build + Test	2026-10-04T13:40:30.9547844Z 2 warnings
build	Build + Test	2026-10-04T13:40:31.9517383Z 
build	Build + Test	2026-10-04T13:40:31.9577783Z > Task :vectors-server-client:javadocJar
build	Build + Test	2026-10-04T13:40:31.9578956Z > Task :vectors-server-client:assemble
build	Build + Test	2026-10-04T13:40:44.8497321Z 
build	Build + Test	2026-10-04T13:40:44.8527823Z > Task :vectors-optimizer:test
build	Build + Test	2026-10-04T13:40:44.8537227Z 
build	Build + Test	2026-10-04T13:40:44.8557872Z TpeSamplerTest > outperformsRandomOnQuadratic() PASSED
build	Build + Test	2026-10-04T13:40:44.8587238Z 
build	Build + Test	2026-10-04T13:40:44.8617718Z TpeSamplerTest > handlesAllCategoricalSpace() PASSED
build	Build + Test	2026-10-04T13:40:44.8618599Z 
build	Build + Test	2026-10-04T13:40:44.8657828Z TpeSamplerTest > delegatesToRandomBeforeStartup() PASSED
build	Build + Test	2026-10-04T13:40:44.8704815Z 
build	Build + Test	2026-10-04T13:40:44.8740387Z TpeSamplerTest > splitsHistoryAtGammaQuantile() PASSED
build	Build + Test	2026-10-04T13:40:44.8797420Z 
build	Build + Test	2026-10-04T13:40:44.8840696Z ParamSpecTest > doubleRangeIsContinuous() PASSED
build	Build + Test	2026-10-04T13:40:44.8858651Z 
build	Build + Test	2026-10-04T13:40:44.8917963Z ParamSpecTest > discreteRejectsEmptyValues() PASSED
build	Build + Test	2026-10-04T13:40:44.9491574Z 
build	Build + Test	2026-10-04T13:40:44.9553856Z ParamSpecTest > categoricalCardinalityMatchesValues() PASSED
build	Build + Test	2026-10-04T13:40:44.9554530Z 
build	Build + Test	2026-10-04T13:40:44.9608196Z ParamSpecTest > fixedSpecsHaveCardinalityOne() PASSED
build	Build + Test	2026-10-04T13:40:44.9687449Z 
build	Build + Test	2026-10-04T13:40:44.9708203Z ParamSpecTest > intRangeRejectsInvertedBounds() PASSED
build	Build + Test	2026-10-04T13:40:44.9767461Z 
build	Build + Test	2026-10-04T13:40:44.9827927Z ParamSpecTest > intRangeCardinalityIsInclusive() PASSED
build	Build + Test	2026-10-04T13:40:44.9828561Z 
build	Build + Test	2026-10-04T13:40:44.9857726Z ParamSpecTest > doubleRangeLogScaleRequiresPositiveMin() PASSED
build	Build + Test	2026-10-04T13:40:44.9887457Z 
build	Build + Test	2026-10-04T13:40:44.9947818Z > Task :vectors-server-client:spotbugsMain
build	Build + Test	2026-10-04T13:40:45.5537701Z > Task :vectors-server-client:compileTestJava
build	Build + Test	2026-10-04T13:40:45.5547568Z > Task :vectors-server-client:testClasses
build	Build + Test	2026-10-04T13:40:45.5607969Z > Task :vectors-server-client:spotbugsTest SKIPPED
build	Build + Test	2026-10-04T13:40:45.7491835Z > Task :vectors-quantization:spotbugsMain
build	Build + Test	2026-10-04T13:40:45.8491876Z > Task :vectors-quantization:check
build	Build + Test	2026-10-04T13:40:45.8547921Z > Task :vectors-quantization:build
build	Build + Test	2026-10-04T13:40:46.4494915Z > Task :vectors-spring-ai:compileJava
build	Build + Test	2026-10-04T13:40:46.4525848Z > Task :vectors-spring-ai:classes
build	Build + Test	2026-10-04T13:40:46.4591841Z > Task :vectors-spring-ai:jar
build	Build + Test	2026-10-04T13:40:46.8532033Z 
build	Build + Test	2026-10-04T13:40:46.8575163Z > Task :vectors-optimizer:test
build	Build + Test	2026-10-04T13:40:46.8611040Z 
build	Build + Test	2026-10-04T13:40:46.8672060Z SearchSpaceTest > cardinalityIsProductOfDiscreteAxes() PASSED
build	Build + Test	2026-10-04T13:40:46.8754717Z 
build	Build + Test	2026-10-04T13:40:46.8778060Z SearchSpaceTest > cardinalityIsInfiniteWhenAnyContinuous() PASSED
build	Build + Test	2026-10-04T13:40:46.8814129Z 
build	Build + Test	2026-10-04T13:40:46.8868154Z SearchSpaceTest > duplicateAxisNameRejected() PASSED
build	Build + Test	2026-10-04T13:40:46.8917267Z 
build	Build + Test	2026-10-04T13:40:46.8951347Z SearchSpaceTest > byNameReturnsAxis() PASSED
build	Build + Test	2026-10-04T13:40:46.9032037Z 
build	Build + Test	2026-10-04T13:40:46.9057975Z SearchSpaceTest > byNameReturnsEmptyForUnknown() PASSED
build	Build + Test	2026-10-04T13:40:46.9125433Z 
build	Build + Test	2026-10-04T13:40:46.9198262Z CacheThresholdStudyTest > sixtyPointGridFindsBestThreshold() PASSED
build	Build + Test	2026-10-04T13:40:46.9257308Z 
build	Build + Test	2026-10-04T13:40:46.9288253Z CacheThresholdStudyTest > scoresCorrectKeyNotAnyHit() PASSED
build	Build + Test	2026-10-04T13:40:46.9347823Z 
build	Build + Test	2026-10-04T13:40:46.9428280Z IndexMemoryEstimatorTest > hnswReportsVectorPayloadPlusGraphPayload() PASSED
build	Build + Test	2026-10-04T13:40:46.9447284Z 
build	Build + Test	2026-10-04T13:40:46.9508264Z IndexMemoryEstimatorTest > ivfPqReportsAdditionalPqPayloadOverIvfFlat() PASSED
build	Build + Test	2026-10-04T13:40:46.9537263Z 
build	Build + Test	2026-10-04T13:40:46.9590786Z IndexMemoryEstimatorTest > flatWithoutQuantizerReportsRawVectorPayload() PASSED
build	Build + Test	2026-10-04T13:40:46.9634589Z 
build	Build + Test	2026-10-04T13:40:46.9684812Z IndexMemoryEstimatorTest > quantizedFlatReportsRetainedRawVectorsAndCompressedPayload() PASSED
build	Build + Test	2026-10-04T13:40:46.9737513Z 
build	Build + Test	2026-10-04T13:40:46.9792023Z IndexStudySingleTrialTest > singleTrialBuildsAndScoresCollection() PASSED
build	Build + Test	2026-10-04T13:40:46.9822427Z 
build	Build + Test	2026-10-04T13:40:46.9863063Z IndexStudySingleTrialTest > closesCollectionEvenOnFailure() PASSED
build	Build + Test	2026-10-04T13:40:48.1497408Z 
build	Build + Test	2026-10-04T13:40:48.1558176Z IndexStudyTest > sixTrialStudyFindsRecallAboveThreshold(Path) PASSED
build	Build + Test	2026-10-04T13:40:48.2517324Z 
build	Build + Test	2026-10-04T13:40:48.2545943Z RouterThresholdStudyTest > threeRouteRouterReachesF1AboveThreshold() PASSED
build	Build + Test	2026-10-04T13:40:48.2670244Z 
build	Build + Test	2026-10-04T13:40:48.2731067Z RouterThresholdStudyTest > objectiveScoreHonorsWeights_notHardcodedAccuracy() PASSED
build	Build + Test	2026-10-04T13:40:48.5492141Z WARNING: Using incubator modules: jdk.incubator.vector
build	Build + Test	2026-10-04T13:40:48.5492682Z 
build	Build + Test	2026-10-04T13:40:48.5567924Z > Task :vectors-optimizer:check
build	Build + Test	2026-10-04T13:40:48.5620152Z > Task :vectors-optimizer:build
build	Build + Test	2026-10-04T13:40:48.5667263Z 
build	Build + Test	2026-10-04T13:40:48.5697755Z > Task :vectors-server-client:test
build	Build + Test	2026-10-04T13:40:48.9492071Z warning: [incubating] using incubating module(s): jdk.incubator.vector
build	Build + Test	2026-10-04T13:40:48.9492799Z 
build	Build + Test	2026-10-04T13:40:48.9508129Z warning: [incubating] using incubating module(s): jdk.incubator.vector
build	Build + Test	2026-10-04T13:40:48.9508996Z > Task :vectors-spring-batch:compileJava
build	Build + Test	2026-10-04T13:40:48.9537769Z > Task :vectors-spring-batch:classes
build	Build + Test	2026-10-04T13:40:48.9549496Z 
build	Build + Test	2026-10-04T13:40:48.9607916Z > Task :vectors-spring-ai:javadoc
build	Build + Test	2026-10-04T13:40:49.0490972Z 
build	Build + Test	2026-10-04T13:40:49.0577963Z > Task :vectors-spring-batch:jar
build	Build + Test	2026-10-04T13:40:51.0517720Z 2 warnings
build	Build + Test	2026-10-04T13:40:51.0518094Z 
build	Build + Test	2026-10-04T13:40:51.0587718Z > Task :vectors-spring-ai:javadoc
build	Build + Test	2026-10-04T13:40:51.9513953Z warning: [incubating] using incubating module(s): jdk.incubator.vector
build	Build + Test	2026-10-04T13:40:51.9514623Z 
build	Build + Test	2026-10-04T13:40:51.9557841Z warning: [incubating] using incubating module(s): jdk.incubator.vector
build	Build + Test	2026-10-04T13:40:51.9558709Z > Task :vectors-spring-batch:javadoc
build	Build + Test	2026-10-04T13:40:52.4519620Z 
build	Build + Test	2026-10-04T13:40:52.4557762Z > Task :vectors-spring-ai:javadocJar
build	Build + Test	2026-10-04T13:40:52.4637758Z > Task :vectors-spring-ai:assemble
build	Build + Test	2026-10-04T13:40:53.3517211Z 
build	Build + Test	2026-10-04T13:40:53.3602485Z > Task :vectors-server-client:test
build	Build + Test	2026-10-04T13:40:53.3637166Z 
build	Build + Test	2026-10-04T13:40:53.3673399Z VectorsServerClientTest > responseBodyIsBounded() PASSED
build	Build + Test	2026-10-04T13:40:53.3718947Z 
build	Build + Test	2026-10-04T13:40:53.3747747Z VectorsServerClientTest > collectionExistsMaps404ToFalse() PASSED
build	Build + Test	2026-10-04T13:40:53.4537325Z 
build	Build + Test	2026-10-04T13:40:53.4658079Z VectorsServerClientTest > requestTimeoutIsAppliedPerRequest() PASSED
build	Build + Test	2026-10-04T13:40:53.5517358Z 
build	Build + Test	2026-10-04T13:40:53.5547732Z > Task :vectors-spring-ai:compileTestJava
build	Build + Test	2026-10-04T13:40:53.5567554Z > Task :vectors-spring-ai:testClasses
build	Build + Test	2026-10-04T13:40:54.0547882Z 2 warnings
build	Build + Test	2026-10-04T13:40:54.0548250Z 
build	Build + Test	2026-10-04T13:40:54.0657899Z > Task :vectors-spring-batch:javadoc
build	Build + Test	2026-10-04T13:40:54.8491474Z 
build	Build + Test	2026-10-04T13:40:54.8547967Z > Task :vectors-spring-batch:javadocJar
build	Build + Test	2026-10-04T13:40:54.8627922Z > Task :vectors-spring-batch:assemble
build	Build + Test	2026-10-04T13:40:54.9501648Z 
build	Build + Test	2026-10-04T13:40:54.9527941Z > Task :vectors-server-client:test
build	Build + Test	2026-10-04T13:40:54.9557174Z 
build	Build + Test	2026-10-04T13:40:54.9568213Z VectorsServerClientTest > unauthenticatedClientDoesNotSendAuthorizationHeader() PASSED
build	Build + Test	2026-10-04T13:40:54.9587249Z 
build	Build + Test	2026-10-04T13:40:54.9617915Z VectorsServerClientTest > listCollectionsParsesHappyPath() PASSED
build	Build + Test	2026-10-04T13:40:54.9648706Z 
build	Build + Test	2026-10-04T13:40:54.9748400Z VectorsServerClientTest > serverErrorsPreserveStatusAndBody() PASSED
build	Build + Test	2026-10-04T13:40:54.9788729Z 
build	Build + Test	2026-10-04T13:40:54.9797840Z VectorsServerClientTest > connectionFailureIsWrapped() PASSED
build	Build + Test	2026-10-04T13:40:54.9817175Z 
build	Build + Test	2026-10-04T13:40:54.9884162Z VectorsServerClientTest > authenticatedClientSendsBearerToken() PASSED
build	Build + Test	2026-10-04T13:40:54.9926906Z 
build	Build + Test	2026-10-04T13:40:54.9972396Z VectorsServerClientTest > blankApiKeyIsRejected() PASSED
build	Build + Test	2026-10-04T13:40:54.9997228Z 
build	Build + Test	2026-10-04T13:40:54.9997937Z VectorsServerClientTest > createCollectionSendsJsonAndParsesResponse() PASSED
build	Build + Test	2026-10-04T13:40:54.9998666Z 
build	Build + Test	2026-10-04T13:40:54.9998909Z > Task :vectors-server-client:check
build	Build + Test	2026-10-04T13:40:54.9999494Z > Task :vectors-server-client:build
build	Build + Test	2026-10-04T13:40:55.2492093Z > Task :vectors-spring-boot-starter:compileJava
build	Build + Test	2026-10-04T13:40:55.2533845Z > Task :vectors-spring-boot-starter:classes
build	Build + Test	2026-10-04T13:40:55.2577680Z > Task :vectors-spring-batch:compileTestJava
build	Build + Test	2026-10-04T13:40:55.2634331Z > Task :vectors-spring-batch:testClasses
build	Build + Test	2026-10-04T13:40:55.2635403Z > Task :vectors-spring-boot-starter:jar
build	Build + Test	2026-10-04T13:40:55.4532583Z WARNING: Using incubator modules: jdk.incubator.vector
build	Build + Test	2026-10-04T13:40:55.4533229Z 
build	Build + Test	2026-10-04T13:40:55.4657802Z > Task :vectors-spring-ai:test
build	Build + Test	2026-10-04T13:40:59.4555154Z 
build	Build + Test	2026-10-04T13:40:59.4628104Z FilterConverterTest > Compound > groupUnwrapping() PASSED
build	Build + Test	2026-10-04T13:40:59.4687193Z 
build	Build + Test	2026-10-04T13:40:59.4777954Z FilterConverterTest > Compound > nestedAndOrGt() PASSED
build	Build + Test	2026-10-04T13:40:59.5527301Z 
build	Build + Test	2026-10-04T13:40:59.5607948Z FilterConverterTest > LogicalOperators > or() PASSED
build	Build + Test	2026-10-04T13:40:59.5618358Z 
build	Build + Test	2026-10-04T13:40:59.5737973Z FilterConverterTest > LogicalOperators > and() PASSED
build	Build + Test	2026-10-04T13:40:59.5875814Z 
build	Build + Test	2026-10-04T13:40:59.5937868Z FilterConverterTest > LogicalOperators > not() PASSED
build	Build + Test	2026-10-04T13:40:59.5989204Z 
build	Build + Test	2026-10-04T13:40:59.6108146Z FilterConverterTest > Membership > ninWrapsInNot() PASSED
build	Build + Test	2026-10-04T13:40:59.6197296Z 
build	Build + Test	2026-10-04T13:40:59.6257854Z FilterConverterTest > Membership > inNumbers() PASSED
build	Build + Test	2026-10-04T13:40:59.6337260Z 
build	Build + Test	2026-10-04T13:40:59.6450295Z FilterConverterTest > Membership > inStrings() PASSED
build	Build + Test	2026-10-04T13:40:59.6537279Z 
build	Build + Test	2026-10-04T13:40:59.6598092Z FilterConverterTest > NumericComparisons > gt() PASSED
build	Build + Test	2026-10-04T13:40:59.6687389Z 
build	Build + Test	2026-10-04T13:40:59.6837937Z FilterConverterTest > NumericComparisons > lt() PASSED
build	Build + Test	2026-10-04T13:40:59.6858903Z 
build	Build + Test	2026-10-04T13:40:59.6949062Z FilterConverterTest > NumericComparisons > gte() PASSED
build	Build + Test	2026-10-04T13:40:59.7037316Z 
build	Build + Test	2026-10-04T13:40:59.7158152Z FilterConverterTest > NumericComparisons > lte() PASSED
build	Build + Test	2026-10-04T13:40:59.7187352Z 
build	Build + Test	2026-10-04T13:40:59.7308159Z FilterConverterTest > NumericComparisons > gtWithInteger() PASSED
build	Build + Test	2026-10-04T13:40:59.7417412Z 
build	Build + Test	2026-10-04T13:40:59.7477944Z FilterConverterTest > Equality > eqLong() PASSED
build	Build + Test	2026-10-04T13:40:59.7527326Z 
build	Build + Test	2026-10-04T13:40:59.7678208Z FilterConverterTest > Equality > eqBoolean() PASSED
build	Build + Test	2026-10-04T13:40:59.7754026Z 
build	Build + Test	2026-10-04T13:40:59.7823787Z FilterConverterTest > Equality > eqDouble() PASSED
build	Build + Test	2026-10-04T13:40:59.7907390Z 
build	Build + Test	2026-10-04T13:40:59.7989273Z FilterConverterTest > Equality > eqString() PASSED
build	Build + Test	2026-10-04T13:40:59.8047250Z 
build	Build + Test	2026-10-04T13:40:59.8158088Z FilterConverterTest > Equality > neWrapsInNot() PASSED
build	Build + Test	2026-10-04T13:40:59.8245762Z 
build	Build + Test	2026-10-04T13:40:59.8308251Z FilterConverterTest > NullAndEmpty > nullExpressionReturnsAll() PASSED
build	Build + Test	2026-10-04T13:40:59.8492970Z OpenJDK 64-Bit Server VM warning: Sharing is only supported for boot loader classes because bootstrap classpath has been appended
build	Build + Test	2026-10-04T13:40:59.8517397Z 
build	Build + Test	2026-10-04T13:40:59.8530473Z WARNING: Using incubator modules: jdk.incubator.vector
build	Build + Test	2026-10-04T13:40:59.8587418Z 
build	Build + Test	2026-10-04T13:40:59.8657880Z > Task :vectors-spring-batch:test
build	Build + Test	2026-10-04T13:41:01.3490908Z 
build	Build + Test	2026-10-04T13:41:01.3599041Z ManifestMigrationBatchTest > theReportNamesWhatAFurtherRunCannotFix(Path) PASSED
build	Build + Test	2026-10-04T13:41:01.4517477Z 
build	Build + Test	2026-10-04T13:41:01.4530530Z ManifestMigrationBatchTest > readerFindsEveryCollectionUnderAParentDirectory(Path) PASSED
build	Build + Test	2026-10-04T13:41:01.5507362Z 
build	Build + Test	2026-10-04T13:41:01.5538139Z ManifestMigrationBatchTest > readerTreatsASingleCollectionRootAsOneItem(Path) PASSED
build	Build + Test	2026-10-04T13:41:01.5627296Z 
build	Build + Test	2026-10-04T13:41:01.5698040Z ManifestMigrationBatchTest > theReaderFailsLoudlyOnAnUnreadableBase(Path) PASSED
build	Build + Test	2026-10-04T13:41:01.7520508Z 
build	Build + Test	2026-10-04T13:41:01.7608223Z ManifestMigrationBatchTest > theTaskletDefaultsToReportingWithoutWriting(Path) PASSED
build	Build + Test	2026-10-04T13:41:01.7659428Z 
build	Build + Test	2026-10-04T13:41:01.7715380Z ManifestMigrationBatchTest > theReportReadsAsSomethingAnOperatorCanAct(Path) PASSED
build	Build + Test	2026-10-04T13:41:01.8517489Z warning: [incubating] using incubating module(s): jdk.incubator.vector
build	Build + Test	2026-10-04T13:41:01.8518212Z 
build	Build + Test	2026-10-04T13:41:01.8561573Z warning: [incubating] using incubating module(s): jdk.incubator.vector
build	Build + Test	2026-10-04T13:41:01.8614947Z 2 warnings
build	Build + Test	2026-10-04T13:41:01.8615483Z > Task :vectors-spring-boot-starter:javadoc
build	Build + Test	2026-10-04T13:41:02.3517371Z 
build	Build + Test	2026-10-04T13:41:02.3555568Z > Task :vectors-spring-batch:test
build	Build + Test	2026-10-04T13:41:02.3647354Z 
build	Build + Test	2026-10-04T13:41:02.3658935Z ManifestMigrationBatchTest > processorReportsWithoutWritingByDefault(Path) PASSED
build	Build + Test	2026-10-04T13:41:02.3737420Z 
build	Build + Test	2026-10-04T13:41:02.3828317Z ManifestMigrationBatchTest > reportSeparatesWhatAMigrationCannotFix(Path) PASSED
build	Build + Test	2026-10-04T13:41:02.3887452Z 
build	Build + Test	2026-10-04T13:41:02.3948197Z ManifestMigrationBatchTest > theProcessorSaysWhetherItWrites() PASSED
build	Build + Test	2026-10-04T13:41:02.4007261Z 
build	Build + Test	2026-10-04T13:41:02.4068146Z ManifestMigrationBatchTest > processorMigratesWhenAsked(Path) PASSED
build	Build + Test	2026-10-04T13:41:02.4069039Z 
build	Build + Test	2026-10-04T13:41:02.4097841Z ManifestMigrationBatchTest > taskletMigratesEveryCollectionAndCountsTheGenerations(Path) PASSED
build	Build + Test	2026-10-04T13:41:02.4127262Z 
build	Build + Test	2026-10-04T13:41:02.4157826Z ManifestMigrationBatchTest > theReaderReportsWhatItFound(Path) PASSED
build	Build + Test	2026-10-04T13:41:02.4158460Z 
build	Build + Test	2026-10-04T13:41:02.4187859Z ManifestMigrationBatchTest > aCleanCollectionSaysSoAndNeedsNoAttention(Path) PASSED
build	Build + Test	2026-10-04T13:41:02.5507393Z 
build	Build + Test	2026-10-04T13:41:02.5578198Z > Task :vectors-spring-batch:jacocoTestCoverageVerification
build	Build + Test	2026-10-04T13:41:02.5651523Z > Task :vectors-spring-boot-starter:javadocJar
build	Build + Test	2026-10-04T13:41:02.5729049Z > Task :vectors-spring-batch:spotbugsTest SKIPPED
build	Build + Test	2026-10-04T13:41:02.5777591Z > Task :vectors-spring-boot-starter:assemble
build	Build + Test	2026-10-04T13:41:03.1518983Z > Task :vectors-spring-boot-starter:compileTestJava
build	Build + Test	2026-10-04T13:41:03.1547749Z > Task :vectors-spring-boot-starter:testClasses
build	Build + Test	2026-10-04T13:41:05.1508464Z WARNING: Using incubator modules: jdk.incubator.vector
build	Build + Test	2026-10-04T13:41:05.1509119Z 
build	Build + Test	2026-10-04T13:41:05.1509810Z > Task :vectors-spring-boot-starter:test
build	Build + Test	2026-10-04T13:41:12.4517489Z 
build	Build + Test	2026-10-04T13:41:12.4548479Z JavaVectorsAutoConfigurationTest > AutoConfigurationTests > vectorCollection_cacheSize_defaultZero_contextLoads() PASSED
build	Build + Test	2026-10-04T13:41:14.3547209Z 
build	Build + Test	2026-10-04T13:41:14.3658527Z JavaVectorsAutoConfigurationTest > AutoConfigurationTests > springAiVectorStore_isCreated_whenEmbeddingModelPresent() PASSED
build	Build + Test	2026-10-04T13:41:14.5491006Z 
build	Build + Test	2026-10-04T13:41:14.5548528Z JavaVectorsAutoConfigurationTest > AutoConfigurationTests > vectorCollection_isCreated_withMinimalProperties() PASSED
build	Build + Test	2026-10-04T13:41:14.5577091Z 
build	Build + Test	2026-10-04T13:41:14.5597672Z > Task :vectors-spring-batch:spotbugsMain
build	Build + Test	2026-10-04T13:41:14.5627917Z > Task :vectors-spring-batch:check
build	Build + Test	2026-10-04T13:41:14.5628554Z > Task :vectors-spring-batch:build
build	Build + Test	2026-10-04T13:41:14.5659732Z 
build	Build + Test	2026-10-04T13:41:14.5707637Z > Task :vectors-spring-ai:test
build	Build + Test	2026-10-04T13:41:14.5757339Z 
build	Build + Test	2026-10-04T13:41:14.5808256Z JavaVectorsVectorStoreTest > MmrDiversity > withMmr_diverseDocReplacesRedundantNeighbor() PASSED
build	Build + Test	2026-10-04T13:41:14.5837099Z 
build	Build + Test	2026-10-04T13:41:14.5877890Z JavaVectorsVectorStoreTest > MmrDiversity > withoutMmr_top2AreTheRedundantPair() PASSED
build	Build + Test	2026-10-04T13:41:14.5932662Z 
build	Build + Test	2026-10-04T13:41:14.5987862Z JavaVectorsVectorStoreTest > CloseAndLifecycle > closeIsIdempotent() PASSED
build	Build + Test	2026-10-04T13:41:14.6017274Z 
build	Build + Test	2026-10-04T13:41:14.6047837Z JavaVectorsVectorStoreTest > BuilderValidation > matchingDimensionsSucceeds() PASSED
build	Build + Test	2026-10-04T13:41:14.6107287Z 
build	Build + Test	2026-10-04T13:41:14.6135321Z JavaVectorsVectorStoreTest > BuilderValidation > dimensionMismatchThrows() PASSED
build	Build + Test	2026-10-04T13:41:14.6187288Z 
build	Build + Test	2026-10-04T13:41:14.6227724Z JavaVectorsVectorStoreTest > IndexTypes > flatIndex() PASSED
build	Build + Test	2026-10-04T13:41:14.6277236Z 
build	Build + Test	2026-10-04T13:41:14.6337343Z JavaVectorsVectorStoreTest > IndexTypes > vamanaIndex() PASSED
build	Build + Test	2026-10-04T13:41:14.6397283Z 
build	Build + Test	2026-10-04T13:41:14.6458013Z JavaVectorsVectorStoreTest > IndexTypes > hnswIndex() PASSED
build	Build + Test	2026-10-04T13:41:14.6467355Z 
build	Build + Test	2026-10-04T13:41:14.6517982Z JavaVectorsVectorStoreTest > CommitStrategy > commitAfterAddFalseRequiresExplicitCommit() PASSED
build	Build + Test	2026-10-04T13:41:14.6589341Z 
build	Build + Test	2026-10-04T13:41:14.6617870Z JavaVectorsVectorStoreTest > CommitStrategy > commitAfterAddTrueGivesImmediateSearchability() PASSED
build	Build + Test	2026-10-04T13:41:14.6667650Z 
build	Build + Test	2026-10-04T13:41:14.6718249Z JavaVectorsVectorStoreTest > DeleteBehavior > deleteRemovesDocFromSearch() PASSED
build	Build + Test	2026-10-04T13:41:14.6750643Z 
build	Build + Test	2026-10-04T13:41:14.6808191Z JavaVectorsVectorStoreTest > DeleteBehavior > deleteOfUnknownIdIsNoOp() PASSED
build	Build + Test	2026-10-04T13:41:14.7500373Z 
build	Build + Test	2026-10-04T13:41:14.7518356Z JavaVectorsVectorStoreTest > MetadataPreservation > metadataRoundTrip() PASSED
build	Build + Test	2026-10-04T13:41:15.3527516Z 
build	Build + Test	2026-10-04T13:41:15.3542884Z JavaVectorsVectorStoreTest > AddAndSearch > addAndSearchRoundTrip() PASSED
build	Build + Test	2026-10-04T13:41:16.4527319Z 
build	Build + Test	2026-10-04T13:41:16.4578685Z JavaVectorsVectorStoreTest > AddAndSearch > filterExpression_restrictsResultsToMatchingMetadata() PASSED
build	Build + Test	2026-10-04T13:41:17.2498714Z 
build	Build + Test	2026-10-04T13:41:17.2598160Z JavaVectorsVectorStoreTest > AddAndSearch > multipleDocuments() PASSED
build	Build + Test	2026-10-04T13:41:18.1530780Z 
build	Build + Test	2026-10-04T13:41:18.1558366Z JavaVectorsVectorStoreTest > AddAndSearch > topKLimitsResults() PASSED
build	Build + Test	2026-10-04T13:41:19.7508112Z warning: [incubating] using incubating module(s): jdk.incubator.vector
build	Build + Test	2026-10-04T13:41:19.7508812Z 
build	Build + Test	2026-10-04T13:41:19.7511339Z > Task :vectors-spring-boot-starter:test
build	Build + Test	2026-10-04T13:41:19.7537561Z warning: [incubating] using incubating module(s): jdk.incubator.vector
build	Build + Test	2026-10-04T13:41:19.7538252Z 
build	Build + Test	2026-10-04T13:41:19.7568373Z JavaVectorsAutoConfigurationTest > AutoConfigurationTests > migrateOnStartup_isOffByDefault_soAnOlderCollectionFailsLoudly(Path) PASSED
build	Build + Test	2026-10-04T13:41:19.7597665Z 
build	Build + Test	2026-10-04T13:41:19.7598706Z JavaVectorsAutoConfigurationTest > AutoConfigurationTests > dimension_isInferred_fromEmbeddingModel_whenUnset() PASSED
build	Build + Test	2026-10-04T13:41:19.7661084Z 
build	Build + Test	2026-10-04T13:41:19.7688606Z JavaVectorsAutoConfigurationTest > AutoConfigurationTests > springAiVectorStore_usesApplicationObservationRegistry() PASSED
build	Build + Test	2026-10-04T13:41:19.7747564Z 
build	Build + Test	2026-10-04T13:41:19.7808562Z JavaVectorsAutoConfigurationTest > AutoConfigurationTests > vectorCollection_indexType_isWired_fromProperties() PASSED
build	Build + Test	2026-10-04T13:41:19.7837452Z 
build	Build + Test	2026-10-04T13:41:19.7868436Z JavaVectorsAutoConfigurationTest > AutoConfigurationTests > userProvidedVectorCollection_suppressesAutoConfiguration() PASSED
build	Build + Test	2026-10-04T13:41:19.7927505Z 
build	Build + Test	2026-10-04T13:41:19.7951112Z JavaVectorsAutoConfigurationTest > AutoConfigurationTests > embeddingModelFromLaterAutoConfiguration_stillWiresStoreAndInfersDimension() PASSED
build	Build + Test	2026-10-04T13:41:19.8007553Z 
build	Build + Test	2026-10-04T13:41:19.8060126Z JavaVectorsAutoConfigurationTest > AutoConfigurationTests > vectorCollection_cacheSize_bindsFromProperties_contextLoads() PASSED
build	Build + Test	2026-10-04T13:41:19.8117403Z 
build	Build + Test	2026-10-04T13:41:19.8133158Z JavaVectorsAutoConfigurationTest > AutoConfigurationTests > vectorCollection_storagePath_wiresPersistentCollection(Path) PASSED
build	Build + Test	2026-10-04T13:41:19.8197343Z 
build	Build + Test	2026-10-04T13:41:19.8228253Z JavaVectorsAutoConfigurationTest > AutoConfigurationTests > migrateOnStartup_upgradesAnOlderCollectionWhenEnabled(Path) PASSED
build	Build + Test	2026-10-04T13:41:19.8287325Z 
build	Build + Test	2026-10-04T13:41:19.8318277Z JavaVectorsAutoConfigurationTest > AutoConfigurationTests > metric_defaultsToCosine_whenUnset() PASSED
build	Build + Test	2026-10-04T13:41:19.8369958Z 
build	Build + Test	2026-10-04T13:41:19.8418272Z JavaVectorsAutoConfigurationTest > AutoConfigurationTests > missingDimension_withoutEmbeddingModel_failsWithClearMessage() PASSED
build	Build + Test	2026-10-04T13:41:19.8447462Z 
build	Build + Test	2026-10-04T13:41:19.8478170Z JavaVectorsAutoConfigurationTest > AutoConfigurationTests > vectorCollection_quantizer_isWired_fromProperties() PASSED
build	Build + Test	2026-10-04T13:41:19.8479158Z 
build	Build + Test	2026-10-04T13:41:19.8539110Z JavaVectorsAutoConfigurationTest > AutoConfigurationTests > commitAfterAdd_bindsFromProperties_andStoreComesUp() PASSED
build	Build + Test	2026-10-04T13:41:19.8627296Z 
build	Build + Test	2026-10-04T13:41:19.8658608Z JavaVectorsAutoConfigurationTest > AutoConfigurationTests > vectorCollection_cacheSize_negative_failsContextLoad() PASSED
build	Build + Test	2026-10-04T13:41:19.8697266Z 
build	Build + Test	2026-10-04T13:41:19.8747840Z > Task :vectors-storage:javadoc
build	Build + Test	2026-10-04T13:41:19.8787210Z 
build	Build + Test	2026-10-04T13:41:19.8838174Z > Task :vectors-spring-boot-starter:jacocoTestCoverageVerification
build	Build + Test	2026-10-04T13:41:20.1507250Z 
build	Build + Test	2026-10-04T13:41:20.1570794Z > Task :vectors-spring-ai:test
build	Build + Test	2026-10-04T13:41:20.1627163Z 
build	Build + Test	2026-10-04T13:41:20.1647870Z JavaVectorsVectorStoreTest > AddAndSearch > filterExpression_inOperator_restrictsToListedValues() PASSED
build	Build + Test	2026-10-04T13:41:21.0518226Z 
build	Build + Test	2026-10-04T13:41:21.0591399Z JavaVectorsVectorStoreTest > AddAndSearch > add_embedsTheBatchInOneCall_notPerDocument() PASSED
build	Build + Test	2026-10-04T13:41:21.8491305Z 
build	Build + Test	2026-10-04T13:41:21.8548032Z JavaVectorsVectorStoreTest > AddAndSearch > emptyAddIsNoOp() PASSED
build	Build + Test	2026-10-04T13:41:22.3497983Z 
build	Build + Test	2026-10-04T13:41:22.3568264Z JavaVectorsVectorStoreTest > AddAndSearch > similarityThresholdFilters() PASSED
build	Build + Test	2026-10-04T13:41:22.3594553Z 
build	Build + Test	2026-10-04T13:41:22.3716132Z MetadataConverterTest > RoundTrip > stringRoundTrip() PASSED
build	Build + Test	2026-10-04T13:41:22.3767229Z 
build	Build + Test	2026-10-04T13:41:22.3829438Z MetadataConverterTest > RoundTrip > mixedTypesRoundTrip() PASSED
build	Build + Test	2026-10-04T13:41:22.3847192Z 
build	Build + Test	2026-10-04T13:41:22.3914816Z MetadataConverterTest > ToSpringAi > emptyMapReturnsEmpty() PASSED
build	Build + Test	2026-10-04T13:41:22.3967305Z 
build	Build + Test	2026-10-04T13:41:22.4013953Z MetadataConverterTest > ToSpringAi > nullMapReturnsEmpty() PASSED
build	Build + Test	2026-10-04T13:41:22.4037217Z 
build	Build + Test	2026-10-04T13:41:22.4047818Z MetadataConverterTest > ToSpringAi > tagsToList() PASSED
build	Build + Test	2026-10-04T13:41:22.4087332Z 
build	Build + Test	2026-10-04T13:41:22.4103412Z MetadataConverterTest > ToSpringAi > strToString() PASSED
build	Build + Test	2026-10-04T13:41:22.4127042Z 
build	Build + Test	2026-10-04T13:41:22.4148804Z MetadataConverterTest > ToSpringAi > boolToBoolean() PASSED
build	Build + Test	2026-10-04T13:41:22.4209226Z 
build	Build + Test	2026-10-04T13:41:22.4240048Z MetadataConverterTest > ToSpringAi > fractionalNumToDouble() PASSED
build	Build + Test	2026-10-04T13:41:22.4491729Z 
build	Build + Test	2026-10-04T13:41:22.4548106Z MetadataConverterTest > ToSpringAi > integralNumToLong() PASSED
build	Build + Test	2026-10-04T13:41:22.4577980Z 
build	Build + Test	2026-10-04T13:41:22.4607991Z MetadataConverterTest > ToJavaVectors > emptyMapReturnsEmpty() PASSED
build	Build + Test	2026-10-04T13:41:22.4667458Z 
build	Build + Test	2026-10-04T13:41:22.4697751Z MetadataConverterTest > ToJavaVectors > nullValueSkipped() PASSED
build	Build + Test	2026-10-04T13:41:22.4737855Z 
build	Build + Test	2026-10-04T13:41:22.4787957Z MetadataConverterTest > ToJavaVectors > doubleValue() PASSED
build	Build + Test	2026-10-04T13:41:22.4847257Z 
build	Build + Test	2026-10-04T13:41:22.4872473Z MetadataConverterTest > ToJavaVectors > stringValue() PASSED
build	Build + Test	2026-10-04T13:41:22.4898444Z 
build	Build + Test	2026-10-04T13:41:22.4927732Z MetadataConverterTest > ToJavaVectors > booleanValue() PASSED
build	Build + Test	2026-10-04T13:41:22.4947593Z 
build	Build + Test	2026-10-04T13:41:22.4977889Z MetadataConverterTest > ToJavaVectors > floatValue() PASSED
build	Build + Test	2026-10-04T13:41:22.4987316Z 
build	Build + Test	2026-10-04T13:41:22.5013054Z MetadataConverterTest > ToJavaVectors > integerValue() PASSED
build	Build + Test	2026-10-04T13:41:22.5047315Z 
build	Build + Test	2026-10-04T13:41:22.5077904Z MetadataConverterTest > ToJavaVectors > nullMapReturnsEmpty() PASSED
build	Build + Test	2026-10-04T13:41:22.5078594Z 
build	Build + Test	2026-10-04T13:41:22.5107734Z MetadataConverterTest > ToJavaVectors > longValue() PASSED
build	Build + Test	2026-10-04T13:41:22.5137096Z 
build	Build + Test	2026-10-04T13:41:22.5148710Z MetadataConverterTest > ToJavaVectors > listOfStringsValue() PASSED
build	Build + Test	2026-10-04T13:41:22.5167282Z 
build	Build + Test	2026-10-04T13:41:22.5197731Z MetadataConverterTest > ToJavaVectors > unknownTypeUsesToString() PASSED
build	Build + Test	2026-10-04T13:41:22.8519034Z 2 warnings
build	Build + Test	2026-10-04T13:41:22.8519357Z 
build	Build + Test	2026-10-04T13:41:22.8577909Z > Task :vectors-storage:javadoc
build	Build + Test	2026-10-04T13:41:22.9497193Z 
build	Build + Test	2026-10-04T13:41:22.9569182Z > Task :vectors-spring-ai:jacocoTestCoverageVerification
build	Build + Test	2026-10-04T13:41:23.4518118Z > Task :vectors-spring-ai:spotbugsTest SKIPPED
build	Build + Test	2026-10-04T13:41:23.4547889Z > Task :vectors-spring-boot-starter:spotbugsTest SKIPPED
build	Build + Test	2026-10-04T13:41:24.0540046Z > Task :vectors-storage:javadocJar
build	Build + Test	2026-10-04T13:41:24.0567647Z > Task :vectors-storage:assemble
build	Build + Test	2026-10-04T13:41:25.8497909Z > Task :vectors-storage:compileTestJava
build	Build + Test	2026-10-04T13:41:25.8557816Z > Task :vectors-storage:testClasses
build	Build + Test	2026-10-04T13:41:27.8527969Z WARNING: Using incubator modules: jdk.incubator.vector
build	Build + Test	2026-10-04T13:41:27.8528596Z 
build	Build + Test	2026-10-04T13:41:27.8567850Z > Task :vectors-storage:test
build	Build + Test	2026-10-04T13:41:30.7507477Z 
build	Build + Test	2026-10-04T13:41:30.7568044Z > Task :vectors-spring-boot-starter:spotbugsMain
build	Build + Test	2026-10-04T13:41:30.7597803Z > Task :vectors-spring-boot-starter:check
build	Build + Test	2026-10-04T13:41:30.7710240Z > Task :vectors-spring-boot-starter:build
build	Build + Test	2026-10-04T13:41:30.7737541Z > Task :vectors-storage-s3:javadoc NO-SOURCE
build	Build + Test	2026-10-04T13:41:30.7827855Z > Task :vectors-storage-s3:javadocJar
build	Build + Test	2026-10-04T13:41:30.7857553Z > Task :vectors-storage-s3:assemble
build	Build + Test	2026-10-04T13:41:30.7858578Z > Task :vectors-storage-s3:compileTestJava NO-SOURCE
build	Build + Test	2026-10-04T13:41:30.7859241Z > Task :vectors-storage-s3:testClasses UP-TO-DATE
build	Build + Test	2026-10-04T13:41:30.7859839Z > Task :vectors-storage-s3:test NO-SOURCE
build	Build + Test	2026-10-04T13:41:30.7860539Z > Task :vectors-storage-s3:jacocoTestCoverageVerification SKIPPED
build	Build + Test	2026-10-04T13:41:30.7861290Z > Task :vectors-storage-s3:spotbugsMain NO-SOURCE
build	Build + Test	2026-10-04T13:41:30.7861903Z > Task :vectors-storage-s3:spotbugsTest SKIPPED
build	Build + Test	2026-10-04T13:41:30.7862497Z > Task :vectors-storage-s3:check UP-TO-DATE
build	Build + Test	2026-10-04T13:41:30.7863058Z > Task :vectors-storage-s3:build
build	Build + Test	2026-10-04T13:41:31.9527912Z > Task :vectors-studio-core:compileJava
build	Build + Test	2026-10-04T13:41:31.9617793Z > Task :vectors-studio-core:classes
build	Build + Test	2026-10-04T13:41:31.9638461Z > Task :vectors-studio-core:jar
build	Build + Test	2026-10-04T13:41:32.9497465Z 
build	Build + Test	2026-10-04T13:41:32.9617741Z > Task :vectors-storage:test
build	Build + Test	2026-10-04T13:41:32.9707427Z 
build	Build + Test	2026-10-04T13:41:32.9797794Z StorageLayoutsTest > float_roundTrip() PASSED
build	Build + Test	2026-10-04T13:41:33.0523268Z 
build	Build + Test	2026-10-04T13:41:33.0586619Z StorageLayoutsTest > long_roundTrip() PASSED
build	Build + Test	2026-10-04T13:41:33.0677282Z 
build	Build + Test	2026-10-04T13:41:33.0768274Z StorageLayoutsTest > layouts_areLittleEndian() PASSED
build	Build + Test	2026-10-04T13:41:33.0768830Z 
build	Build + Test	2026-10-04T13:41:33.0769135Z StorageLayoutsTest > byte_roundTrip() PASSED
build	Build + Test	2026-10-04T13:41:33.0887268Z 
build	Build + Test	2026-10-04T13:41:33.0948028Z StorageLayoutsTest > short_roundTrip() PASSED
build	Build + Test	2026-10-04T13:41:33.1037356Z 
build	Build + Test	2026-10-04T13:41:33.1097941Z StorageLayoutsTest > int_roundTrip() PASSED
build	Build + Test	2026-10-04T13:41:33.1547620Z 
build	Build + Test	2026-10-04T13:41:33.1608462Z HeapStorageBackendContractTest > getRange_zeroLengthReturnsEmpty() PASSED
build	Build + Test	2026-10-04T13:41:33.1697233Z 
build	Build + Test	2026-10-04T13:41:33.1758165Z HeapStorageBackendContractTest > getWithEtagMissingKeyReturnsNull() PASSED
build	Build + Test	2026-10-04T13:41:33.1847343Z 
build	Build + Test	2026-10-04T13:41:33.1877999Z HeapStorageBackendContractTest > getRange_negativeLengthThrows() PASSED
build	Build + Test	2026-10-04T13:41:33.1967226Z 
build	Build + Test	2026-10-04T13:41:33.2063183Z HeapStorageBackendContractTest > getRange_pastEofThrows() PASSED
build	Build + Test	2026-10-04T13:41:33.2117196Z 
build	Build + Test	2026-10-04T13:41:33.2208319Z HeapStorageBackendContractTest > getRange_offsetZeroLengthEqualsSize_returnsFullValue() PASSED
build	Build + Test	2026-10-04T13:41:33.2567288Z 
build	Build + Test	2026-10-04T13:41:33.2688101Z HeapStorageBackendContractTest > getWithEtagReturnsDefensiveCopy() PASSED
build	Build + Test	2026-10-04T13:41:33.2717095Z 
build	Build + Test	2026-10-04T13:41:33.2828259Z HeapStorageBackendContractTest > conditionalPut_succeedsWithCurrentEtag() PASSED
build	Build + Test	2026-10-04T13:41:33.2867226Z 
build	Build + Test	2026-10-04T13:41:33.2944762Z HeapStorageBackendContractTest > conditionalPut_succeedsWhenKeyAbsent() PASSED
build	Build + Test	2026-10-04T13:41:33.2997196Z 
build	Build + Test	2026-10-04T13:41:33.3083732Z HeapStorageBackendContractTest > deleteRemovesKey() PASSED
build	Build + Test	2026-10-04T13:41:33.3147231Z 
build	Build + Test	2026-10-04T13:41:33.3228044Z HeapStorageBackendContractTest > getWithEtagReturnsValueAndCurrentEtag() PASSED
build	Build + Test	2026-10-04T13:41:33.3257119Z 
build	Build + Test	2026-10-04T13:41:33.3337967Z HeapStorageBackendContractTest > getRange_negativeOffsetThrows() PASSED
build	Build + Test	2026-10-04T13:41:33.3423007Z 
build	Build + Test	2026-10-04T13:41:33.3487843Z HeapStorageBackendContractTest > deleteMissingKeyIsNoOp() PASSED
build	Build + Test	2026-10-04T13:41:33.3501434Z 
build	Build + Test	2026-10-04T13:41:33.3648462Z HeapStorageBackendContractTest > conditionalPut_failsOnStaleEtag() PASSED
build	Build + Test	2026-10-04T13:41:33.3717368Z 
build	Build + Test	2026-10-04T13:41:33.3768092Z HeapStorageBackendContractTest > putDefensivelyCopiesInputArray() PASSED
build	Build + Test	2026-10-04T13:41:33.3849516Z 
build	Build + Test	2026-10-04T13:41:33.3937934Z HeapStorageBackendContractTest > putAndGetRoundTrip() PASSED
build	Build + Test	2026-10-04T13:41:33.4049039Z 
build	Build + Test	2026-10-04T13:41:33.4098900Z HeapStorageBackendContractTest > getRange_partialFetchMatchesFullSlice() PASSED
build	Build + Test	2026-10-04T13:41:33.4157449Z 
build	Build + Test	2026-10-04T13:41:33.4248148Z HeapStorageBackendContractTest > overwriteWithPutChangesValue() PASSED
build	Build + Test	2026-10-04T13:41:33.4317167Z 
build	Build + Test	2026-10-04T13:41:33.4328003Z HeapStorageBackendContractTest > getMissingKeyReturnsNull() PASSED
build	Build + Test	2026-10-04T13:41:33.4447774Z 
build	Build + Test	2026-10-04T13:41:33.4500233Z HeapStorageBackendContractTest > openMissingKeyReturnsNull() PASSED
build	Build + Test	2026-10-04T13:41:33.4537156Z 
build	Build + Test	2026-10-04T13:41:33.4628169Z HeapStorageBackendContractTest > getRange_missingKeyReturnsNull() PASSED
build	Build + Test	2026-10-04T13:41:33.4687224Z 
build	Build + Test	2026-10-04T13:41:33.4738010Z HeapStorageBackendContractTest > getReturnsDefensiveCopy() PASSED
build	Build + Test	2026-10-04T13:41:33.4797333Z 
build	Build + Test	2026-10-04T13:41:33.4858016Z HeapStorageBackendContractTest > listReturnsKeysUnderPrefix() PASSED
build	Build + Test	2026-10-04T13:41:33.4973785Z 
build	Build + Test	2026-10-04T13:41:33.5008239Z HeapStorageBackendContractTest > conditionalPut_failsWhenKeyExistsAndEtagIsNull() PASSED
build	Build + Test	2026-10-04T13:41:33.5097216Z 
build	Build + Test	2026-10-04T13:41:33.5121347Z HeapStorageBackendContractTest > openStreamsStoredValue() PASSED
build	Build + Test	2026-10-04T13:41:33.5207232Z 
build	Build + Test	2026-10-04T13:41:33.5238019Z HeapStorageBackendContractTest > heapEtagIsSha256HexOfStoredValue() PASSED
build	Build + Test	2026-10-04T13:41:33.7517495Z 
build	Build + Test	2026-10-04T13:41:33.7588201Z LocalFileStorageBackendContractTest > getRange_zeroLengthReturnsEmpty() PASSED
build	Build + Test	2026-10-04T13:41:33.7687355Z 
build	Build + Test	2026-10-04T13:41:33.7748267Z LocalFileStorageBackendContractTest > getWithEtagMissingKeyReturnsNull() PASSED
build	Build + Test	2026-10-04T13:41:33.8491108Z 
build	Build + Test	2026-10-04T13:41:33.8588519Z LocalFileStorageBackendContractTest > getRange_negativeLengthThrows() PASSED
build	Build + Test	2026-10-04T13:41:33.8647515Z 
build	Build + Test	2026-10-04T13:41:33.8750018Z LocalFileStorageBackendContractTest > getRange_pastEofThrows() PASSED
build	Build + Test	2026-10-04T13:41:33.8849082Z 
build	Build + Test	2026-10-04T13:41:33.8948555Z LocalFileStorageBackendContractTest > getRange_offsetZeroLengthEqualsSize_returnsFullValue() PASSED
build	Build + Test	2026-10-04T13:41:33.9027535Z 
build	Build + Test	2026-10-04T13:41:33.9057726Z LocalFileStorageBackendContractTest > getWithEtagReturnsDefensiveCopy() PASSED
build	Build + Test	2026-10-04T13:41:33.9167624Z 
build	Build + Test	2026-10-04T13:41:33.9223733Z LocalFileStorageBackendContractTest > conditionalPut_succeedsWithCurrentEtag() PASSED
build	Build + Test	2026-10-04T13:41:33.9317614Z 
build	Build + Test	2026-10-04T13:41:33.9428360Z LocalFileStorageBackendContractTest > conditionalPut_succeedsWhenKeyAbsent() PASSED
build	Build + Test	2026-10-04T13:41:33.9517613Z 
build	Build + Test	2026-10-04T13:41:33.9608392Z LocalFileStorageBackendContractTest > deleteRemovesKey() PASSED
build	Build + Test	2026-10-04T13:41:33.9697523Z 
build	Build + Test	2026-10-04T13:41:33.9791539Z LocalFileStorageBackendContractTest > getWithEtagReturnsValueAndCurrentEtag() PASSED
build	Build + Test	2026-10-04T13:41:33.9847521Z 
build	Build + Test	2026-10-04T13:41:33.9902745Z LocalFileStorageBackendContractTest > getRange_negativeOffsetThrows() PASSED
build	Build + Test	2026-10-04T13:41:33.9966362Z 
build	Build + Test	2026-10-04T13:41:34.0007171Z LocalFileStorageBackendContractTest > deleteMissingKeyIsNoOp() PASSED
build	Build + Test	2026-10-04T13:41:34.0077310Z 
build	Build + Test	2026-10-04T13:41:34.0096427Z LocalFileStorageBackendContractTest > conditionalPut_failsOnStaleEtag() PASSED
build	Build + Test	2026-10-04T13:41:34.0167400Z 
build	Build + Test	2026-10-04T13:41:34.0220522Z LocalFileStorageBackendContractTest > putDefensivelyCopiesInputArray() PASSED
build	Build + Test	2026-10-04T13:41:34.0527390Z 
build	Build + Test	2026-10-04T13:41:34.0581439Z LocalFileStorageBackendContractTest > putAndGetRoundTrip() PASSED
build	Build + Test	2026-10-04T13:41:34.0647482Z 
build	Build + Test	2026-10-04T13:41:34.0739215Z LocalFileStorageBackendContractTest > getRange_partialFetchMatchesFullSlice() PASSED
build	Build + Test	2026-10-04T13:41:34.0862637Z 
build	Build + Test	2026-10-04T13:41:34.0928221Z LocalFileStorageBackendContractTest > overwriteWithPutChangesValue() PASSED
build	Build + Test	2026-10-04T13:41:34.1027625Z 
build	Build + Test	2026-10-04T13:41:34.1128105Z LocalFileStorageBackendContractTest > getMissingKeyReturnsNull() PASSED
build	Build + Test	2026-10-04T13:41:34.1247266Z 
build	Build + Test	2026-10-04T13:41:34.1308032Z LocalFileStorageBackendContractTest > openMissingKeyReturnsNull() PASSED
build	Build + Test	2026-10-04T13:41:34.1427214Z 
build	Build + Test	2026-10-04T13:41:34.1538157Z LocalFileStorageBackendContractTest > getRange_missingKeyReturnsNull() PASSED
build	Build + Test	2026-10-04T13:41:34.1637367Z 
build	Build + Test	2026-10-04T13:41:34.1738023Z LocalFileStorageBackendContractTest > getReturnsDefensiveCopy() PASSED
build	Build + Test	2026-10-04T13:41:34.1757248Z 
build	Build + Test	2026-10-04T13:41:34.1847980Z LocalFileStorageBackendContractTest > listReturnsKeysUnderPrefix() PASSED
build	Build + Test	2026-10-04T13:41:34.1911025Z 
build	Build + Test	2026-10-04T13:41:34.1978166Z LocalFileStorageBackendContractTest > conditionalPut_failsWhenKeyExistsAndEtagIsNull() PASSED
build	Build + Test	2026-10-04T13:41:34.1997305Z 
build	Build + Test	2026-10-04T13:41:34.2080897Z LocalFileStorageBackendContractTest > openStreamsStoredValue() PASSED
build	Build + Test	2026-10-04T13:41:34.2097141Z 
build	Build + Test	2026-10-04T13:41:34.2188149Z LocalFileStorageBackendContractTest > localFileStoresEtagAndValueAtomicallyInOneFile() PASSED
build	Build + Test	2026-10-04T13:41:34.2277187Z 
build	Build + Test	2026-10-04T13:41:34.2398183Z LocalFileStorageBackendContractTest > localFileRejectsPathTraversal() PASSED
build	Build + Test	2026-10-04T13:41:34.3537248Z 
build	Build + Test	2026-10-04T13:41:34.3638099Z S3LiveStorageBackendIT > getRange_zeroLengthReturnsEmpty() SKIPPED
build	Build + Test	2026-10-04T13:41:34.3767535Z 
build	Build + Test	2026-10-04T13:41:34.3878129Z S3LiveStorageBackendIT > getWithEtagMissingKeyReturnsNull() SKIPPED
build	Build + Test	2026-10-04T13:41:34.4027392Z 
build	Build + Test	2026-10-04T13:41:34.4158055Z S3LiveStorageBackendIT > getRange_negativeLengthThrows() SKIPPED
build	Build + Test	2026-10-04T13:41:34.4187336Z 
build	Build + Test	2026-10-04T13:41:34.4350598Z S3LiveStorageBackendIT > getRange_pastEofThrows() SKIPPED
build	Build + Test	2026-10-04T13:41:34.4537299Z 
build	Build + Test	2026-10-04T13:41:34.4558193Z S3LiveStorageBackendIT > getRange_offsetZeroLengthEqualsSize_returnsFullValue() SKIPPED
build	Build + Test	2026-10-04T13:41:34.4647195Z 
build	Build + Test	2026-10-04T13:41:34.4697895Z S3LiveStorageBackendIT > getWithEtagReturnsDefensiveCopy() SKIPPED
build	Build + Test	2026-10-04T13:41:34.4781164Z 
build	Build + Test	2026-10-04T13:41:34.4928035Z S3LiveStorageBackendIT > conditionalPut_succeedsWithCurrentEtag() SKIPPED
build	Build + Test	2026-10-04T13:41:34.5027228Z 
build	Build + Test	2026-10-04T13:41:34.5140984Z S3LiveStorageBackendIT > conditionalPut_succeedsWhenKeyAbsent() SKIPPED
build	Build + Test	2026-10-04T13:41:34.5237341Z 
build	Build + Test	2026-10-04T13:41:34.5268068Z S3LiveStorageBackendIT > deleteRemovesKey() SKIPPED
build	Build + Test	2026-10-04T13:41:34.5367419Z 
build	Build + Test	2026-10-04T13:41:34.5461256Z S3LiveStorageBackendIT > getWithEtagReturnsValueAndCurrentEtag() SKIPPED
build	Build + Test	2026-10-04T13:41:34.5515479Z 
build	Build + Test	2026-10-04T13:41:34.5600030Z S3LiveStorageBackendIT > getRange_negativeOffsetThrows() SKIPPED
build	Build + Test	2026-10-04T13:41:34.5677471Z 
build	Build + Test	2026-10-04T13:41:34.5787890Z S3LiveStorageBackendIT > deleteMissingKeyIsNoOp() SKIPPED
build	Build + Test	2026-10-04T13:41:34.5922495Z 
build	Build + Test	2026-10-04T13:41:34.6018047Z S3LiveStorageBackendIT > conditionalPut_failsOnStaleEtag() SKIPPED
build	Build + Test	2026-10-04T13:41:34.6047171Z 
build	Build + Test	2026-10-04T13:41:34.6137949Z S3LiveStorageBackendIT > putDefensivelyCopiesInputArray() SKIPPED
build	Build + Test	2026-10-04T13:41:34.6184574Z 
build	Build + Test	2026-10-04T13:41:34.6274015Z S3LiveStorageBackendIT > putAndGetRoundTrip() SKIPPED
build	Build + Test	2026-10-04T13:41:34.6317225Z 
build	Build + Test	2026-10-04T13:41:34.6404607Z S3LiveStorageBackendIT > getRange_partialFetchMatchesFullSlice() SKIPPED
build	Build + Test	2026-10-04T13:41:34.6480971Z 
build	Build + Test	2026-10-04T13:41:34.6547927Z S3LiveStorageBackendIT > overwriteWithPutChangesValue() SKIPPED
build	Build + Test	2026-10-04T13:41:34.6657305Z 
build	Build + Test	2026-10-04T13:41:34.6751607Z S3LiveStorageBackendIT > getMissingKeyReturnsNull() SKIPPED
build	Build + Test	2026-10-04T13:41:34.6817191Z 
build	Build + Test	2026-10-04T13:41:34.6887961Z S3LiveStorageBackendIT > openMissingKeyReturnsNull() SKIPPED
build	Build + Test	2026-10-04T13:41:34.6947199Z 
build	Build + Test	2026-10-04T13:41:34.6997850Z S3LiveStorageBackendIT > getRange_missingKeyReturnsNull() SKIPPED
build	Build + Test	2026-10-04T13:41:34.7077275Z 
build	Build + Test	2026-10-04T13:41:34.7128003Z S3LiveStorageBackendIT > getReturnsDefensiveCopy() SKIPPED
build	Build + Test	2026-10-04T13:41:34.7187296Z 
build	Build + Test	2026-10-04T13:41:34.7228011Z S3LiveStorageBackendIT > listReturnsKeysUnderPrefix() SKIPPED
build	Build + Test	2026-10-04T13:41:34.7330090Z 
build	Build + Test	2026-10-04T13:41:34.7428124Z S3LiveStorageBackendIT > conditionalPut_failsWhenKeyExistsAndEtagIsNull() SKIPPED
build	Build + Test	2026-10-04T13:41:34.7497951Z WARNING: A restricted method in java.lang.foreign.Linker has been called
build	Build + Test	2026-10-04T13:41:34.7498632Z 
build	Build + Test	2026-10-04T13:41:34.7557725Z S3LiveStorageBackendIT > openStreamsStoredValue() SKIPPED
build	Build + Test	2026-10-04T13:41:34.7588703Z WARNING: java.lang.foreign.Linker::downcallHandle has been called by com.integrallis.vectors.storage.io.MadviseUtil in an unnamed module (file:/home/runner/work/vectors/vectors/vectors-storage/build/classes/java/main/)
build	Build + Test	2026-10-04T13:41:34.7617694Z WARNING: Use --enable-native-access=ALL-UNNAMED to avoid a warning for callers in this module
build	Build + Test	2026-10-04T13:41:34.7618969Z 
build	Build + Test	2026-10-04T13:41:34.7657809Z ChannelOutputTest > writeSubArrays_offsetAndCount() PASSED
build	Build + Test	2026-10-04T13:41:34.7677786Z WARNING: Restricted methods will be blocked in a future release unless native access is enabled
build	Build + Test	2026-10-04T13:41:34.7757290Z 
build	Build + Test	2026-10-04T13:41:34.7757343Z 
build	Build + Test	2026-10-04T13:41:34.7837794Z ChannelOutputTest > writePrebuiltByteBuffer_readBack() PASSED
build	Build + Test	2026-10-04T13:41:34.7897285Z 
build	Build + Test	2026-10-04T13:41:34.8007847Z ChannelOutputTest > seekAndPosition() PASSED
build	Build + Test	2026-10-04T13:41:34.8037306Z 
build	Build + Test	2026-10-04T13:41:34.8138072Z ChannelOutputTest > flushForcesFileDataAndMetadata() PASSED
build	Build + Test	2026-10-04T13:41:34.8209715Z 
build	Build + Test	2026-10-04T13:41:34.8318151Z ChannelOutputTest > writeFloatsAndInts_growReusableBulkBuffer() PASSED
build	Build + Test	2026-10-04T13:41:34.8403241Z 
build	Build + Test	2026-10-04T13:41:34.8508200Z ChannelOutputTest > writeFloats_fromMemorySegmentHonorsByteOffset() PASSED
build	Build + Test	2026-10-04T13:41:34.8537172Z 
build	Build + Test	2026-10-04T13:41:34.8628000Z ChannelOutputTest > writeArrays_readBack() PASSED
build	Build + Test	2026-10-04T13:41:34.8707336Z 
build	Build + Test	2026-10-04T13:41:34.8818060Z ChannelOutputTest > writeZeros_largePaddingSpansSharedZeroBuffer() PASSED
build	Build + Test	2026-10-04T13:41:34.8901678Z 
build	Build + Test	2026-10-04T13:41:34.8988115Z ChannelOutputTest > writeZeros_writesCorrectPadding() PASSED
build	Build + Test	2026-10-04T13:41:34.9067412Z 
build	Build + Test	2026-10-04T13:41:34.9167878Z ChannelOutputTest > writeScalars_readBack() PASSED
build	Build + Test	2026-10-04T13:41:34.9214102Z 
build	Build + Test	2026-10-04T13:41:34.9358042Z ChannelOutputTest > writeFloats_fromMemorySegment() PASSED
build	Build + Test	2026-10-04T13:41:34.9447273Z 
build	Build + Test	2026-10-04T13:41:34.9520720Z warning: [incubating] using incubating module(s): jdk.incubator.vector
build	Build + Test	2026-10-04T13:41:34.9521360Z 
build	Build + Test	2026-10-04T13:41:34.9580160Z > Task :vectors-studio-core:javadoc
build	Build + Test	2026-10-04T13:41:35.0537914Z warning: [incubating] using incubating module(s): jdk.incubator.vector
build	Build + Test	2026-10-04T13:41:37.1527264Z 
build	Build + Test	2026-10-04T13:41:37.1617913Z > Task :vectors-spring-ai:spotbugsMain
build	Build + Test	2026-10-04T13:41:37.1697779Z > Task :vectors-spring-ai:check
build	Build + Test	2026-10-04T13:41:37.1727624Z > Task :vectors-spring-ai:build
build	Build + Test	2026-10-04T13:41:37.1787227Z 
build	Build + Test	2026-10-04T13:41:37.1871814Z > Task :vectors-storage:test
build	Build + Test	2026-10-04T13:41:37.1957303Z 
build	Build + Test	2026-10-04T13:41:37.2038439Z ChannelOutputTest > roundTrip_writeAndReadViaMappedInput() PASSED
build	Build + Test	2026-10-04T13:41:37.2127212Z 
build	Build + Test	2026-10-04T13:41:37.2197881Z MadviseUtilTest > isAvailableDoesNotThrow() PASSED
build	Build + Test	2026-10-04T13:41:37.2237327Z 
build	Build + Test	2026-10-04T13:41:37.2297924Z MadviseUtilTest > noneStrategyReturnsBeforeTouchingSegment() PASSED
build	Build + Test	2026-10-04T13:41:37.2357175Z 
build	Build + Test	2026-10-04T13:41:37.2387906Z MadviseUtilTest > applyDoesNotSurfaceNativeFailures() PASSED
build	Build + Test	2026-10-04T13:41:37.2405197Z 
build	Build + Test	2026-10-04T13:41:37.2477588Z MappedSegmentInputTest > readFloats_intoMemorySegment() PASSED
build	Build + Test	2026-10-04T13:41:37.2537141Z 
build	Build + Test	2026-10-04T13:41:37.2597865Z MappedSegmentInputTest > readBytes_bulk() PASSED
build	Build + Test	2026-10-04T13:41:37.2627081Z 
build	Build + Test	2026-10-04T13:41:37.2679063Z MappedSegmentInputTest > readScalars_roundTrip() PASSED
build	Build + Test	2026-10-04T13:41:37.2727131Z 
build	Build + Test	2026-10-04T13:41:37.2767962Z MappedSegmentInputTest > seek_beyondLength_throwsIOException() PASSED
build	Build + Test	2026-10-04T13:41:37.2827135Z 
build	Build + Test	2026-10-04T13:41:37.2857755Z MappedSegmentInputTest > seek_and_absoluteReads() PASSED
build	Build + Test	2026-10-04T13:41:37.2907070Z 
build	Build + Test	2026-10-04T13:41:37.2943401Z MappedSegmentInputTest > supplierLength_matchesFileSize() PASSED
build	Build + Test	2026-10-04T13:41:37.2967114Z 
build	Build + Test	2026-10-04T13:41:37.3017844Z MappedSegmentInputTest > multipleReaders_independent() PASSED
build	Build + Test	2026-10-04T13:41:37.3077411Z 
build	Build + Test	2026-10-04T13:41:37.3137922Z MappedSegmentInputTest > readArrays_floatsAndInts() PASSED
build	Build + Test	2026-10-04T13:41:37.3182858Z 
build	Build + Test	2026-10-04T13:41:37.3227976Z MappedSegmentInputTest > concurrentReads_fromDifferentThreads() PASSED
build	Build + Test	2026-10-04T13:41:37.3283702Z 
build	Build + Test	2026-10-04T13:41:37.3308068Z ManifestGenerationPublisherTest > publishAdvancesManifestAndAnnounces() PASSED
build	Build + Test	2026-10-04T13:41:37.3367282Z 
build	Build + Test	2026-10-04T13:41:37.3398208Z ManifestGenerationPublisherTest > sequentialPublishesAnnounceMonotonicGenerations() PASSED
build	Build + Test	2026-10-04T13:41:37.3427052Z 
build	Build + Test	2026-10-04T13:41:37.3450800Z ManifestGenerationPublisherTest > announcerNoneIsSafe() PASSED
build	Build + Test	2026-10-04T13:41:37.3485547Z 
build	Build + Test	2026-10-04T13:41:37.3497906Z ManifestGenerationPublisherTest > multiShardPublishesAccumulateEntriesAtomically() PASSED
build	Build + Test	2026-10-04T13:41:37.3517126Z 
build	Build + Test	2026-10-04T13:41:37.3557879Z ManifestStoreTest > loadOnEmptyBackendReturnsEmptyWithNullEtag() PASSED
build	Build + Test	2026-10-04T13:41:37.3586276Z 
build	Build + Test	2026-10-04T13:41:37.3617609Z ManifestStoreTest > casConflictRebasesAndRetries() PASSED
build	Build + Test	2026-10-04T13:41:37.3667425Z 
build	Build + Test	2026-10-04T13:41:37.3687790Z ManifestStoreTest > persistentContentionThrowsManifestConflict() PASSED
build	Build + Test	2026-10-04T13:41:37.3707086Z 
build	Build + Test	2026-10-04T13:41:37.3707581Z ManifestStoreTest > sequentialCommitsAdvanceMonotonically() PASSED
build	Build + Test	2026-10-04T13:41:37.3708190Z 
build	Build + Test	2026-10-04T13:41:37.3708675Z ManifestStoreTest > firstCommitStartsAtGenerationZeroAndPersists() PASSED
build	Build + Test	2026-10-04T13:41:37.3709369Z 
build	Build + Test	2026-10-04T13:41:37.3709887Z ManifestStoreTest > concurrentCommitsAllLandWithNoLostUpdates() PASSED
build	Build + Test	2026-10-04T13:41:37.3757160Z 
build	Build + Test	2026-10-04T13:41:37.3767785Z StorageManifestTest > atGenerationAndWithEntryAreImmutableCopies() PASSED
build	Build + Test	2026-10-04T13:41:37.3788359Z 
build	Build + Test	2026-10-04T13:41:37.3827656Z StorageManifestTest > decodeRejectsBadMagicAndTruncation() PASSED
build	Build + Test	2026-10-04T13:41:37.3897256Z 
build	Build + Test	2026-10-04T13:41:37.3917862Z StorageManifestTest > entriesAreUnmodifiable() PASSED
build	Build + Test	2026-10-04T13:41:37.3918434Z 
build	Build + Test	2026-10-04T13:41:37.3918769Z StorageManifestTest > emptyManifestRoundTrips() PASSED
build	Build + Test	2026-10-04T13:41:37.3919294Z 
build	Build + Test	2026-10-04T13:41:37.3919605Z StorageManifestTest > encodeDecodeRoundTrips() PASSED
build	Build + Test	2026-10-04T13:41:37.3920091Z 
build	Build + Test	2026-10-04T13:41:37.3920810Z AlignmentUtilTest > isAligned_correctResults(long, int, boolean) > [1] value=0, alignment=64, expected=true PASSED
build	Build + Test	2026-10-04T13:41:37.3921699Z 
build	Build + Test	2026-10-04T13:41:37.3922396Z AlignmentUtilTest > isAligned_correctResults(long, int, boolean) > [2] value=64, alignment=64, expected=true PASSED
build	Build + Test	2026-10-04T13:41:37.3923276Z 
build	Build + Test	2026-10-04T13:41:37.3923975Z AlignmentUtilTest > isAligned_correctResults(long, int, boolean) > [3] value=128, alignment=64, expected=true PASSED
build	Build + Test	2026-10-04T13:41:37.3924869Z 
build	Build + Test	2026-10-04T13:41:37.3925556Z AlignmentUtilTest > isAligned_correctResults(long, int, boolean) > [4] value=63, alignment=64, expected=false PASSED
build	Build + Test	2026-10-04T13:41:37.3926421Z 
build	Build + Test	2026-10-04T13:41:37.3927318Z AlignmentUtilTest > isAligned_correctResults(long, int, boolean) > [5] value=65, alignment=64, expected=false PASSED
build	Build + Test	2026-10-04T13:41:37.3928138Z 
build	Build + Test	2026-10-04T13:41:37.3928815Z AlignmentUtilTest > isAligned_correctResults(long, int, boolean) > [6] value=4096, alignment=4096, expected=true PASSED
build	Build + Test	2026-10-04T13:41:37.3929646Z 
build	Build + Test	2026-10-04T13:41:37.3930295Z AlignmentUtilTest > isAligned_correctResults(long, int, boolean) > [7] value=4097, alignment=4096, expected=false PASSED
build	Build + Test	2026-10-04T13:41:37.3931115Z 
build	Build + Test	2026-10-04T13:41:37.3931725Z AlignmentUtilTest > paddingFor_correctResults(long, int, int) > [1] offset=0, alignment=64, expected=0 PASSED
build	Build + Test	2026-10-04T13:41:37.3932492Z 
build	Build + Test	2026-10-04T13:41:37.3933082Z AlignmentUtilTest > paddingFor_correctResults(long, int, int) > [2] offset=1, alignment=64, expected=63 PASSED
build	Build + Test	2026-10-04T13:41:37.3933868Z 
build	Build + Test	2026-10-04T13:41:37.3934462Z AlignmentUtilTest > paddingFor_correctResults(long, int, int) > [3] offset=63, alignment=64, expected=1 PASSED
build	Build + Test	2026-10-04T13:41:37.3935229Z 
build	Build + Test	2026-10-04T13:41:37.3935823Z AlignmentUtilTest > paddingFor_correctResults(long, int, int) > [4] offset=64, alignment=64, expected=0 PASSED
build	Build + Test	2026-10-04T13:41:37.3936586Z 
build	Build + Test	2026-10-04T13:41:37.3937357Z AlignmentUtilTest > paddingFor_correctResults(long, int, int) > [5] offset=65, alignment=64, expected=63 PASSED
build	Build + Test	2026-10-04T13:41:37.3938137Z 
build	Build + Test	2026-10-04T13:41:37.3938724Z AlignmentUtilTest > paddingFor_correctResults(long, int, int) > [6] offset=100, alignment=4, expected=0 PASSED
build	Build + Test	2026-10-04T13:41:37.3939495Z 
build	Build + Test	2026-10-04T13:41:37.3940075Z AlignmentUtilTest > paddingFor_correctResults(long, int, int) > [7] offset=101, alignment=4, expected=3 PASSED
build	Build + Test	2026-10-04T13:41:37.3953936Z 
build	Build + Test	2026-10-04T13:41:37.3967940Z AlignmentUtilTest > alignUp_zeroAlignment_throws() PASSED
build	Build + Test	2026-10-04T13:41:37.3968568Z 
build	Build + Test	2026-10-04T13:41:37.3969118Z AlignmentUtilTest > vectorAlignment_is64() PASSED
build	Build + Test	2026-10-04T13:41:37.3970346Z 
build	Build + Test	2026-10-04T13:41:37.3970724Z AlignmentUtilTest > alignUp_negativeAlignment_throws() PASSED
build	Build + Test	2026-10-04T13:41:37.3971244Z 
build	Build + Test	2026-10-04T13:41:37.3971884Z AlignmentUtilTest > alignUp_correctResults(long, int, long) > [1] value=0, alignment=64, expected=0 PASSED
build	Build + Test	2026-10-04T13:41:37.3972650Z 
build	Build + Test	2026-10-04T13:41:37.3973626Z AlignmentUtilTest > alignUp_correctResults(long, int, long) > [2] value=1, alignment=64, expected=64 PASSED
build	Build + Test	2026-10-04T13:41:37.3974243Z 
build	Build + Test	2026-10-04T13:41:37.3974608Z AlignmentUtilTest > alignUp_correctResults(long, int, long) > [3] value=63, alignment=64, expected=64 PASSED
build	Build + Test	2026-10-04T13:41:37.3975060Z 
build	Build + Test	2026-10-04T13:41:37.3975396Z AlignmentUtilTest > alignUp_correctResults(long, int, long) > [4] value=64, alignment=64, expected=64 PASSED
build	Build + Test	2026-10-04T13:41:37.3975830Z 
build	Build + Test	2026-10-04T13:41:37.3976169Z AlignmentUtilTest > alignUp_correctResults(long, int, long) > [5] value=65, alignment=64, expected=128 PASSED
build	Build + Test	2026-10-04T13:41:37.3976942Z 
build	Build + Test	2026-10-04T13:41:37.3977310Z AlignmentUtilTest > alignUp_correctResults(long, int, long) > [6] value=127, alignment=64, expected=128 PASSED
build	Build + Test	2026-10-04T13:41:37.3978009Z 
build	Build + Test	2026-10-04T13:41:37.3978361Z AlignmentUtilTest > alignUp_correctResults(long, int, long) > [7] value=128, alignment=64, expected=128 PASSED
build	Build + Test	2026-10-04T13:41:37.3978803Z 
build	Build + Test	2026-10-04T13:41:37.3979140Z AlignmentUtilTest > alignUp_correctResults(long, int, long) > [8] value=0, alignment=4096, expected=0 PASSED
build	Build + Test	2026-10-04T13:41:37.3979570Z 
build	Build + Test	2026-10-04T13:41:37.3979911Z AlignmentUtilTest > alignUp_correctResults(long, int, long) > [9] value=1, alignment=4096, expected=4096 PASSED
build	Build + Test	2026-10-04T13:41:37.3980356Z 
build	Build + Test	2026-10-04T13:41:37.3980731Z AlignmentUtilTest > alignUp_correctResults(long, int, long) > [10] value=4095, alignment=4096, expected=4096 PASSED
build	Build + Test	2026-10-04T13:41:37.3981201Z 
build	Build + Test	2026-10-04T13:41:37.3981554Z AlignmentUtilTest > alignUp_correctResults(long, int, long) > [11] value=4096, alignment=4096, expected=4096 PASSED
build	Build + Test	2026-10-04T13:41:37.3982016Z 
build	Build + Test	2026-10-04T13:41:37.3982360Z AlignmentUtilTest > alignUp_correctResults(long, int, long) > [12] value=4097, alignment=4096, expected=8192 PASSED
build	Build + Test	2026-10-04T13:41:37.3982806Z 
build	Build + Test	2026-10-04T13:41:37.3983145Z AlignmentUtilTest > alignUp_correctResults(long, int, long) > [13] value=512, alignment=4, expected=512 PASSED
build	Build + Test	2026-10-04T13:41:37.3983593Z 
build	Build + Test	2026-10-04T13:41:37.3983928Z AlignmentUtilTest > alignUp_correctResults(long, int, long) > [14] value=513, alignment=4, expected=516 PASSED
build	Build + Test	2026-10-04T13:41:37.3984363Z 
build	Build + Test	2026-10-04T13:41:37.3984594Z AlignmentUtilTest > alignUp_nonPowerOfTwo_throws() PASSED
build	Build + Test	2026-10-04T13:41:37.3984881Z 
build	Build + Test	2026-10-04T13:41:37.3985069Z AlignmentUtilTest > pageSize_isPositivePowerOfTwo() PASSED
build	Build + Test	2026-10-04T13:41:37.3985348Z 
build	Build + Test	2026-10-04T13:41:37.3985509Z SlabAllocatorTest > allocated_tracksUsage() PASSED
build	Build + Test	2026-10-04T13:41:37.3985758Z 
build	Build + Test	2026-10-04T13:41:37.3985919Z SlabAllocatorTest > manySmallAllocations() PASSED
build	Build + Test	2026-10-04T13:41:37.3986165Z 
build	Build + Test	2026-10-04T13:41:37.3986381Z SlabAllocatorTest > allocatedIncludesAlignmentPadding() PASSED
build	Build + Test	2026-10-04T13:41:37.3986686Z 
build	Build + Test	2026-10-04T13:41:37.3986991Z SlabAllocatorTest > capacity_matchesCreation() PASSED
build	Build + Test	2026-10-04T13:41:37.3987253Z 
build	Build + Test	2026-10-04T13:41:37.3987440Z SlabAllocatorTest > overflow_throwsWhenExhausted() PASSED
build	Build + Test	2026-10-04T13:41:37.3987709Z 
build	Build + Test	2026-10-04T13:41:37.3987890Z SlabAllocatorTest > slab_returnsBackingSegment() PASSED
build	Build + Test	2026-10-04T13:41:37.3988166Z 
build	Build + Test	2026-10-04T13:41:37.3988346Z SlabAllocatorTest > allocate_segmentsAreWritable() PASSED
build	Build + Test	2026-10-04T13:41:37.3988614Z 
build	Build + Test	2026-10-04T13:41:37.3988818Z SlabAllocatorTest > allocate_returnsDistinctSegments() PASSED
build	Build + Test	2026-10-04T13:41:37.3989112Z 
build	Build + Test	2026-10-04T13:41:37.3989355Z MappedVectorStoreTest > WriterValidation > wrongDimension_throws() PASSED
build	Build + Test	2026-10-04T13:41:37.3989806Z 
build	Build + Test	2026-10-04T13:41:37.3990266Z MappedVectorStoreTest > WriterValidation > wrongEncoding_throws() PASSED
build	Build + Test	2026-10-04T13:41:37.3990868Z 
build	Build + Test	2026-10-04T13:41:37.3991283Z MappedVectorStoreTest > CustomAlignment > noAlignment_packedLayout() PASSED
build	Build + Test	2026-10-04T13:41:37.3991656Z 
build	Build + Test	2026-10-04T13:41:37.3991920Z MappedVectorStoreTest > ConcurrentAccess > concurrentReads_allCorrect() PASSED
build	Build + Test	2026-10-04T13:41:37.3992273Z 
build	Build + Test	2026-10-04T13:41:37.3992547Z MappedVectorStoreTest > FileValidation > undersizedFileIsRejectedAtOpen() PASSED
build	Build + Test	2026-10-04T13:41:37.3992913Z 
build	Build + Test	2026-10-04T13:41:37.3993163Z MappedVectorStoreTest > FileValidation > emptyStoreCanOpenEmptyFile() PASSED
build	Build + Test	2026-10-04T13:41:37.3993672Z 
build	Build + Test	2026-10-04T13:41:37.3994028Z MappedVectorStoreTest > FileValidation > getVectorRejectsUndersizedMemorySegmentDestination() PASSED
build	Build + Test	2026-10-04T13:41:37.3994493Z 
build	Build + Test	2026-10-04T13:41:37.3994738Z MappedVectorStoreTest > BinaryVectors > writeAndRead_binaryRawBytes() PASSED
build	Build + Test	2026-10-04T13:41:37.3995078Z 
build	Build + Test	2026-10-04T13:41:37.3995385Z MappedVectorStoreTest > BinaryVectors > getVectorRejectsUndersizedByteDestination() PASSED
build	Build + Test	2026-10-04T13:41:37.3995808Z 
build	Build + Test	2026-10-04T13:41:37.3996038Z MappedVectorStoreTest > Int8Vectors > int8_getVectorAsFloat() PASSED
build	Build + Test	2026-10-04T13:41:37.3996475Z 
build	Build + Test	2026-10-04T13:41:37.3996684Z MappedVectorStoreTest > Int8Vectors > writeAndRead_int8() PASSED
build	Build + Test	2026-10-04T13:41:37.3997128Z 
build	Build + Test	2026-10-04T13:41:37.3997441Z MappedVectorStoreTest > Float32Vectors > writeAndRead_variousDimensions(int) > [1] dim=3 PASSED
build	Build + Test	2026-10-04T13:41:37.3997852Z 
build	Build + Test	2026-10-04T13:41:37.3998151Z MappedVectorStoreTest > Float32Vectors > writeAndRead_variousDimensions(int) > [2] dim=4 PASSED
build	Build + Test	2026-10-04T13:41:37.3998560Z 
build	Build + Test	2026-10-04T13:41:37.3998872Z MappedVectorStoreTest > Float32Vectors > writeAndRead_variousDimensions(int) > [3] dim=16 PASSED
build	Build + Test	2026-10-04T13:41:37.3999283Z 
build	Build + Test	2026-10-04T13:41:37.3999596Z MappedVectorStoreTest > Float32Vectors > writeAndRead_variousDimensions(int) > [4] dim=100 PASSED
build	Build + Test	2026-10-04T13:41:37.4000006Z 
build	Build + Test	2026-10-04T13:41:37.4000318Z MappedVectorStoreTest > Float32Vectors > writeAndRead_variousDimensions(int) > [5] dim=128 PASSED
build	Build + Test	2026-10-04T13:41:37.4000724Z 
build	Build + Test	2026-10-04T13:41:37.4001025Z MappedVectorStoreTest > Float32Vectors > writeAndRead_variousDimensions(int) > [6] dim=256 PASSED
build	Build + Test	2026-10-04T13:41:37.4007958Z 
build	Build + Test	2026-10-04T13:41:37.4008365Z MappedVectorStoreTest > Float32Vectors > writeAndRead_variousDimensions(int) > [7] dim=768 PASSED
build	Build + Test	2026-10-04T13:41:37.4008819Z 
build	Build + Test	2026-10-04T13:41:37.4009167Z MappedVectorStoreTest > Float32Vectors > writeAndRead_variousDimensions(int) > [8] dim=1536 PASSED
build	Build + Test	2026-10-04T13:41:37.4009602Z 
build	Build + Test	2026-10-04T13:41:37.4009896Z MappedVectorStoreTest > Float32Vectors > alignment_strideIs64ByteAligned() PASSED
build	Build + Test	2026-10-04T13:41:37.4010270Z 
build	Build + Test	2026-10-04T13:41:37.4010533Z MappedVectorStoreTest > Float32Vectors > ordinalOutOfBounds_throws() PASSED
build	Build + Test	2026-10-04T13:41:37.4010881Z 
build	Build + Test	2026-10-04T13:41:37.4011224Z MappedVectorStoreTest > Float32Vectors > getVectorRejectsUndersizedFloatDestination() PASSED
build	Build + Test	2026-10-04T13:41:37.4011653Z 
build	Build + Test	2026-10-04T13:41:37.4011918Z MappedVectorStoreTest > Float32Vectors > getVector_intoMemorySegment() PASSED
build	Build + Test	2026-10-04T13:41:37.4012280Z 
build	Build + Test	2026-10-04T13:41:37.4012572Z MappedVectorStoreTest > Float32Vectors > vectorSlice_returnsZeroCopySegment() PASSED
build	Build + Test	2026-10-04T13:41:37.4012966Z 
build	Build + Test	2026-10-04T13:41:37.4013219Z ManifestTest > parseRejectsMalformedManifestAsIOException() PASSED
build	Build + Test	2026-10-04T13:41:37.4013570Z 
build	Build + Test	2026-10-04T13:41:37.4013771Z ManifestTest > toJsonRoundTripsAllManifestFields() PASSED
build	Build + Test	2026-10-04T13:41:37.4014061Z 
build	Build + Test	2026-10-04T13:41:37.4014295Z ManifestTest > parseSkipsUnknownNestedValuesAndWhitespace() PASSED
build	Build + Test	2026-10-04T13:41:37.4014635Z 
build	Build + Test	2026-10-04T13:41:37.4014808Z ManifestTest > cursorRejectsInvalidNumber() PASSED
build	Build + Test	2026-10-04T13:41:37.6517553Z 
build	Build + Test	2026-10-04T13:41:37.6573753Z WriteAheadLogContractTest > readFromMidSeqSkipsEarlierEntries(String) > [1] type=heap PASSED
build	Build + Test	2026-10-04T13:41:37.6574615Z 
build	Build + Test	2026-10-04T13:41:37.6628498Z > Task :vectors-studio-sidecart:compileJava
build	Build + Test	2026-10-04T13:41:37.8514668Z > Task :vectors-studio-distributed:compileJava
build	Build + Test	2026-10-04T13:41:37.8567835Z > Task :vectors-studio-distributed:classes
build	Build + Test	2026-10-04T13:41:37.9517780Z > Task :vectors-studio-distributed:jar
build	Build + Test	2026-10-04T13:41:39.5517433Z 
build	Build + Test	2026-10-04T13:41:39.5518679Z > Task :vectors-storage:test
build	Build + Test	2026-10-04T13:41:39.5619286Z 
build	Build + Test	2026-10-04T13:41:39.5687848Z WriteAheadLogContractTest > readFromMidSeqSkipsEarlierEntries(String) > [2] type=local PASSED
build	Build + Test	2026-10-04T13:41:39.5720482Z 
build	Build + Test	2026-10-04T13:41:39.5818367Z WriteAheadLogContractTest > groupCommit_overflowingBatchTriggersEarlyFlush(String) > [1] type=heap PASSED
build	Build + Test	2026-10-04T13:41:40.7504074Z 
build	Build + Test	2026-10-04T13:41:40.7505790Z WriteAheadLogContractTest > groupCommit_overflowingBatchTriggersEarlyFlush(String) > [2] type=local PASSED
build	Build + Test	2026-10-04T13:41:40.7559623Z 
build	Build + Test	2026-10-04T13:41:40.7588623Z WriteAheadLogContractTest > emptyLogReturnsMinusOneSequence(String) > [1] type=heap PASSED
build	Build + Test	2026-10-04T13:41:40.7589835Z 
build	Build + Test	2026-10-04T13:41:40.7617792Z WriteAheadLogContractTest > emptyLogReturnsMinusOneSequence(String) > [2] type=local PASSED
build	Build + Test	2026-10-04T13:41:40.8517207Z 
build	Build + Test	2026-10-04T13:41:40.8518816Z WriteAheadLogContractTest > scheduledCommitFailureReleasesWaitingAppender(String) > [1] type=heap PASSED
build	Build + Test	2026-10-04T13:41:40.8547066Z 
build	Build + Test	2026-10-04T13:41:40.8608063Z WriteAheadLogContractTest > scheduledCommitFailureReleasesWaitingAppender(String) > [2] type=local PASSED
build	Build + Test	2026-10-04T13:41:41.1517210Z 
build	Build + Test	2026-10-04T13:41:41.1548213Z WriteAheadLogContractTest > markIndexedCompactsManifestPrefix(String) > [1] type=heap PASSED
build	Build + Test	2026-10-04T13:41:41.2491751Z 2 warnings
build	Build + Test	2026-10-04T13:41:41.2492098Z 
build	Build + Test	2026-10-04T13:41:41.2518453Z warning: [incubating] using incubating module(s): jdk.incubator.vector
build	Build + Test	2026-10-04T13:41:41.2537754Z > Task :vectors-studio-core:javadoc
build	Build + Test	2026-10-04T13:41:41.2542011Z warning: [incubating] using incubating module(s): jdk.incubator.vector
build	Build + Test	2026-10-04T13:41:41.2567091Z 
build	Build + Test	2026-10-04T13:41:41.2592495Z > Task :vectors-studio-distributed:javadoc
build	Build + Test	2026-10-04T13:41:41.4510111Z 
build	Build + Test	2026-10-04T13:41:41.4515021Z > Task :vectors-studio-core:javadocJar
build	Build + Test	2026-10-04T13:41:41.4547672Z > Task :vectors-studio-core:assemble
build	Build + Test	2026-10-04T13:41:42.0491565Z 
build	Build + Test	2026-10-04T13:41:42.0507850Z 2 warnings
build	Build + Test	2026-10-04T13:41:42.0508482Z > Task :vectors-studio-distributed:javadoc
build	Build + Test	2026-10-04T13:41:42.6513414Z 
build	Build + Test	2026-10-04T13:41:42.6568680Z > Task :vectors-studio-core:compileTestJava
build	Build + Test	2026-10-04T13:41:42.6637860Z > Task :vectors-studio-core:testClasses
build	Build + Test	2026-10-04T13:41:42.6727794Z > Task :vectors-studio-core:spotbugsTest SKIPPED
build	Build + Test	2026-10-04T13:41:43.1507419Z 
build	Build + Test	2026-10-04T13:41:43.1568024Z > Task :vectors-storage:test
build	Build + Test	2026-10-04T13:41:43.1591283Z 
build	Build + Test	2026-10-04T13:41:43.1648113Z WriteAheadLogContractTest > markIndexedCompactsManifestPrefix(String) > [2] type=local PASSED
build	Build + Test	2026-10-04T13:41:43.1677193Z 
build	Build + Test	2026-10-04T13:41:43.1738352Z WriteAheadLogContractTest > unindexedTailSeqs_includesActiveAndClosedUnmarked(String) > [1] type=heap PASSED
build	Build + Test	2026-10-04T13:41:43.1767098Z 
build	Build + Test	2026-10-04T13:41:43.1767929Z WriteAheadLogContractTest > unindexedTailSeqs_includesActiveAndClosedUnmarked(String) > [2] type=local PASSED
build	Build + Test	2026-10-04T13:41:43.1768921Z 
build	Build + Test	2026-10-04T13:41:43.1769492Z WriteAheadLogContractTest > appendThenReadRecoversEntry(String) > [1] type=heap PASSED
build	Build + Test	2026-10-04T13:41:43.1770242Z 
build	Build + Test	2026-10-04T13:41:43.1770825Z WriteAheadLogContractTest > appendThenReadRecoversEntry(String) > [2] type=local PASSED
build	Build + Test	2026-10-04T13:41:43.1771623Z 
build	Build + Test	2026-10-04T13:41:43.1772299Z WriteAheadLogContractTest > reopenedWalRecoversDurableActiveSegment(String) > [1] type=heap PASSED
build	Build + Test	2026-10-04T13:41:43.1773143Z 
build	Build + Test	2026-10-04T13:41:43.1773810Z WriteAheadLogContractTest > reopenedWalRecoversDurableActiveSegment(String) > [2] type=local PASSED
build	Build + Test	2026-10-04T13:41:43.1774682Z 
build	Build + Test	2026-10-04T13:41:43.1775279Z WriteAheadLogContractTest > segmentRolloverCreatesNewSegment(String) > [1] type=heap PASSED
build	Build + Test	2026-10-04T13:41:43.1797561Z 
build	Build + Test	2026-10-04T13:41:43.1857974Z WriteAheadLogContractTest > segmentRolloverCreatesNewSegment(String) > [2] type=local PASSED
build	Build + Test	2026-10-04T13:41:43.1917407Z 
build	Build + Test	2026-10-04T13:41:43.1947907Z WriteAheadLogContractTest > groupCommit_concurrentAppendsCoalesceIntoOneObject(String) > [1] type=heap PASSED
build	Build + Test	2026-10-04T13:41:43.2538050Z 
build	Build + Test	2026-10-04T13:41:43.2578518Z WriteAheadLogContractTest > groupCommit_concurrentAppendsCoalesceIntoOneObject(String) > [2] type=local PASSED
build	Build + Test	2026-10-04T13:41:43.4517996Z 
build	Build + Test	2026-10-04T13:41:43.4577797Z WriteAheadLogContractTest > reopenedWalRestoresSequenceAndEntries(String) > [1] type=heap PASSED
build	Build + Test	2026-10-04T13:41:43.6507246Z 
build	Build + Test	2026-10-04T13:41:43.6538489Z WriteAheadLogContractTest > reopenedWalRestoresSequenceAndEntries(String) > [2] type=local PASSED
build	Build + Test	2026-10-04T13:41:43.8507597Z 
build	Build + Test	2026-10-04T13:41:43.8558229Z WriteAheadLogContractTest > markIndexed_movesSegmentOutOfTail(String) > [1] type=heap PASSED
build	Build + Test	2026-10-04T13:41:44.0507326Z 
build	Build + Test	2026-10-04T13:41:44.0538197Z WriteAheadLogContractTest > markIndexed_movesSegmentOutOfTail(String) > [2] type=local PASSED
build	Build + Test	2026-10-04T13:41:44.2494517Z 
build	Build + Test	2026-10-04T13:41:44.2588302Z WriteAheadLogContractTest > sequenceNumbersStrictlyMonotonic(String) > [1] type=heap PASSED
build	Build + Test	2026-10-04T13:41:44.3497242Z 
build	Build + Test	2026-10-04T13:41:44.3558164Z WriteAheadLogContractTest > sequenceNumbersStrictlyMonotonic(String) > [2] type=local PASSED
build	Build + Test	2026-10-04T13:41:44.5507423Z 
build	Build + Test	2026-10-04T13:41:44.5538249Z WriteAheadLogContractTest > crcCorruptionDetectedOnRead(String) > [1] type=heap PASSED
build	Build + Test	2026-10-04T13:41:44.6507401Z 
build	Build + Test	2026-10-04T13:41:44.6583557Z WriteAheadLogContractTest > crcCorruptionDetectedOnRead(String) > [2] type=local PASSED
build	Build + Test	2026-10-04T13:41:44.6627220Z 
build	Build + Test	2026-10-04T13:41:44.6674484Z WriteAheadLogTest > implementsWriteAheadLogSpi() PASSED
build	Build + Test	2026-10-04T13:41:44.6777228Z 
build	Build + Test	2026-10-04T13:41:44.6868045Z WriteAheadLogTest > openSegmentNotReplayed() PASSED
build	Build + Test	2026-10-04T13:41:44.6927730Z 
build	Build + Test	2026-10-04T13:41:44.6958071Z WriteAheadLogTest > appendBatchGroupCommitsAndReplaysInOrder() PASSED
build	Build + Test	2026-10-04T13:41:44.7047296Z 
build	Build + Test	2026-10-04T13:41:44.7078085Z WriteAheadLogTest > reopenedWalContinuesSeqAfterExisting() PASSED
build	Build + Test	2026-10-04T13:41:44.7175656Z 
build	Build + Test	2026-10-04T13:41:44.7207950Z WriteAheadLogTest > tornLengthPrefix_isTreatedAsEndOfLog() PASSED
build	Build + Test	2026-10-04T13:41:45.1507333Z 
build	Build + Test	2026-10-04T13:41:45.1643998Z WriteAheadLogTest > largeBatchAppend_allReplayed() PASSED
build	Build + Test	2026-10-04T13:41:45.1727395Z 
build	Build + Test	2026-10-04T13:41:45.1779823Z WriteAheadLogTest > appendReturnsMonotonicallyIncreasingSeqs() PASSED
build	Build + Test	2026-10-04T13:41:45.1837402Z 
build	Build + Test	2026-10-04T13:41:45.1918139Z WriteAheadLogTest > crcCorruptionDetectedDuringReplay() PASSED
build	Build + Test	2026-10-04T13:41:45.2007211Z 
build	Build + Test	2026-10-04T13:41:45.2017891Z WriteAheadLogTest > nextSeqIncrementsAfterEachAppend() PASSED
build	Build + Test	2026-10-04T13:41:45.2107193Z 
build	Build + Test	2026-10-04T13:41:45.2189516Z WriteAheadLogTest > tornTrailingFrame_isTreatedAsEndOfLog_notCorruption() PASSED
build	Build + Test	2026-10-04T13:41:45.2247308Z 
build	Build + Test	2026-10-04T13:41:45.2258419Z WriteAheadLogTest > emptyWalReplayIsNoOp() PASSED
build	Build + Test	2026-10-04T13:41:45.2517414Z 
build	Build + Test	2026-10-04T13:41:45.2618323Z WriteAheadLogTest > replayAfterSealDeliversAllEntries() PASSED
build	Build + Test	2026-10-04T13:41:45.6517898Z WARNING: Using incubator modules: jdk.incubator.vector
build	Build + Test	2026-10-04T13:41:45.6518468Z 
build	Build + Test	2026-10-04T13:41:45.6518733Z > Task :vectors-studio-core:test
build	Build + Test	2026-10-04T13:41:45.9517284Z 
build	Build + Test	2026-10-04T13:41:45.9581737Z > Task :vectors-storage:jacocoTestCoverageVerification
build	Build + Test	2026-10-04T13:41:48.5532449Z 
build	Build + Test	2026-10-04T13:41:48.5647924Z > Task :vectors-studio-core:test
build	Build + Test	2026-10-04T13:41:48.5737424Z 
build	Build + Test	2026-10-04T13:41:48.5828008Z DatasetLoaderTest > throwsWhenNoVectorsFound() PASSED
build	Build + Test	2026-10-04T13:41:49.3527251Z 
build	Build + Test	2026-10-04T13:41:49.3551890Z DatasetLoaderTest > loadsCollectionWithTextMetadataAndDimension() PASSED
build	Build + Test	2026-10-04T13:41:49.7497211Z 
build	Build + Test	2026-10-04T13:41:49.7579397Z DatasetLoaderTest > respectsLimitAndPagesAcrossMultipleFetches() PASSED
build	Build + Test	2026-10-04T13:41:49.7629687Z 
build	Build + Test	2026-10-04T13:41:49.7730133Z DatasetLoaderTest > skipsRowsWithMissingOrInvalidVector() PASSED
build	Build + Test	2026-10-04T13:41:49.7813200Z 
build	Build + Test	2026-10-04T13:41:49.7928296Z DatasetLoaderTest > generatesIdsWhenIdColumnNullAndNullTextWhenTextColumnNull() PASSED
build	Build + Test	2026-10-04T13:41:50.7518177Z WARNING: A restricted method in java.lang.foreign.SymbolLookup has been called
build	Build + Test	2026-10-04T13:41:50.7519020Z 
build	Build + Test	2026-10-04T13:41:50.7589274Z WARNING: java.lang.foreign.SymbolLookup::libraryLookup has been called by smile.linalg.lapack.clapack_h_1 in an unnamed module (file:/home/runner/.gradle/caches/modules-2/files-2.1/com.github.haifengl/smile-base/6.0.0/5d6d20a9500347b273eaa3c3477559e5d8ddd14b/smile-base-6.0.0.jar)
build	Build + Test	2026-10-04T13:41:50.7668427Z WARNING: Use --enable-native-access=ALL-UNNAMED to avoid a warning for callers in this module
build	Build + Test	2026-10-04T13:41:50.7778759Z WARNING: Restricted methods will be blocked in a future release unless native access is enabled
build	Build + Test	2026-10-04T13:41:50.7817217Z 
build	Build + Test	2026-10-04T13:41:51.6537237Z 
build	Build + Test	2026-10-04T13:41:51.6538282Z > Task :vectors-studio-core:test
build	Build + Test	2026-10-04T13:41:51.6607246Z 
build	Build + Test	2026-10-04T13:41:51.6739462Z SmilePcaProjectionTest > invokesProgressListenerOnceAndDone() PASSED
build	Build + Test	2026-10-04T13:41:51.6833429Z 
build	Build + Test	2026-10-04T13:41:51.6878320Z SmilePcaProjectionTest > projects3ClusterDataInto2dWithMostVarianceCaptured() PASSED
build	Build + Test	2026-10-04T13:41:51.6967632Z 
build	Build + Test	2026-10-04T13:41:51.7053893Z SmilePcaProjectionTest > queryProjectorReprojectsTrainingRowToItsInSampleCoords() PASSED
build	Build + Test	2026-10-04T13:41:51.7057342Z 
build	Build + Test	2026-10-04T13:41:51.7148636Z SmileProgressHeartbeatTest > heartbeatIsNoopForNullListener() PASSED
build	Build + Test	2026-10-04T13:41:52.0491280Z 
build	Build + Test	2026-10-04T13:41:52.0578367Z SmileProgressHeartbeatTest > heartbeatEmitsEstimatesWithNullCoordsAndStopsOnClose() PASSED
build	Build + Test	2026-10-04T13:41:52.1537401Z 
build	Build + Test	2026-10-04T13:41:52.1567996Z SmileProgressHeartbeatTest > heartbeatIsNoopForDegenerateIterationCount() PASSED
build	Build + Test	2026-10-04T13:41:52.1627162Z 
build	Build + Test	2026-10-04T13:41:52.1682866Z HeuristicRecommenderTest > dWayMoreThanNGetsPca() PASSED
build	Build + Test	2026-10-04T13:41:52.2527339Z 
build	Build + Test	2026-10-04T13:41:52.2568055Z HeuristicRecommenderTest > largeNGetsPcaPipeline() PASSED
build	Build + Test	2026-10-04T13:41:52.2627261Z 
build	Build + Test	2026-10-04T13:41:52.2717951Z HeuristicRecommenderTest > sparseDatasetGetsPca() PASSED
build	Build + Test	2026-10-04T13:41:52.2774584Z 
build	Build + Test	2026-10-04T13:41:52.2828680Z HeuristicRecommenderTest > mediumNGetsUmap() PASSED
build	Build + Test	2026-10-04T13:41:52.2887372Z 
build	Build + Test	2026-10-04T13:41:52.2978007Z HeuristicRecommenderTest > smallNGetsTsne() PASSED
build	Build + Test	2026-10-04T13:41:52.5497327Z 
build	Build + Test	2026-10-04T13:41:52.5567924Z > Task :vectors-storage:spotbugsTest SKIPPED
build	Build + Test	2026-10-04T13:41:53.0541677Z > Task :vectors-studio-distributed:javadocJar
build	Build + Test	2026-10-04T13:41:53.1547972Z > Task :vectors-studio-distributed:assemble
build	Build + Test	2026-10-04T13:42:00.7517960Z > Task :vectors-studio-core:spotbugsMain
build	Build + Test	2026-10-04T13:42:00.7607833Z > Task :vectors-studio-core:check
build	Build + Test	2026-10-04T13:42:00.7637675Z > Task :vectors-studio-core:build
build	Build + Test	2026-10-04T13:42:01.1507967Z > Task :vectors-studio-distributed:compileTestJava
build	Build + Test	2026-10-04T13:42:01.1617959Z > Task :vectors-studio-distributed:testClasses
build	Build + Test	2026-10-04T13:42:01.1667744Z > Task :vectors-studio-distributed:spotbugsTest SKIPPED
build	Build + Test	2026-10-04T13:42:01.1724423Z > Task :vectors-studio-sidecart:classes
build	Build + Test	2026-10-04T13:42:01.1856511Z > Task :vectors-studio-sidecart:jar
build	Build + Test	2026-10-04T13:42:03.1548013Z WARNING: Using incubator modules: jdk.incubator.vector
build	Build + Test	2026-10-04T13:42:03.1548648Z 
build	Build + Test	2026-10-04T13:42:03.1551555Z > Task :vectors-studio-distributed:test
build	Build + Test	2026-10-04T13:42:06.0567485Z 
build	Build + Test	2026-10-04T13:42:06.0646760Z DistributedConnectionParserTest > prefixWithoutTrailingSlashKeepsRawForm() PASSED
build	Build + Test	2026-10-04T13:42:06.0707631Z 
build	Build + Test	2026-10-04T13:42:06.0768100Z DistributedConnectionParserTest > rejectsMissingBucket() PASSED
build	Build + Test	2026-10-04T13:42:06.0783105Z 
build	Build + Test	2026-10-04T13:42:06.0837969Z DistributedConnectionParserTest > rejectsNonNumericDim() PASSED
build	Build + Test	2026-10-04T13:42:06.1520954Z 
build	Build + Test	2026-10-04T13:42:06.1547998Z DistributedConnectionParserTest > rejectsNonR2Url() PASSED
build	Build + Test	2026-10-04T13:42:06.1607472Z 
build	Build + Test	2026-10-04T13:42:06.1638159Z DistributedConnectionParserTest > rejectsMissingEndpoint() PASSED
build	Build + Test	2026-10-04T13:42:06.1687265Z 
build	Build + Test	2026-10-04T13:42:06.1718181Z DistributedConnectionParserTest > rejectsMissingDim() PASSED
build	Build + Test	2026-10-04T13:42:06.1777466Z 
build	Build + Test	2026-10-04T13:42:06.1808144Z DistributedConnectionParserTest > rejectsMissingWal() PASSED
build	Build + Test	2026-10-04T13:42:06.1847169Z 
build	Build + Test	2026-10-04T13:42:06.1898226Z DistributedConnectionParserTest > defaultsRegionMetricAndName() PASSED
build	Build + Test	2026-10-04T13:42:06.1957310Z 
build	Build + Test	2026-10-04T13:42:06.1988028Z DistributedConnectionParserTest > happyPathParsesAllFields() PASSED
build	Build + Test	2026-10-04T13:42:06.2517574Z 
build	Build + Test	2026-10-04T13:42:06.2547926Z RrfFuserTest > zeroKReturnsEmpty() PASSED
build	Build + Test	2026-10-04T13:42:06.3557336Z 
build	Build + Test	2026-10-04T13:42:06.3577397Z RrfFuserTest > emptyDenseUsesSparseOrdering() PASSED
build	Build + Test	2026-10-04T13:42:06.3617358Z 
build	Build + Test	2026-10-04T13:42:06.3667965Z RrfFuserTest > emptySparseLeavesDenseRankingIntact() PASSED
build	Build + Test	2026-10-04T13:42:06.3727499Z 
build	Build + Test	2026-10-04T13:42:06.3757927Z RrfFuserTest > overlappingIdRankedFirst() PASSED
build	Build + Test	2026-10-04T13:42:06.3817247Z 
build	Build + Test	2026-10-04T13:42:06.3847783Z RrfFuserTest > rrfFormulaMatchesPaperDefinition() PASSED
build	Build + Test	2026-10-04T13:42:06.4508437Z 
build	Build + Test	2026-10-04T13:42:06.4528561Z RrfFuserTest > uniqueSparseIdsAreHydrated() PASSED
build	Build + Test	2026-10-04T13:42:09.3491992Z warning: [incubating] using incubating module(s): jdk.incubator.vector
build	Build + Test	2026-10-04T13:42:09.3492622Z 
build	Build + Test	2026-10-04T13:42:09.3578417Z warning: [incubating] using incubating module(s): jdk.incubator.vector
build	Build + Test	2026-10-04T13:42:09.3579378Z > Task :vectors-studio-sidecart:javadoc
build	Build + Test	2026-10-04T13:42:10.6527292Z 
build	Build + Test	2026-10-04T13:42:10.6627751Z > Task :vectors-storage:spotbugsMain
build	Build + Test	2026-10-04T13:42:10.6748137Z > Task :vectors-storage:check
build	Build + Test	2026-10-04T13:42:10.6848399Z > Task :vectors-storage:build
build	Build + Test	2026-10-04T13:42:10.8507866Z > Task :vectors-studio-distributed:spotbugsMain
build	Build + Test	2026-10-04T13:42:10.8601263Z > Task :vectors-studio-distributed:check
build	Build + Test	2026-10-04T13:42:10.8687855Z > Task :vectors-studio-distributed:build
build	Build + Test	2026-10-04T13:42:11.7527821Z > Task :vectors-studio-web:compileJava
build	Build + Test	2026-10-04T13:42:11.7557686Z > Task :vectors-studio-web:classes
build	Build + Test	2026-10-04T13:42:11.8577963Z > Task :vectors-studio-web:jar
build	Build + Test	2026-10-04T13:42:12.1497790Z > Task :vectors-studio-web:startScripts
build	Build + Test	2026-10-04T13:42:12.9538155Z warning: [incubating] using incubating module(s): jdk.incubator.vector
build	Build + Test	2026-10-04T13:42:12.9538816Z 
build	Build + Test	2026-10-04T13:42:12.9567734Z > Task :vectors-text-h2:javadoc
build	Build + Test	2026-10-04T13:42:12.9627859Z warning: [incubating] using incubating module(s): jdk.incubator.vector
build	Build + Test	2026-10-04T13:42:13.6499483Z 
build	Build + Test	2026-10-04T13:42:13.6527640Z 2 warnings
build	Build + Test	2026-10-04T13:42:13.6537893Z > Task :vectors-studio-web:distTar
build	Build + Test	2026-10-04T13:42:13.6561841Z 
build	Build + Test	2026-10-04T13:42:13.6617602Z > Task :vectors-studio-sidecart:javadoc
build	Build + Test	2026-10-04T13:42:14.3496378Z 
build	Build + Test	2026-10-04T13:42:14.3527866Z > Task :vectors-studio-sidecart:javadocJar
build	Build + Test	2026-10-04T13:42:14.3560260Z > Task :vectors-studio-sidecart:assemble
build	Build + Test	2026-10-04T13:42:15.0492093Z 2 warnings
build	Build + Test	2026-10-04T13:42:15.0492455Z 
build	Build + Test	2026-10-04T13:42:15.0537710Z > Task :vectors-text-h2:javadoc
build	Build + Test	2026-10-04T13:42:16.0547517Z 
build	Build + Test	2026-10-04T13:42:16.0570235Z > Task :vectors-studio-sidecart:compileTestJava
build	Build + Test	2026-10-04T13:42:16.0577805Z > Task :vectors-studio-sidecart:testClasses
build	Build + Test	2026-10-04T13:42:16.0637624Z > Task :vectors-studio-sidecart:spotbugsTest SKIPPED
build	Build + Test	2026-10-04T13:42:18.0520704Z WARNING: Using incubator modules: jdk.incubator.vector
build	Build + Test	2026-10-04T13:42:18.0521356Z 
build	Build + Test	2026-10-04T13:42:18.0619664Z > Task :vectors-studio-sidecart:test
build	Build + Test	2026-10-04T13:42:20.3497365Z 
build	Build + Test	2026-10-04T13:42:20.3538259Z SidecartRegistryTest > emptyRegistryReturnsEmptyForAnyCollection() PASSED
build	Build + Test	2026-10-04T13:42:20.4491446Z 
build	Build + Test	2026-10-04T13:42:20.4568223Z SidecartRegistryTest > rebindClosesPriorSource() PASSED
build	Build + Test	2026-10-04T13:42:20.4609398Z 
build	Build + Test	2026-10-04T13:42:20.4693946Z SidecartRegistryTest > bindsAndResolvesByCollectionName() PASSED
build	Build + Test	2026-10-04T13:42:20.4741596Z 
build	Build + Test	2026-10-04T13:42:20.4794816Z SidecartRegistryTest > closeReleasesAllSources() PASSED
build	Build + Test	2026-10-04T13:42:20.4877139Z 
build	Build + Test	2026-10-04T13:42:20.4937737Z SidecartWriterSinkTest > closeForwardsToWriter() PASSED
build	Build + Test	2026-10-04T13:42:22.4535288Z 
build	Build + Test	2026-10-04T13:42:22.4587972Z SidecartWriterSinkTest > h2AdapterEndToEnd() PASSED
build	Build + Test	2026-10-04T13:42:22.5567411Z 
build	Build + Test	2026-10-04T13:42:22.5618291Z SidecartWriterSinkTest > preservesBlobAndMime() PASSED
build	Build + Test	2026-10-04T13:42:22.5677212Z 
build	Build + Test	2026-10-04T13:42:22.5738014Z SidecartWriterSinkTest > forwardsBatchAsUpserts() PASSED
build	Build + Test	2026-10-04T13:42:22.5777218Z 
build	Build + Test	2026-10-04T13:42:22.5839109Z SidecartWriterSinkTest > multipleBatchesAccumulateCount() PASSED
build	Build + Test	2026-10-04T13:42:22.7537249Z 
build	Build + Test	2026-10-04T13:42:22.7608840Z D1SidecartSourceTest > getAllChunksIdsBelowD1ParameterLimit() PASSED
build	Build + Test	2026-10-04T13:42:22.7609546Z 
build	Build + Test	2026-10-04T13:42:22.7610120Z D1SidecartSourceTest > reportsFailureAfterTransientHttpRetriesAreExhausted() PASSED
build	Build + Test	2026-10-04T13:42:22.7697222Z 
build	Build + Test	2026-10-04T13:42:22.7697897Z D1SidecartSourceTest > emptyIdSkipsTheNetwork() PASSED
build	Build + Test	2026-10-04T13:42:22.7698471Z 
build	Build + Test	2026-10-04T13:42:22.7698973Z D1SidecartSourceTest > getAllSendsBatchedInClauseInSqlAndParams() PASSED
build	Build + Test	2026-10-04T13:42:22.7699670Z 
build	Build + Test	2026-10-04T13:42:22.7700082Z D1SidecartSourceTest > buildRequestBodyShape() PASSED
build	Build + Test	2026-10-04T13:42:22.7701015Z 
build	Build + Test	2026-10-04T13:42:22.7701541Z D1SidecartSourceTest > retriesTransientHttpStatusBeforeDecodingRows() PASSED
build	Build + Test	2026-10-04T13:42:22.7702172Z 
build	Build + Test	2026-10-04T13:42:22.7702598Z D1SidecartSourceTest > textSearchUsesFts5MatchAndInvertsBm25Sign() PASSED
build	Build + Test	2026-10-04T13:42:22.7703188Z 
build	Build + Test	2026-10-04T13:42:22.7703587Z D1SidecartSourceTest > getDecodesD1ResponseAndBuildsRecord() PASSED
build	Build + Test	2026-10-04T13:42:22.8518281Z 
build	Build + Test	2026-10-04T13:42:22.8607963Z FileSidecartSourceTest > readsBinaryFileForId(Path) PASSED
build	Build + Test	2026-10-04T13:42:22.8683345Z 
build	Build + Test	2026-10-04T13:42:22.8758015Z FileSidecartSourceTest > sanitisesIdsWithSeparators(Path) PASSED
build	Build + Test	2026-10-04T13:42:22.8817407Z 
build	Build + Test	2026-10-04T13:42:22.8899997Z FileSidecartSourceTest > readsTextFileForId(Path) PASSED
build	Build + Test	2026-10-04T13:42:22.8922688Z 
build	Build + Test	2026-10-04T13:42:22.9007988Z FileSidecartSourceTest > returnsEmptyForUnknownId(Path) PASSED
build	Build + Test	2026-10-04T13:42:22.9557300Z 
build	Build + Test	2026-10-04T13:42:22.9630364Z FileSidecartSourceTest > traversalAttemptsResolveInsideBaseDirAndReturnEmpty(Path) PASSED
build	Build + Test	2026-10-04T13:42:22.9674576Z 
build	Build + Test	2026-10-04T13:42:22.9733555Z H2SidecartSourceTest > rejectsUnsafeIdentifiers() PASSED
build	Build + Test	2026-10-04T13:42:22.9787181Z 
build	Build + Test	2026-10-04T13:42:22.9888100Z H2SidecartSourceTest > rejectsAllNullProjection() PASSED
build	Build + Test	2026-10-04T13:42:23.0527307Z 
build	Build + Test	2026-10-04T13:42:23.0588029Z H2SidecartSourceTest > readsTextOnlyWhenBlobColumnNotConfigured() PASSED
build	Build + Test	2026-10-04T13:42:23.0638713Z 
build	Build + Test	2026-10-04T13:42:23.0671434Z H2SidecartSourceTest > readsAllConfiguredColumns() PASSED
build	Build + Test	2026-10-04T13:42:23.0757304Z 
build	Build + Test	2026-10-04T13:42:23.0848093Z H2SidecartSourceTest > readsBlobOnlyWhenTextColumnNotConfigured() PASSED
build	Build + Test	2026-10-04T13:42:23.0927502Z 
build	Build + Test	2026-10-04T13:42:23.0978278Z H2SidecartSourceTest > emptyForUnknownId() PASSED
build	Build + Test	2026-10-04T13:42:23.1497344Z 
build	Build + Test	2026-10-04T13:42:23.1557978Z H2SidecartWriterTest > getAllReturnsBatchedRowsWithMissingIdsAbsent() PASSED
build	Build + Test	2026-10-04T13:42:23.3491056Z 
build	Build + Test	2026-10-04T13:42:23.3538160Z H2SidecartWriterTest > putIsIdempotentAcrossCallsViaMerge() PASSED
build	Build + Test	2026-10-04T13:42:23.4517202Z 
build	Build + Test	2026-10-04T13:42:23.4548007Z H2SidecartWriterTest > textSearchReturnsMatchingIdsByToken() PASSED
build	Build + Test	2026-10-04T13:42:23.5490921Z 
build	Build + Test	2026-10-04T13:42:23.5517965Z H2SidecartWriterTest > roundTripWriterToSourceEquality() PASSED
build	Build + Test	2026-10-04T13:42:24.2526339Z 
build	Build + Test	2026-10-04T13:42:24.2648290Z > Task :vectors-text-h2:javadocJar
build	Build + Test	2026-10-04T13:42:24.2707887Z > Task :vectors-text-h2:assemble
build	Build + Test	2026-10-04T13:42:28.5497960Z > Task :vectors-studio-web:distZip
build	Build + Test	2026-10-04T13:42:29.9548220Z > Task :vectors-studio-sidecart:spotbugsMain
build	Build + Test	2026-10-04T13:42:29.9597737Z > Task :vectors-studio-sidecart:check
build	Build + Test	2026-10-04T13:42:29.9598458Z > Task :vectors-studio-sidecart:build
build	Build + Test	2026-10-04T13:42:30.4518031Z > Task :vectors-text-h2:compileTestJava
build	Build + Test	2026-10-04T13:42:30.4606506Z > Task :vectors-text-h2:testClasses
build	Build + Test	2026-10-04T13:42:30.4650659Z > Task :vectors-text-h2:spotbugsTest SKIPPED
build	Build + Test	2026-10-04T13:42:31.3502882Z warning: [incubating] using incubating module(s): jdk.incubator.vector
build	Build + Test	2026-10-04T13:42:31.3503544Z 
build	Build + Test	2026-10-04T13:42:31.3527443Z > Task :vectors-studio-web:javadoc
build	Build + Test	2026-10-04T13:42:31.3574992Z warning: [incubating] using incubating module(s): jdk.incubator.vector
build	Build + Test	2026-10-04T13:42:36.7517938Z WARNING: Using incubator modules: jdk.incubator.vector
build	Build + Test	2026-10-04T13:42:36.7567587Z 
build	Build + Test	2026-10-04T13:42:36.7608565Z > Task :vectors-text-h2:spotbugsMain
build	Build + Test	2026-10-04T13:42:36.7667591Z 
build	Build + Test	2026-10-04T13:42:36.7727789Z > Task :vectors-text-h2:test
build	Build + Test	2026-10-04T13:42:39.2565434Z 2 warnings
build	Build + Test	2026-10-04T13:42:39.2565803Z 
build	Build + Test	2026-10-04T13:42:39.2566087Z > Task :vectors-studio-web:javadoc
build	Build + Test	2026-10-04T13:42:39.2617956Z warning: [incubating] using incubating module(s): jdk.incubator.vector
build	Build + Test	2026-10-04T13:42:39.2665537Z 
build	Build + Test	2026-10-04T13:42:39.2707907Z warning: [incubating] using incubating module(s): jdk.incubator.vector
build	Build + Test	2026-10-04T13:42:39.2737530Z > Task :vectors-vamana:javadoc
build	Build + Test	2026-10-04T13:42:39.9507454Z 
build	Build + Test	2026-10-04T13:42:39.9547868Z > Task :vectors-studio-web:javadocJar
build	Build + Test	2026-10-04T13:42:39.9587607Z > Task :vectors-studio-web:assemble
build	Build + Test	2026-10-04T13:42:42.8500807Z 
build	Build + Test	2026-10-04T13:42:42.8587827Z > Task :vectors-text-h2:test
build	Build + Test	2026-10-04T13:42:42.8697274Z 
build	Build + Test	2026-10-04T13:42:42.8778322Z H2TextIndexTest > Concurrency > concurrentReadersAndWriters_noExceptionsAndReadOwnWrites() PASSED
build	Build + Test	2026-10-04T13:42:43.4491253Z 
build	Build + Test	2026-10-04T13:42:43.4528597Z 2 warnings
build	Build + Test	2026-10-04T13:42:43.4537740Z > Task :vectors-vamana:javadoc
build	Build + Test	2026-10-04T13:42:44.8547367Z 
build	Build + Test	2026-10-04T13:42:44.8593647Z > Task :vectors-studio-web:compileTestJava
build	Build + Test	2026-10-04T13:42:44.8697772Z > Task :vectors-studio-web:testClasses
build	Build + Test	2026-10-04T13:42:44.8757790Z > Task :vectors-studio-web:spotbugsTest SKIPPED
build	Build + Test	2026-10-04T13:42:44.9547207Z 
build	Build + Test	2026-10-04T13:42:44.9570474Z > Task :vectors-text-h2:test
build	Build + Test	2026-10-04T13:42:44.9609292Z 
build	Build + Test	2026-10-04T13:42:44.9668157Z H2TextIndexTest > Concurrency > concurrentIndexAcrossThreads_allWritesVisible() PASSED
build	Build + Test	2026-10-04T13:42:44.9727330Z 
build	Build + Test	2026-10-04T13:42:44.9788243Z H2TextIndexTest > HousekeepingFiles > reopeningPersistentIndexDoesNotThrow(Path) PASSED
build	Build + Test	2026-10-04T13:42:44.9847165Z 
build	Build + Test	2026-10-04T13:42:44.9877970Z H2TextIndexTest > HousekeepingFiles > constructorDoesNotDeleteTraceFile(Path) PASSED
build	Build + Test	2026-10-04T13:42:44.9899019Z 
build	Build + Test	2026-10-04T13:42:44.9987887Z H2TextIndexTest > ServiceLoaderDiscovery > factoryIsDiscoverable() PASSED
build	Build + Test	2026-10-04T13:42:45.0055313Z 
build	Build + Test	2026-10-04T13:42:45.0060943Z H2TextIndexTest > MetadataAndLifecycle > metadataRoundTripPreservesDelimitersAndJsonCharacters() PASSED
build	Build + Test	2026-10-04T13:42:45.0064059Z 
build	Build + Test	2026-10-04T13:42:45.0064808Z H2TextIndexTest > MetadataAndLifecycle > indexBatchRollsBackWhenLaterDocumentFailsEncoding() PASSED
build	Build + Test	2026-10-04T13:42:45.0065710Z 
build	Build + Test	2026-10-04T13:42:45.0066486Z H2TextIndexTest > MetadataAndLifecycle > indexBatchRejectsInvalidDocumentBeforeWritingEarlierDocuments() PASSED
build	Build + Test	2026-10-04T13:42:45.0067819Z 
build	Build + Test	2026-10-04T13:42:45.0068223Z H2TextIndexTest > MetadataAndLifecycle > removeDocument() PASSED
build	Build + Test	2026-10-04T13:42:45.0068801Z 
build	Build + Test	2026-10-04T13:42:45.0069154Z H2TextIndexTest > MetadataAndLifecycle > clearAll() PASSED
build	Build + Test	2026-10-04T13:42:45.0507491Z 
build	Build + Test	2026-10-04T13:42:45.0628112Z H2TextIndexTest > MetadataAndLifecycle > metadataRoundTrip() PASSED
build	Build + Test	2026-10-04T13:42:45.0729851Z 
build	Build + Test	2026-10-04T13:42:45.0817965Z H2TextIndexTest > BlobStorage > getBlobMissing() PASSED
build	Build + Test	2026-10-04T13:42:45.1527358Z 
build	Build + Test	2026-10-04T13:42:45.1587956Z H2TextIndexTest > BlobStorage > getBlobNullBlob() PASSED
build	Build + Test	2026-10-04T13:42:45.1677262Z 
build	Build + Test	2026-10-04T13:42:45.1783373Z H2TextIndexTest > BlobStorage > storageAndRetrieval() PASSED
build	Build + Test	2026-10-04T13:42:45.2563649Z 
build	Build + Test	2026-10-04T13:42:45.2586104Z H2TextIndexTest > IndexAndSearch > upsertOverwritesExisting() PASSED
build	Build + Test	2026-10-04T13:42:45.3499906Z 
build	Build + Test	2026-10-04T13:42:45.3538206Z H2TextIndexTest > IndexAndSearch > indexAndSearchRoundTrip() PASSED
build	Build + Test	2026-10-04T13:42:45.3539437Z 
build	Build + Test	2026-10-04T13:42:45.3568159Z H2TextIndexTest > IndexAndSearch > searchEmptyIndex() PASSED
build	Build + Test	2026-10-04T13:42:45.4523268Z 
build	Build + Test	2026-10-04T13:42:45.4524111Z H2TextIndexTest > IndexAndSearch > searchBlankQuery() PASSED
build	Build + Test	2026-10-04T13:42:45.6558394Z 
build	Build + Test	2026-10-04T13:42:45.6587888Z > Task :vectors-text-h2:check
build	Build + Test	2026-10-04T13:42:45.6637851Z > Task :vectors-text-h2:build
build	Build + Test	2026-10-04T13:42:46.2547856Z > Task :vectors-vamana:javadocJar
build	Build + Test	2026-10-04T13:42:46.2637816Z > Task :vectors-vamana:assemble
build	Build + Test	2026-10-04T13:42:46.8497977Z WARNING: Using incubator modules: jdk.incubator.vector
build	Build + Test	2026-10-04T13:42:46.8537391Z 
build	Build + Test	2026-10-04T13:42:46.8617986Z > Task :vectors-studio-web:test
build	Build + Test	2026-10-04T13:42:47.0518901Z 
build	Build + Test	2026-10-04T13:42:47.0577862Z > Task :vectors-vamana:compileTestJava
build	Build + Test	2026-10-04T13:42:47.0708203Z > Task :vectors-vamana:testClasses
build	Build + Test	2026-10-04T13:42:49.0518008Z WARNING: Using incubator modules: jdk.incubator.vector
build	Build + Test	2026-10-04T13:42:49.0577340Z 
build	Build + Test	2026-10-04T13:42:49.0647748Z > Task :vectors-vamana:test
build	Build + Test	2026-10-04T13:42:53.4497280Z 
build	Build + Test	2026-10-04T13:42:53.4539302Z DataStructuresTest > InMemoryVectorsTests > rejectsMismatchedDimensions() PASSED
build	Build + Test	2026-10-04T13:42:53.4631179Z 
build	Build + Test	2026-10-04T13:42:53.4728141Z DataStructuresTest > InMemoryVectorsTests > getVectorReturnsCorrectData() PASSED
build	Build + Test	2026-10-04T13:42:53.4823402Z 
build	Build + Test	2026-10-04T13:42:53.4898046Z DataStructuresTest > InMemoryVectorsTests > sizeAndDimension() PASSED
build	Build + Test	2026-10-04T13:42:53.5517263Z 
build	Build + Test	2026-10-04T13:42:53.5590836Z DataStructuresTest > SearchResultTests > accessorsReturnCorrectValues() PASSED
build	Build + Test	2026-10-04T13:42:53.5665606Z 
build	Build + Test	2026-10-04T13:42:53.5717914Z DataStructuresTest > NodeQueueTests > minHeapPollsLowestFirst() PASSED
build	Build + Test	2026-10-04T13:42:53.5797437Z 
build	Build + Test	2026-10-04T13:42:53.5918104Z DataStructuresTest > NodeQueueTests > maxHeapPollsHighestFirst() PASSED
build	Build + Test	2026-10-04T13:42:53.5947096Z 
build	Build + Test	2026-10-04T13:42:53.6073202Z DataStructuresTest > NodeQueueTests > encodeRejectsNegativeScores() PASSED
build	Build + Test	2026-10-04T13:42:53.6147416Z 
build	Build + Test	2026-10-04T13:42:53.6178074Z DataStructuresTest > NodeQueueTests > encodeDecodeRoundTrip() PASSED
build	Build + Test	2026-10-04T13:42:53.6327457Z 
build	Build + Test	2026-10-04T13:42:53.6407930Z DataStructuresTest > NodeQueueTests > clearResetsQueue() PASSED
build	Build + Test	2026-10-04T13:42:53.6497226Z 
build	Build + Test	2026-10-04T13:42:53.6527948Z DataStructuresTest > NodeQueueTests > insertWithOverflowMaintainsBound() PASSED
build	Build + Test	2026-10-04T13:42:53.6647356Z 
build	Build + Test	2026-10-04T13:42:53.6738131Z DataStructuresTest > NeighborArrayTests > containsFindsInsertedNode() PASSED
build	Build + Test	2026-10-04T13:42:53.6767086Z 
build	Build + Test	2026-10-04T13:42:53.6888346Z DataStructuresTest > NeighborArrayTests > addUnsortedThrowsWhenFull() PASSED
build	Build + Test	2026-10-04T13:42:53.7007778Z 
build	Build + Test	2026-10-04T13:42:53.7077958Z DataStructuresTest > NeighborArrayTests > addUnsortedAndSort() PASSED
build	Build + Test	2026-10-04T13:42:53.7187217Z 
build	Build + Test	2026-10-04T13:42:53.7218135Z DataStructuresTest > NeighborArrayTests > insertRejectsDuplicates() PASSED
build	Build + Test	2026-10-04T13:42:53.7337315Z 
build	Build + Test	2026-10-04T13:42:53.7428047Z DataStructuresTest > NeighborArrayTests > copyFromReplacesContent() PASSED
build	Build + Test	2026-10-04T13:42:53.7517281Z 
build	Build + Test	2026-10-04T13:42:53.7608122Z DataStructuresTest > NeighborArrayTests > insertEvictsWorstWhenFull() PASSED
build	Build + Test	2026-10-04T13:42:53.7695457Z 
build	Build + Test	2026-10-04T13:42:53.7778091Z DataStructuresTest > NeighborArrayTests > insertMaintainsDescendingOrder() PASSED
build	Build + Test	2026-10-04T13:42:53.7837282Z 
build	Build + Test	2026-10-04T13:42:53.7927879Z DataStructuresTest > NeighborArrayTests > clearResetsSize() PASSED
build	Build + Test	2026-10-04T13:42:54.1491161Z 
build	Build + Test	2026-10-04T13:42:54.1569554Z RobustPrunerTest > EdgeCases > selfInCandidates_isRemoved() PASSED
build	Build + Test	2026-10-04T13:42:54.1587230Z 
build	Build + Test	2026-10-04T13:42:54.1678271Z RobustPrunerTest > EdgeCases > keepPruned_fillsRemainingSlots() PASSED
build	Build + Test	2026-10-04T13:42:54.2520592Z 
build	Build + Test	2026-10-04T13:42:54.2557975Z RobustPrunerTest > EdgeCases > maxDegreeOfOne_selectsClosest() PASSED
build	Build + Test	2026-10-04T13:42:54.2617249Z 
build	Build + Test	2026-10-04T13:42:54.2718051Z RobustPrunerTest > AlphaEffect > alpha_greedy_selectsClosestFirst() PASSED
build	Build + Test	2026-10-04T13:42:54.2777118Z 
build	Build + Test	2026-10-04T13:42:54.2808084Z RobustPrunerTest > AlphaEffect > higherAlpha_retainsMoreCandidates() PASSED
build	Build + Test	2026-10-04T13:42:54.2913072Z 
build	Build + Test	2026-10-04T13:42:54.2958207Z RobustPrunerTest > BasicPruning > singleCandidate_returnsIt() PASSED
build	Build + Test	2026-10-04T13:42:54.3047298Z 
build	Build + Test	2026-10-04T13:42:54.3056774Z RobustPrunerTest > BasicPruning > candidatesFitWithinMaxDegree_returnsAll() PASSED
build	Build + Test	2026-10-04T13:42:54.3157303Z 
build	Build + Test	2026-10-04T13:42:54.3209375Z RobustPrunerTest > BasicPruning > alpha1_prunesBlockedCandidates() PASSED
build	Build + Test	2026-10-04T13:42:54.3237420Z 
build	Build + Test	2026-10-04T13:42:54.3315605Z RobustPrunerTest > BasicPruning > emptyCandidates_returnsEmpty() PASSED
build	Build + Test	2026-10-04T13:42:55.6491156Z 
build	Build + Test	2026-10-04T13:42:55.6515850Z VamanaGraphBuilderTest > ConcurrentBuild > concurrentBuild_stressDifferentThreadCounts() PASSED
build	Build + Test	2026-10-04T13:42:56.7517212Z 
build	Build + Test	2026-10-04T13:42:56.7569144Z > Task :vectors-studio-web:test
build	Build + Test	2026-10-04T13:42:56.7589460Z 
build	Build + Test	2026-10-04T13:42:56.7648178Z ProviderRegistryTest > bundledCatalogLoadsTwoProviders() PASSED
build	Build + Test	2026-10-04T13:42:56.7737297Z 
build	Build + Test	2026-10-04T13:42:56.7798079Z ProviderRegistryTest > providerForSkipsProviderWithMissingKey() PASSED
build	Build + Test	2026-10-04T13:42:56.7877456Z 
build	Build + Test	2026-10-04T13:42:56.7919348Z ProviderRegistryTest > statusReportsKeyMissingWhenEnvUnset() PASSED
build	Build + Test	2026-10-04T13:42:56.7997434Z 
build	Build + Test	2026-10-04T13:42:56.8047134Z ProviderRegistryTest > statusReportsKeyPresentWhenEnvSet() PASSED
build	Build + Test	2026-10-04T13:42:56.8147374Z 
build	Build + Test	2026-10-04T13:42:56.8174341Z ProviderRegistryTest > providerForMatchesByModelAndKeyPresence() PASSED
build	Build + Test	2026-10-04T13:42:56.8257530Z 
build	Build + Test	2026-10-04T13:42:56.8308078Z ProviderRegistryTest > statusNeverExposesKeyValue() PASSED
build	Build + Test	2026-10-04T13:42:56.8397592Z 
build	Build + Test	2026-10-04T13:42:56.8428121Z OptimizeJobManagerTest > submittedStudyCompletesAndPersists(Path) PASSED
build	Build + Test	2026-10-04T13:42:56.8467454Z 
build	Build + Test	2026-10-04T13:42:56.8518131Z OptimizeJobManagerTest > idleTtlEvictsCompletedJobs(Path) PASSED
build	Build + Test	2026-10-04T13:42:56.8557215Z 
build	Build + Test	2026-10-04T13:42:56.8602835Z OptimizeJobManagerTest > cancelMidRunHaltsBeforeBudgetExhausted(Path) PASSED
build	Build + Test	2026-10-04T13:42:56.8657529Z 
build	Build + Test	2026-10-04T13:42:56.8707908Z OptimizeJobManagerTest > closeShutsExecutorCleanly(Path) PASSED
build	Build + Test	2026-10-04T13:42:56.8742294Z 
build	Build + Test	2026-10-04T13:42:56.8768049Z ProjectionJobManagerTest > saturatedManagerRejectsInsteadOfQueueingUnboundedMatrices() PASSED
build	Build + Test	2026-10-04T13:42:56.8827526Z 
build	Build + Test	2026-10-04T13:42:56.8880589Z ProjectionJobManagerTest > cancelInterruptsRunningProjection() PASSED
build	Build + Test	2026-10-04T13:42:56.8967399Z 
build	Build + Test	2026-10-04T13:42:56.9025733Z ProjectionJobManagerTest > closeInterruptsRunningProjectionAndClearsJobs() PASSED
build	Build + Test	2026-10-04T13:42:57.4507384Z 
build	Build + Test	2026-10-04T13:42:57.4538011Z > Task :vectors-vcr-core:compileJava
build	Build + Test	2026-10-04T13:42:57.4607891Z > Task :vectors-vcr-core:classes
build	Build + Test	2026-10-04T13:42:57.4668087Z > Task :vectors-vcr-core:jar
build	Build + Test	2026-10-04T13:42:57.6527055Z 
build	Build + Test	2026-10-04T13:42:57.6531977Z > Task :vectors-vamana:test
build	Build + Test	2026-10-04T13:42:57.6627488Z 
build	Build + Test	2026-10-04T13:42:57.6678084Z VamanaGraphBuilderTest > ConcurrentBuild > concurrentBuild_achievesGoodRecall() PASSED
build	Build + Test	2026-10-04T13:42:57.6703736Z 
build	Build + Test	2026-10-04T13:42:57.6738039Z VamanaGraphBuilderTest > ConcurrentBuild > concurrentBuild_neighborCountsWithinR() PASSED
build	Build + Test	2026-10-04T13:42:57.6827231Z 
build	Build + Test	2026-10-04T13:42:57.6848190Z VamanaGraphBuilderTest > ConcurrentBuild > concurrentBuild_graphIsConnected() PASSED
build	Build + Test	2026-10-04T13:42:57.6887169Z 
build	Build + Test	2026-10-04T13:42:57.6948384Z VamanaGraphBuilderTest > MediumGraphConstruction > hundredNodes_deterministicWithSameSeed() PASSED
build	Build + Test	2026-10-04T13:42:57.6949632Z 
build	Build + Test	2026-10-04T13:42:57.7008034Z VamanaGraphBuilderTest > MediumGraphConstruction > hundredNodes_allReachableFromMedoid() PASSED
build	Build + Test	2026-10-04T13:42:57.7067342Z 
build	Build + Test	2026-10-04T13:42:57.7112391Z VamanaGraphBuilderTest > SmallGraphConstruction > fiveNodes_allReachableFromMedoid() PASSED
build	Build + Test	2026-10-04T13:42:57.7127347Z 
build	Build + Test	2026-10-04T13:42:57.7188078Z VamanaGraphBuilderTest > SmallGraphConstruction > tenNodes_neighborCountsWithinR() PASSED
build	Build + Test	2026-10-04T13:42:57.7247182Z 
build	Build + Test	2026-10-04T13:42:57.7248309Z VamanaGraphBuilderTest > SmallGraphConstruction > tenNodes_mostEdgesAreBidirectional() PASSED
build	Build + Test	2026-10-04T13:42:57.7297251Z 
build	Build + Test	2026-10-04T13:42:57.7358081Z VamanaGraphBuilderTest > RandomInitialization > allNodesHaveNeighbors() PASSED
build	Build + Test	2026-10-04T13:42:57.7417257Z 
build	Build + Test	2026-10-04T13:42:57.7448075Z VamanaGraphBuilderTest > RandomInitialization > noSelfLoops() PASSED
build	Build + Test	2026-10-04T13:42:57.7477364Z 
build	Build + Test	2026-10-04T13:42:57.7528074Z VamanaGraphBuilderTest > MedoidComputation > medoidIsClosestToCentroid() PASSED
build	Build + Test	2026-10-04T13:42:57.7587263Z 
build	Build + Test	2026-10-04T13:42:57.7618108Z VamanaGraphBuilderTest > MedoidComputation > medoidUsesL2Geometry_forNonEuclideanSimilarity() PASSED
build	Build + Test	2026-10-04T13:42:57.7647331Z 
build	Build + Test	2026-10-04T13:42:57.7707944Z VamanaGraphBuilderTest > MedoidComputation > singleVector_isMedoid() PASSED
build	Build + Test	2026-10-04T13:42:57.7767313Z 
build	Build + Test	2026-10-04T13:42:57.7797902Z VamanaIndexTest > BuilderAPI > builderCustomParameters() PASSED
build	Build + Test	2026-10-04T13:42:57.7827381Z 
build	Build + Test	2026-10-04T13:42:57.7850860Z VamanaIndexTest > BuilderAPI > deterministicWithSameSeed() PASSED
build	Build + Test	2026-10-04T13:42:57.7877369Z 
build	Build + Test	2026-10-04T13:42:57.7907714Z VamanaIndexTest > BuilderAPI > builderDefaults_R64_L128_alpha1_2() PASSED
build	Build + Test	2026-10-04T13:42:57.7929319Z 
build	Build + Test	2026-10-04T13:42:57.7937643Z VamanaIndexTest > BuilderAPI > buildAndSearch_endToEnd() PASSED
build	Build + Test	2026-10-04T13:42:58.3537275Z 
build	Build + Test	2026-10-04T13:42:58.3538640Z VamanaQuantizedSearchTest > TwoPassAllSimilarityFunctions > twoPassSearch_worksWithAllFunctions(SimilarityFunction) > [1] sim=EUCLIDEAN PASSED
build	Build + Test	2026-10-04T13:42:58.9507360Z 
build	Build + Test	2026-10-04T13:42:58.9528471Z VamanaQuantizedSearchTest > TwoPassAllSimilarityFunctions > twoPassSearch_worksWithAllFunctions(SimilarityFunction) > [2] sim=DOT_PRODUCT PASSED
build	Build + Test	2026-10-04T13:42:59.5527586Z 
build	Build + Test	2026-10-04T13:42:59.5598416Z VamanaQuantizedSearchTest > TwoPassAllSimilarityFunctions > twoPassSearch_worksWithAllFunctions(SimilarityFunction) > [3] sim=COSINE PASSED
build	Build + Test	2026-10-04T13:43:00.1527292Z 
build	Build + Test	2026-10-04T13:43:00.1618724Z VamanaQuantizedSearchTest > TwoPassAllSimilarityFunctions > twoPassSearch_worksWithAllFunctions(SimilarityFunction) > [4] sim=MAXIMUM_INNER_PRODUCT PASSED
build	Build + Test	2026-10-04T13:43:05.6492709Z warning: [incubating] using incubating module(s): jdk.incubator.vector
build	Build + Test	2026-10-04T13:43:05.6499249Z 
build	Build + Test	2026-10-04T13:43:05.6512093Z warning: [incubating] using incubating module(s): jdk.incubator.vector
build	Build + Test	2026-10-04T13:43:05.6527266Z 2 warnings
build	Build + Test	2026-10-04T13:43:05.6527700Z > Task :vectors-studio-web:spotbugsMain
build	Build + Test	2026-10-04T13:43:05.6590056Z > Task :vectors-studio-web:check
build	Build + Test	2026-10-04T13:43:05.6617354Z > Task :vectors-studio-web:build
build	Build + Test	2026-10-04T13:43:05.6667361Z > Task :vectors-vcr-junit5:compileJava
build	Build + Test	2026-10-04T13:43:05.6697029Z > Task :vectors-vcr-junit5:classes
build	Build + Test	2026-10-04T13:43:05.6747269Z 
build	Build + Test	2026-10-04T13:43:05.6777476Z > Task :vectors-vcr-core:javadoc
build	Build + Test	2026-10-04T13:43:05.7537496Z 
build	Build + Test	2026-10-04T13:43:05.7561482Z > Task :vectors-vcr-junit5:jar
build	Build + Test	2026-10-04T13:43:06.4497807Z > Task :vectors-vcr-core:javadocJar
build	Build + Test	2026-10-04T13:43:06.4557495Z > Task :vectors-vcr-core:assemble
build	Build + Test	2026-10-04T13:43:06.8497975Z > Task :vectors-vcr-core:compileTestJava
build	Build + Test	2026-10-04T13:43:06.8548537Z > Task :vectors-vcr-core:testClasses
build	Build + Test	2026-10-04T13:43:07.6498799Z warning: [incubating] using incubating module(s): jdk.incubator.vector
build	Build + Test	2026-10-04T13:43:07.6499531Z 
build	Build + Test	2026-10-04T13:43:07.6537883Z warning: [incubating] using incubating module(s): jdk.incubator.vector
build	Build + Test	2026-10-04T13:43:07.6538689Z > Task :vectors-vcr-junit5:javadoc
build	Build + Test	2026-10-04T13:43:09.5532612Z 2 warnings
build	Build + Test	2026-10-04T13:43:10.2504263Z WARNING: Using incubator modules: jdk.incubator.vector
build	Build + Test	2026-10-04T13:43:10.2504860Z 
build	Build + Test	2026-10-04T13:43:10.2567702Z > Task :vectors-vcr-core:test
build	Build + Test	2026-10-04T13:43:10.7537701Z 
build	Build + Test	2026-10-04T13:43:10.7624030Z CassetteContractTest > toolCallRequiresAName() PASSED
build	Build + Test	2026-10-04T13:43:10.8598626Z 
build	Build + Test	2026-10-04T13:43:10.8637460Z > Task :vectors-vcr-junit5:javadocJar
build	Build + Test	2026-10-04T13:43:10.8754383Z > Task :vectors-vcr-junit5:assemble
build	Build + Test	2026-10-04T13:43:10.9517805Z > Task :vectors-vcr-serde-avaje:compileJava
build	Build + Test	2026-10-04T13:43:11.2492050Z > Task :vectors-vcr-junit5:compileTestJava
build	Build + Test	2026-10-04T13:43:11.2537661Z > Task :vectors-vcr-junit5:testClasses
build	Build + Test	2026-10-04T13:43:11.2597765Z > Task :vectors-vcr-serde-avaje:classes
build	Build + Test	2026-10-04T13:43:11.2657794Z > Task :vectors-vcr-serde-avaje:jar
build	Build + Test	2026-10-04T13:43:11.4507154Z 
build	Build + Test	2026-10-04T13:43:11.4564992Z > Task :vectors-vcr-core:test
build	Build + Test	2026-10-04T13:43:11.4597195Z 
build	Build + Test	2026-10-04T13:43:11.4628238Z CassetteContractTest > structuredChatPayloadUsesDefensiveCollectionsAndDefaultMetadata() PASSED
build	Build + Test	2026-10-04T13:43:11.4658280Z 
build	Build + Test	2026-10-04T13:43:11.4759545Z CassetteContractTest > missingExceptionCarriesLookupContext() PASSED
build	Build + Test	2026-10-04T13:43:11.4807258Z 
build	Build + Test	2026-10-04T13:43:11.4928360Z CassetteContractTest > serializerLoadsFromServiceProviderAndUsesJsonContentType() PASSED
build	Build + Test	2026-10-04T13:43:11.4947070Z 
build	Build + Test	2026-10-04T13:43:11.5037779Z CassetteKeyTest > roundTripsThroughParse() PASSED
build	Build + Test	2026-10-04T13:43:11.5097141Z 
build	Build + Test	2026-10-04T13:43:11.5137811Z CassetteKeyTest > serializesWithZeroPaddedIndex() PASSED
build	Build + Test	2026-10-04T13:43:11.5167168Z 
build	Build + Test	2026-10-04T13:43:11.5227946Z CassetteKeyTest > parseReturnsNullForInvalidInput() PASSED
build	Build + Test	2026-10-04T13:43:11.5287172Z 
build	Build + Test	2026-10-04T13:43:11.5348034Z CassetteTreeCodecTest > roundTripsEveryCassetteShapeThroughOneCanonicalTree() PASSED
build	Build + Test	2026-10-04T13:43:11.5372317Z 
build	Build + Test	2026-10-04T13:43:11.5448163Z CassetteTreeCodecTest > rejectsUnknownAndMalformedTreesAtTheSharedBoundary() PASSED
build	Build + Test	2026-10-04T13:43:11.5547302Z 
build	Build + Test	2026-10-04T13:43:11.5654981Z ExactCassetteStoreTest > deleteRemovesCassette() PASSED
build	Build + Test	2026-10-04T13:43:11.5717207Z 
build	Build + Test	2026-10-04T13:43:11.5803294Z ExactCassetteStoreTest > storeAndRetrieveChat() PASSED
build	Build + Test	2026-10-04T13:43:11.5867152Z 
build	Build + Test	2026-10-04T13:43:11.5918047Z ExactCassetteStoreTest > storeAndRetrieveEmbedding() PASSED
build	Build + Test	2026-10-04T13:43:11.5977132Z 
build	Build + Test	2026-10-04T13:43:11.6009028Z ExactCassetteStoreTest > storeAndRetrieveBatchEmbedding() PASSED
build	Build + Test	2026-10-04T13:43:11.6127517Z 
build	Build + Test	2026-10-04T13:43:11.6178018Z ExactCassetteStoreTest > retrieveReturnsEmptyWhenAbsent() PASSED
build	Build + Test	2026-10-04T13:43:11.6207926Z 
build	Build + Test	2026-10-04T13:43:11.6307915Z ExactCassetteStoreTest > listByTestIdFiltersByTest() PASSED
build	Build + Test	2026-10-04T13:43:11.6317174Z 
build	Build + Test	2026-10-04T13:43:11.6368112Z RequestSignatureTest > canonicalRequestTreesProduceStableOrderIndependentSignatures() PASSED
build	Build + Test	2026-10-04T13:43:11.6487215Z 
build	Build + Test	2026-10-04T13:43:11.6608356Z RequestSignatureTest > unsupportedValuesFailInsteadOfCreatingUnstableSignatures() PASSED
build	Build + Test	2026-10-04T13:43:11.6609275Z 
build	Build + Test	2026-10-04T13:43:11.6698086Z RequestSignatureTest > typeValueAndSequenceChangesAlterTheSignature() PASSED
build	Build + Test	2026-10-04T13:43:11.6750005Z 
build	Build + Test	2026-10-04T13:43:11.6797904Z TrackingCassetteStoreTest > tracksOnlySuccessfulWrites() PASSED
build	Build + Test	2026-10-04T13:43:11.6833728Z 
build	Build + Test	2026-10-04T13:43:11.6913365Z TrackingCassetteStoreTest > preservesSimilarityLookupCapability() PASSED
build	Build + Test	2026-10-04T13:43:11.6987379Z 
build	Build + Test	2026-10-04T13:43:11.7068705Z VCRContextConcurrencyTest > callCountersAreIsolatedPerTestId_underParallelMethods() PASSED
build	Build + Test	2026-10-04T13:43:11.7082639Z 
build	Build + Test	2026-10-04T13:43:11.7198235Z VCRContextConcurrencyTest > generateCassetteKey_returnsCallersTestId_underParallelMethods() PASSED
build	Build + Test	2026-10-04T13:43:11.7226404Z 
build	Build + Test	2026-10-04T13:43:11.7293981Z VCRContextTest > generateCassetteKeyRequiresCurrentTest() PASSED
build	Build + Test	2026-10-04T13:43:11.7337955Z 
build	Build + Test	2026-10-04T13:43:11.7457859Z VCRContextTest > setEffectiveModeOverrides() PASSED
build	Build + Test	2026-10-04T13:43:11.7467177Z 
build	Build + Test	2026-10-04T13:43:11.7557968Z VCRContextTest > generateCassetteKeyIncrementsPerType() PASSED
build	Build + Test	2026-10-04T13:43:11.7667276Z 
build	Build + Test	2026-10-04T13:43:11.7757984Z VCRContextTest > resetCallCountersClearsState() PASSED
build	Build + Test	2026-10-04T13:43:11.7787202Z 
build	Build + Test	2026-10-04T13:43:11.7892330Z VCRContextTest > exposesStoreAndRegistry() PASSED
build	Build + Test	2026-10-04T13:43:11.7947358Z 
build	Build + Test	2026-10-04T13:43:11.8080527Z VCRContextTest > recordsCassetteKeysWrittenThroughTheContextStore() PASSED
build	Build + Test	2026-10-04T13:43:11.8267192Z 
build	Build + Test	2026-10-04T13:43:11.8297866Z VCRContextTest > statisticsAreTracked() PASSED
build	Build + Test	2026-10-04T13:43:11.8357240Z 
build	Build + Test	2026-10-04T13:43:11.8408290Z VCRModelWrapperTest > wrapFieldReturnsFalseForNullOrUnsupportedValues() PASSED
build	Build + Test	2026-10-04T13:43:11.8447192Z 
build	Build + Test	2026-10-04T13:43:11.8499447Z VCRModelWrapperTest > rejectsNullRequiredArguments() PASSED
build	Build + Test	2026-10-04T13:43:11.8558157Z 
build	Build + Test	2026-10-04T13:43:11.8590695Z VCRModelWrapperTest > wrapFieldReplacesPrivateValueAndDefaultsModelNameToFieldName() PASSED
build	Build + Test	2026-10-04T13:43:11.8617266Z 
build	Build + Test	2026-10-04T13:43:11.8678045Z VCRModelWrapperTest > discoversProviderAndWrapsSupportedModel() PASSED
build	Build + Test	2026-10-04T13:43:11.8722556Z 
build	Build + Test	2026-10-04T13:43:11.8777990Z VCRRegistryTest > unknownTestsAreMissing() PASSED
build	Build + Test	2026-10-04T13:43:11.8823329Z 
build	Build + Test	2026-10-04T13:43:11.8847789Z VCRRegistryTest > successOverridesPreviousFailure() PASSED
build	Build + Test	2026-10-04T13:43:11.8897234Z 
build	Build + Test	2026-10-04T13:43:11.8928948Z VCRRegistryTest > fixedModesArePassedThrough() PASSED
build	Build + Test	2026-10-04T13:43:11.8987239Z 
build	Build + Test	2026-10-04T13:43:11.9038650Z VCRRegistryTest > playbackOrRecordRemainsRequestAwareRegardlessOfStatus() PASSED
build	Build + Test	2026-10-04T13:43:11.9087188Z 
build	Build + Test	2026-10-04T13:43:11.9118027Z VCRRegistryTest > recordFailedReRecordsOnlyFailed() PASSED
build	Build + Test	2026-10-04T13:43:11.9147145Z 
build	Build + Test	2026-10-04T13:43:11.9211161Z VCRRegistryTest > recordNewUsesRecordForMissing() PASSED
build	Build + Test	2026-10-04T13:43:11.9267329Z 
build	Build + Test	2026-10-04T13:43:11.9308187Z VCRReplayPolicyTest > playbackOrRecordRecordsMissingAndLegacyCassettes() PASSED
build	Build + Test	2026-10-04T13:43:11.9349628Z 
build	Build + Test	2026-10-04T13:43:11.9378009Z VCRReplayPolicyTest > strictPlaybackRejectsAStaleCassetteInsteadOfReturningTheWrongResponse() PASSED
build	Build + Test	2026-10-04T13:43:11.9427320Z 
build	Build + Test	2026-10-04T13:43:11.9478031Z VCRReplayPolicyTest > playbackOrRecordReplaysOnlyWhenTheRequestSignatureMatches() PASSED
build	Build + Test	2026-10-04T13:43:11.9517187Z 
build	Build + Test	2026-10-04T13:43:11.9547644Z VCRReplayPolicyTest > playbackOrRecordCanBothReplayAndRecord() PASSED
build	Build + Test	2026-10-04T13:43:11.9607207Z 
build	Build + Test	2026-10-04T13:43:11.9628760Z > Task :vectors-vcr-core:jacocoTestCoverageVerification
build	Build + Test	2026-10-04T13:43:12.1507284Z 
build	Build + Test	2026-10-04T13:43:12.1527085Z > Task :vectors-vamana:test
build	Build + Test	2026-10-04T13:43:12.1637252Z 
build	Build + Test	2026-10-04T13:43:12.1668520Z VamanaQuantizedSearchTest > TwoPassRecall > twoPassRecall_improvesWithLargerCandidatePool() PASSED
build	Build + Test	2026-10-04T13:43:17.4495651Z WARNING: Using incubator modules: jdk.incubator.vector
build	Build + Test	2026-10-04T13:43:17.4496256Z 
build	Build + Test	2026-10-04T13:43:17.4507039Z > Task :vectors-vcr-junit5:test
build	Build + Test	2026-10-04T13:43:17.4597229Z 
build	Build + Test	2026-10-04T13:43:17.4687897Z VCRExtensionEngineTest > closeFailureIsSuppressedWhenFlushAlsoFails() PASSED
build	Build + Test	2026-10-04T13:43:17.4779012Z 
build	Build + Test	2026-10-04T13:43:17.4887975Z VCRExtensionEngineTest > flushFailureFailsTeardownAndStillClosesStore() PASSED
build	Build + Test	2026-10-04T13:43:17.4977211Z 
build	Build + Test	2026-10-04T13:43:17.5008665Z VCRExtensionEngineTest > failedRecordingDeletesCassettesWrittenByWrappedModels() PASSED
build	Build + Test	2026-10-04T13:43:17.5117465Z 
build	Build + Test	2026-10-04T13:43:17.5148005Z VCRExtensionEngineTest > closeFailurePropagatesWhenFlushSucceeds() PASSED
build	Build + Test	2026-10-04T13:43:17.5237290Z 
build	Build + Test	2026-10-04T13:43:17.5302216Z VCRExtensionEngineTest > recordsOnFirstRunAndReplaysOnSecond() PASSED
build	Build + Test	2026-10-04T13:43:17.5327281Z 
build	Build + Test	2026-10-04T13:43:17.5397919Z VCRModelWrapperUnitTest > recordStoresCassetteForEachCall() PASSED
build	Build + Test	2026-10-04T13:43:17.5477261Z 
build	Build + Test	2026-10-04T13:43:17.5578093Z VCRModelWrapperUnitTest > wrapsFakeModelViaServiceLoader() PASSED
build	Build + Test	2026-10-04T13:43:17.5635793Z 
build	Build + Test	2026-10-04T13:43:17.5718169Z VCRModelWrapperUnitTest > playbackReturnsRecordedVectors() PASSED
build	Build + Test	2026-10-04T13:43:17.5827459Z 
build	Build + Test	2026-10-04T13:43:17.5892814Z VCRModelWrapperUnitTest > modelNameFallsBackToFieldNameWhenBlank() PASSED
build	Build + Test	2026-10-04T13:43:17.5917057Z 
build	Build + Test	2026-10-04T13:43:17.5987844Z VCRModelWrapperUnitTest > playbackThrowsWhenCassetteMissing() PASSED
build	Build + Test	2026-10-04T13:43:17.6087187Z 
build	Build + Test	2026-10-04T13:43:17.6127847Z > Task :vectors-vcr-core:spotbugsTest SKIPPED
build	Build + Test	2026-10-04T13:43:17.6187661Z > Task :vectors-vcr-junit5:jacocoTestCoverageVerification
build	Build + Test	2026-10-04T13:43:26.7491263Z 
build	Build + Test	2026-10-04T13:43:26.7537908Z > Task :vectors-vamana:test
build	Build + Test	2026-10-04T13:43:26.7577178Z 
build	Build + Test	2026-10-04T13:43:26.7597747Z VamanaQuantizedSearchTest > TwoPassRecall > recall10_above93_withSQ8() PASSED
build	Build + Test	2026-10-04T13:43:26.8511641Z 
build	Build + Test	2026-10-04T13:43:26.8548473Z VamanaQuantizedSearchTest > TwoPassSearch > searchTwoPass_rescoresWithFullPrecision() PASSED
build	Build + Test	2026-10-04T13:43:26.9537217Z 
build	Build + Test	2026-10-04T13:43:26.9538306Z VamanaQuantizedSearchTest > TwoPassSearch > searchTwoPass_withoutQuantization_honorsOverQueryFactor() PASSED
build	Build + Test	2026-10-04T13:43:27.1527236Z 
build	Build + Test	2026-10-04T13:43:27.1618288Z VamanaQuantizedSearchTest > TwoPassSearch > searchTwoPass_withSQ8_returnsDescendingScores() PASSED
build	Build + Test	2026-10-04T13:43:27.1707446Z 
build	Build + Test	2026-10-04T13:43:27.1738184Z VamanaQuantizedSearchTest > QuantizationAttachment > isQuantizationEnabled_reflectsState() PASSED
build	Build + Test	2026-10-04T13:43:27.1787150Z 
build	Build + Test	2026-10-04T13:43:27.1848346Z VamanaQuantizedSearchTest > QuantizationAttachment > enableQuantization_validatesSize() PASSED
build	Build + Test	2026-10-04T13:43:27.2507286Z 
build	Build + Test	2026-10-04T13:43:27.2614940Z VamanaQuantizedSearchTest > QuantizationAttachment > enableQuantization_validatesDimension() PASSED
build	Build + Test	2026-10-04T13:43:27.2669258Z 
build	Build + Test	2026-10-04T13:43:27.2768039Z VamanaQuantizedSearchTest > Rescore > rescore_reranksWithFullPrecision() PASSED
build	Build + Test	2026-10-04T13:43:27.2857507Z 
build	Build + Test	2026-10-04T13:43:27.2948138Z VamanaQuantizedSearchTest > Rescore > rescore_returnsTopK_whenMoreCandidatesThanK() PASSED
build	Build + Test	2026-10-04T13:43:27.3527208Z 
build	Build + Test	2026-10-04T13:43:27.3618149Z VamanaQuantizedSearchTest > RefactoredSearcher > searchSelfQuery_returnsSelfAtRankZero() PASSED
build	Build + Test	2026-10-04T13:43:27.4507268Z 
build	Build + Test	2026-10-04T13:43:27.4571499Z VamanaQuantizedSearchTest > RefactoredSearcher > searchWithFullPrecisionScorer_matchesRepeatedInvocation() PASSED
build	Build + Test	2026-10-04T13:43:27.4707518Z 
build	Build + Test	2026-10-04T13:43:27.4818347Z VamanaQuantizedSearchTest > VectorDatasetBridge > randomAccessVectorDataset_canTrainQuantizer() PASSED
build	Build + Test	2026-10-04T13:43:27.4898836Z 
build	Build + Test	2026-10-04T13:43:27.4958593Z VamanaQuantizedSearchTest > VectorDatasetBridge > randomAccessVectorDataset_wrapsCorrectly() PASSED
build	Build + Test	2026-10-04T13:43:27.5517381Z 
build	Build + Test	2026-10-04T13:43:27.5578444Z VamanaQuantizedSearchTest > NodeScorerBasics > quantizedNodeScorer_returnsApproximateScores() PASSED
build	Build + Test	2026-10-04T13:43:27.5627452Z 
build	Build + Test	2026-10-04T13:43:27.5638949Z VamanaQuantizedSearchTest > NodeScorerBasics > fullPrecisionNodeScorer_matchesSimilarityFunction() PASSED
build	Build + Test	2026-10-04T13:43:27.7567296Z 
build	Build + Test	2026-10-04T13:43:27.7611502Z > Task :vectors-vcr-core:spotbugsMain
build	Build + Test	2026-10-04T13:43:27.7658074Z > Task :vectors-vcr-core:check
build	Build + Test	2026-10-04T13:43:27.7751842Z > Task :vectors-vcr-core:build
build	Build + Test	2026-10-04T13:43:27.7753105Z > Task :vectors-vcr-junit5:spotbugsTest SKIPPED
build	Build + Test	2026-10-04T13:43:28.0502800Z > Task :vectors-vcr-langchain4j:compileJava
build	Build + Test	2026-10-04T13:43:28.0527776Z > Task :vectors-vcr-langchain4j:classes
build	Build + Test	2026-10-04T13:43:28.0552350Z > Task :vectors-vcr-langchain4j:jar
build	Build + Test	2026-10-04T13:43:29.5507189Z 
build	Build + Test	2026-10-04T13:43:29.5537627Z > Task :vectors-vamana:test
build	Build + Test	2026-10-04T13:43:29.5567209Z 
build	Build + Test	2026-10-04T13:43:29.5588258Z VamanaSearcherTest > AllSimilarityFunctions > recall_above85_forAllFunctions(SimilarityFunction) > [1] sim=EUCLIDEAN PASSED
build	Build + Test	2026-10-04T13:43:29.5623076Z 
build	Build + Test	2026-10-04T13:43:29.5628015Z VamanaSearcherTest > AllSimilarityFunctions > recall_above85_forAllFunctions(SimilarityFunction) > [2] sim=DOT_PRODUCT PASSED
build	Build + Test	2026-10-04T13:43:29.5657184Z 
build	Build + Test	2026-10-04T13:43:29.5678164Z VamanaSearcherTest > AllSimilarityFunctions > recall_above85_forAllFunctions(SimilarityFunction) > [3] sim=COSINE PASSED
build	Build + Test	2026-10-04T13:43:29.6497247Z 
build	Build + Test	2026-10-04T13:43:29.6517796Z > Task :vectors-vcr-junit5:spotbugsMain
build	Build + Test	2026-10-04T13:43:29.6533408Z > Task :vectors-vcr-junit5:check
build	Build + Test	2026-10-04T13:43:29.6547636Z > Task :vectors-vcr-junit5:build
build	Build + Test	2026-10-04T13:43:29.7494258Z > Task :vectors-vcr-semantic-db:compileJava
build	Build + Test	2026-10-04T13:43:29.7546397Z > Task :vectors-vcr-semantic-db:classes
build	Build + Test	2026-10-04T13:43:29.7587432Z > Task :vectors-vcr-semantic-db:jar
build	Build + Test	2026-10-04T13:43:30.2493815Z warning: [incubating] using incubating module(s): jdk.incubator.vector
build	Build + Test	2026-10-04T13:43:30.2494469Z 
build	Build + Test	2026-10-04T13:43:30.2536678Z warning: [incubating] using incubating module(s): jdk.incubator.vector
build	Build + Test	2026-10-04T13:43:30.2537927Z > Task :vectors-vcr-langchain4j:javadoc
build	Build + Test	2026-10-04T13:43:33.2517727Z 2 warnings
build	Build + Test	2026-10-04T13:43:33.5513738Z warning: [incubating] using incubating module(s): jdk.incubator.vector
build	Build + Test	2026-10-04T13:43:33.5514370Z 
build	Build + Test	2026-10-04T13:43:33.5537296Z > Task :vectors-vcr-semantic-db:javadoc
build	Build + Test	2026-10-04T13:43:33.5567669Z warning: [incubating] using incubating module(s): jdk.incubator.vector
build	Build + Test	2026-10-04T13:43:33.5596970Z 
build	Build + Test	2026-10-04T13:43:33.5627195Z 2 warnings
build	Build + Test	2026-10-04T13:43:33.5657303Z > Task :vectors-vamana:test
build	Build + Test	2026-10-04T13:43:33.5687006Z 
build	Build + Test	2026-10-04T13:43:33.5711006Z VamanaSearcherTest > AllSimilarityFunctions > recall_above85_forAllFunctions(SimilarityFunction) > [4] sim=MAXIMUM_INNER_PRODUCT PASSED
build	Build + Test	2026-10-04T13:43:33.5767060Z 
build	Build + Test	2026-10-04T13:43:33.5767643Z VamanaSearcherTest > RecallTests > recall10_above80_100vectors_euclidean() PASSED
build	Build + Test	2026-10-04T13:43:33.9517294Z 
build	Build + Test	2026-10-04T13:43:33.9547995Z > Task :vectors-vcr-semantic-db:javadocJar
build	Build + Test	2026-10-04T13:43:33.9577604Z > Task :vectors-vcr-semantic-db:assemble
build	Build + Test	2026-10-04T13:43:34.1507905Z > Task :vectors-vcr-langchain4j:javadocJar
build	Build + Test	2026-10-04T13:43:34.1552522Z > Task :vectors-vcr-langchain4j:assemble
build	Build + Test	2026-10-04T13:43:34.2492015Z > Task :vectors-vcr-semantic-db:compileTestJava
build	Build + Test	2026-10-04T13:43:34.2527881Z > Task :vectors-vcr-semantic-db:testClasses
build	Build + Test	2026-10-04T13:43:34.4507865Z > Task :vectors-vcr-langchain4j:compileTestJava
build	Build + Test	2026-10-04T13:43:34.4517372Z > Task :vectors-vcr-langchain4j:testClasses
build	Build + Test	2026-10-04T13:43:36.2518394Z 
build	Build + Test	2026-10-04T13:43:36.2547818Z WARNING: Using incubator modules: jdk.incubator.vector
build	Build + Test	2026-10-04T13:43:36.2577455Z > Task :vectors-vcr-semantic-db:test
build	Build + Test	2026-10-04T13:43:38.9507259Z 
build	Build + Test	2026-10-04T13:43:38.9548108Z SemanticCassetteStoreTest > retrieveSimilarReturnsEmptyWhenIndexIsEmpty() PASSED
build	Build + Test	2026-10-04T13:43:39.3518427Z OpenJDK 64-Bit Server VM warning: Sharing is only supported for boot loader classes because bootstrap classpath has been appended
build	Build + Test	2026-10-04T13:43:39.3520043Z 
build	Build + Test	2026-10-04T13:43:39.3537762Z WARNING: Using incubator modules: jdk.incubator.vector
build	Build + Test	2026-10-04T13:43:39.3538294Z 
build	Build + Test	2026-10-04T13:43:39.3577497Z > Task :vectors-vcr-langchain4j:test
build	Build + Test	2026-10-04T13:43:40.0507238Z 
build	Build + Test	2026-10-04T13:43:40.0537768Z > Task :vectors-vcr-semantic-db:test
build	Build + Test	2026-10-04T13:43:40.0567242Z 
build	Build + Test	2026-10-04T13:43:40.0607921Z SemanticCassetteStoreTest > retrieveSimilarReturnsMatchAboveThreshold() PASSED
build	Build + Test	2026-10-04T13:43:40.0717398Z 
build	Build + Test	2026-10-04T13:43:40.0737870Z SemanticCassetteStoreTest > deleteRemovesFromBothStores() PASSED
build	Build + Test	2026-10-04T13:43:40.0739039Z 
build	Build + Test	2026-10-04T13:43:40.0739462Z SemanticCassetteStoreTest > upsertReplacesExistingVector() PASSED
build	Build + Test	2026-10-04T13:43:40.0740017Z 
build	Build + Test	2026-10-04T13:43:40.0740490Z SemanticCassetteStoreTest > retrieveSimilarReturnsEmptyBelowThreshold() PASSED
build	Build + Test	2026-10-04T13:43:40.0741111Z 
build	Build + Test	2026-10-04T13:43:40.0741517Z SemanticCassetteStoreTest > exactRetrievalBehavesLikeExactStore() PASSED
build	Build + Test	2026-10-04T13:43:40.0742112Z 
build	Build + Test	2026-10-04T13:43:40.0742484Z SemanticCassetteStoreTest > chatRecordHasNoSemanticHook() PASSED
build	Build + Test	2026-10-04T13:43:40.0742994Z 
build	Build + Test	2026-10-04T13:43:40.0743379Z SemanticCassetteStoreTest > batchEmbeddingIndexesFirstVector() PASSED
build	Build + Test	2026-10-04T13:43:40.0743926Z 
build	Build + Test	2026-10-04T13:43:40.0744278Z SemanticCassetteStoreTest > listByTestIdFiltersByTest() PASSED
build	Build + Test	2026-10-04T13:43:40.1517335Z 
build	Build + Test	2026-10-04T13:43:40.1537937Z > Task :vectors-vcr-semantic-db:jacocoTestCoverageVerification
build	Build + Test	2026-10-04T13:43:41.8508777Z 
build	Build + Test	2026-10-04T13:43:41.8582871Z > Task :vectors-vamana:test
build	Build + Test	2026-10-04T13:43:41.8607217Z 
build	Build + Test	2026-10-04T13:43:41.8677922Z VamanaSearcherTest > RecallTests > recall10_above90_1000vectors_euclidean() PASSED
build	Build + Test	2026-10-04T13:43:41.8737238Z 
build	Build + Test	2026-10-04T13:43:41.8798043Z VamanaSearcherTest > RecallTests > selfQuery_returnsQueryAsTopResult() PASSED
build	Build + Test	2026-10-04T13:43:41.8887190Z 
build	Build + Test	2026-10-04T13:43:41.8948050Z VamanaSearcherTest > BasicSearch > search_throwsForWrongQueryDimension() PASSED
build	Build + Test	2026-10-04T13:43:41.8984062Z 
build	Build + Test	2026-10-04T13:43:41.9085610Z VamanaSearcherTest > BasicSearch > searchTwoVectors_returnsNearest() PASSED
build	Build + Test	2026-10-04T13:43:41.9147092Z 
build	Build + Test	2026-10-04T13:43:41.9187769Z VamanaSearcherTest > BasicSearch > searchSingleVector_returnsSelf() PASSED
build	Build + Test	2026-10-04T13:43:41.9537232Z 
build	Build + Test	2026-10-04T13:43:41.9538345Z VamanaSearcherTest > BasicSearch > searchReturnsRequestedK() PASSED
build	Build + Test	2026-10-04T13:43:41.9597335Z 
build	Build + Test	2026-10-04T13:43:41.9658256Z VamanaSearcherTest > BasicSearch > searchResultsSortedByScoreDescending() PASSED
build	Build + Test	2026-10-04T13:43:44.6496239Z 
build	Build + Test	2026-10-04T13:43:44.6552869Z > Task :vectors-vcr-langchain4j:test
build	Build + Test	2026-10-04T13:43:44.6607147Z 
build	Build + Test	2026-10-04T13:43:44.6637837Z LangChain4jModelWrapperProviderTest > wrapsChatModelThroughServiceLoader() PASSED
build	Build + Test	2026-10-04T13:43:44.6697172Z 
build	Build + Test	2026-10-04T13:43:44.6727936Z LangChain4jModelWrapperProviderTest > preservesBothInterfacesForDualModeModels() PASSED
build	Build + Test	2026-10-04T13:43:44.6757176Z 
build	Build + Test	2026-10-04T13:43:44.6808052Z LangChain4jModelWrapperProviderTest > wrapsStreamingModelThroughServiceLoader() PASSED
build	Build + Test	2026-10-04T13:43:44.6847173Z 
build	Build + Test	2026-10-04T13:43:44.6898067Z LangChain4jModelWrapperProviderTest > wrapsEmbeddingModelThroughServiceLoader() PASSED
build	Build + Test	2026-10-04T13:43:44.6927135Z 
build	Build + Test	2026-10-04T13:43:44.6987942Z VCRChatModelTest > playbackOrRecordRefreshesWhenRequestParametersChange() PASSED
build	Build + Test	2026-10-04T13:43:44.7017310Z 
build	Build + Test	2026-10-04T13:43:44.7047601Z VCRChatModelTest > recordsAndReplaysChatResponse() PASSED
build	Build + Test	2026-10-04T13:43:44.7107195Z 
build	Build + Test	2026-10-04T13:43:44.7167701Z VCRChatModelTest > playbackThrowsWhenMissing() PASSED
build	Build + Test	2026-10-04T13:43:44.7197157Z 
build	Build + Test	2026-10-04T13:43:44.7228097Z VCREmbeddingInterceptorTest > playbackBatchReturnsPreloadedCassette() PASSED
build	Build + Test	2026-10-04T13:43:44.7247313Z 
build	Build + Test	2026-10-04T13:43:44.7318499Z VCREmbeddingInterceptorTest > offModeBypassesStore() PASSED
build	Build + Test	2026-10-04T13:43:44.7347183Z 
build	Build + Test	2026-10-04T13:43:44.7415334Z VCREmbeddingInterceptorTest > playbackReturnsPreloadedCassette() PASSED
build	Build + Test	2026-10-04T13:43:44.7467099Z 
build	Build + Test	2026-10-04T13:43:44.7547917Z VCREmbeddingInterceptorTest > batchRecordCountsAsSingleCassette() PASSED
build	Build + Test	2026-10-04T13:43:44.7589512Z 
build	Build + Test	2026-10-04T13:43:44.7678071Z VCREmbeddingInterceptorTest > playbackOrRecordFillsCacheOnMiss() PASSED
build	Build + Test	2026-10-04T13:43:44.7737347Z 
build	Build + Test	2026-10-04T13:43:44.7817152Z VCREmbeddingInterceptorTest > invalidPreloadKeyThrows() PASSED
build	Build + Test	2026-10-04T13:43:44.7847298Z 
build	Build + Test	2026-10-04T13:43:44.7935952Z VCREmbeddingInterceptorTest > recordModeCallsProviderAndRecords() PASSED
build	Build + Test	2026-10-04T13:43:44.8017241Z 
build	Build + Test	2026-10-04T13:43:44.8070132Z VCREmbeddingInterceptorTest > playbackThrowsWhenCassetteMissing() PASSED
build	Build + Test	2026-10-04T13:43:44.8131720Z 
build	Build + Test	2026-10-04T13:43:44.8192288Z VCREmbeddingInterceptorTest > setTestIdResetsCounters() PASSED
build	Build + Test	2026-10-04T13:43:44.8253098Z 
build	Build + Test	2026-10-04T13:43:44.8309142Z VCREmbeddingModelTest > offModeBypassesStore() PASSED
build	Build + Test	2026-10-04T13:43:44.8381222Z 
build	Build + Test	2026-10-04T13:43:44.8458151Z VCREmbeddingModelTest > playbackOrRecordUsesSemanticBatchEmbeddingOnExactMiss() PASSED
build	Build + Test	2026-10-04T13:43:44.8497061Z 
build	Build + Test	2026-10-04T13:43:44.8578061Z VCREmbeddingModelTest > recordsAndReplaysBatchEmbedding() PASSED
build	Build + Test	2026-10-04T13:43:44.8667378Z 
build	Build + Test	2026-10-04T13:43:44.8698147Z VCREmbeddingModelTest > playbackThrowsWhenMissing() PASSED
build	Build + Test	2026-10-04T13:43:44.8767201Z 
build	Build + Test	2026-10-04T13:43:44.8848059Z VCREmbeddingModelTest > recordsAndReplaysSingleEmbedding() PASSED
build	Build + Test	2026-10-04T13:43:44.8877146Z 
build	Build + Test	2026-10-04T13:43:44.8939752Z VCREmbeddingModelTest > playbackOrRecordUsesSemanticSingleEmbeddingOnExactMiss() PASSED
build	Build + Test	2026-10-04T13:43:44.9027362Z 
build	Build + Test	2026-10-04T13:43:44.9078376Z VCRStreamingChatModelTest > recordsAndReplaysStreamingCallbacksAndFinalResponse() PASSED
build	Build + Test	2026-10-04T13:43:44.9128048Z 
build	Build + Test	2026-10-04T13:43:44.9230476Z > Task :vectors-vcr-langchain4j:jacocoTestCoverageVerification
build	Build + Test	2026-10-04T13:43:45.5497295Z 
build	Build + Test	2026-10-04T13:43:45.5557759Z > Task :vectors-vamana:test
build	Build + Test	2026-10-04T13:43:45.5677464Z 
build	Build + Test	2026-10-04T13:43:45.5798114Z VamanaSegmentScoringTest > segmentPathSearchesCorrectlyWithoutGetVector() PASSED
build	Build + Test	2026-10-04T13:43:46.6537484Z 
build	Build + Test	2026-10-04T13:43:46.6598359Z VamanaSharedBufferBuildTest > concurrentBuildFromSharedBufferHasHighSelfRecall() PASSED
build	Build + Test	2026-10-04T13:43:47.5497263Z 
build	Build + Test	2026-10-04T13:43:47.5558484Z VamanaSharedBufferBuildTest > serialBuildFromSharedBufferMatchesStableStore() PASSED
build	Build + Test	2026-10-04T13:43:47.9527270Z 
build	Build + Test	2026-10-04T13:43:47.9647925Z > Task :vectors-vamana:jacocoTestCoverageVerification
build	Build + Test	2026-10-04T13:43:50.7525560Z > Task :vectors-vcr-semantic-db:spotbugsMain
build	Build + Test	2026-10-04T13:43:50.7607897Z > Task :vectors-vamana:spotbugsTest SKIPPED
build	Build + Test	2026-10-04T13:43:50.7634458Z > Task :vectors-vcr-langchain4j:spotbugsTest SKIPPED
build	Build + Test	2026-10-04T13:43:50.7677924Z > Task :vectors-vcr-semantic-db:spotbugsTest SKIPPED
build	Build + Test	2026-10-04T13:43:50.7737805Z > Task :vectors-vcr-semantic-db:check
build	Build + Test	2026-10-04T13:43:50.7797667Z > Task :vectors-vcr-semantic-db:build
build	Build + Test	2026-10-04T13:43:52.8548118Z warning: [incubating] using incubating module(s): jdk.incubator.vector
build	Build + Test	2026-10-04T13:43:52.8548826Z 
build	Build + Test	2026-10-04T13:43:52.8575640Z > Task :vectors-vcr-serde-avaje:javadoc
build	Build + Test	2026-10-04T13:43:52.9491841Z warning: [incubating] using incubating module(s): jdk.incubator.vector
build	Build + Test	2026-10-04T13:43:55.5537823Z 2 warnings
build	Build + Test	2026-10-04T13:43:56.8517311Z 
build	Build + Test	2026-10-04T13:43:56.8577858Z > Task :vectors-vcr-serde-avaje:javadocJar
build	Build + Test	2026-10-04T13:43:56.8607659Z > Task :vectors-vcr-serde-avaje:assemble
build	Build + Test	2026-10-04T13:43:57.0491745Z > Task :vectors-vcr-serde-avaje:compileTestJava
build	Build + Test	2026-10-04T13:43:57.0537806Z > Task :vectors-vcr-serde-avaje:testClasses
build	Build + Test	2026-10-04T13:43:59.0518054Z WARNING: Using incubator modules: jdk.incubator.vector
build	Build + Test	2026-10-04T13:43:59.0518677Z 
build	Build + Test	2026-10-04T13:43:59.0577947Z > Task :vectors-vcr-serde-avaje:test
build	Build + Test	2026-10-04T13:44:00.4494253Z 
build	Build + Test	2026-10-04T13:44:00.4568063Z > Task :vectors-vcr-langchain4j:spotbugsMain
build	Build + Test	2026-10-04T13:44:00.4627864Z > Task :vectors-vcr-langchain4j:check
build	Build + Test	2026-10-04T13:44:00.4707813Z > Task :vectors-vcr-langchain4j:build
build	Build + Test	2026-10-04T13:44:00.6517996Z > Task :vectors-vcr-serde-jackson:compileJava
build	Build + Test	2026-10-04T13:44:00.6627952Z > Task :vectors-vcr-serde-jackson:classes
build	Build + Test	2026-10-04T13:44:00.6661950Z > Task :vectors-vcr-serde-jackson:jar
build	Build + Test	2026-10-04T13:44:02.9527219Z 
build	Build + Test	2026-10-04T13:44:02.9598224Z > Task :vectors-vcr-serde-avaje:test
build	Build + Test	2026-10-04T13:44:02.9677186Z 
build	Build + Test	2026-10-04T13:44:02.9748248Z AvajeCassetteSerializerTest > serviceLoaderFindsSerializer() PASSED
build	Build + Test	2026-10-04T13:44:03.0507849Z 
build	Build + Test	2026-10-04T13:44:03.0549253Z AvajeCassetteSerializerTest > roundTripChat() PASSED
build	Build + Test	2026-10-04T13:44:03.0617270Z 
build	Build + Test	2026-10-04T13:44:03.0708148Z AvajeCassetteSerializerTest > roundTripEmbedding() PASSED
build	Build + Test	2026-10-04T13:44:03.1598016Z 
build	Build + Test	2026-10-04T13:44:03.1688118Z AvajeCassetteSerializerTest > roundTripStructuredAndStreamingChatPayload() PASSED
build	Build + Test	2026-10-04T13:44:03.1688834Z 
build	Build + Test	2026-10-04T13:44:03.1689597Z AvajeCassetteSerializerTest > roundTripBatchEmbedding() PASSED
build	Build + Test	2026-10-04T13:44:03.2516633Z warning: [incubating] using incubating module(s): jdk.incubator.vector
build	Build + Test	2026-10-04T13:44:03.2517589Z 
build	Build + Test	2026-10-04T13:44:03.2557842Z warning: [incubating] using incubating module(s): jdk.incubator.vector
build	Build + Test	2026-10-04T13:44:03.2558835Z > Task :vectors-vcr-serde-jackson:javadoc
build	Build + Test	2026-10-04T13:44:03.4527388Z 
build	Build + Test	2026-10-04T13:44:03.4585751Z > Task :vectors-vcr-serde-avaje:jacocoTestCoverageVerification
build	Build + Test	2026-10-04T13:44:03.7548043Z > Task :vectors-vamana:spotbugsMain
build	Build + Test	2026-10-04T13:44:03.7548832Z > Task :vectors-vamana:check
build	Build + Test	2026-10-04T13:44:03.7647750Z > Task :vectors-vamana:build
build	Build + Test	2026-10-04T13:44:03.7697863Z > Task :vectors-vcr-serde-avaje:spotbugsTest SKIPPED
build	Build + Test	2026-10-04T13:44:04.3491466Z > Task :vectors-vcr-spring-ai:compileJava
build	Build + Test	2026-10-04T13:44:04.3531475Z > Task :vectors-vcr-spring-ai:classes
build	Build + Test	2026-10-04T13:44:04.3628101Z > Task :vectors-vcr-spring-ai:jar
build	Build + Test	2026-10-04T13:44:05.2548035Z 2 warnings
build	Build + Test	2026-10-04T13:44:05.2548471Z 
build	Build + Test	2026-10-04T13:44:05.2557999Z > Task :vectors-vcr-serde-jackson:javadoc
build	Build + Test	2026-10-04T13:44:05.5495739Z 
build	Build + Test	2026-10-04T13:44:05.5532942Z > Task :vectors-vcr-serde-jackson:javadocJar
build	Build + Test	2026-10-04T13:44:05.5587791Z > Task :vectors-vcr-serde-jackson:assemble
build	Build + Test	2026-10-04T13:44:05.6517993Z > Task :vectors-vcr-serde-jackson:compileTestJava
build	Build + Test	2026-10-04T13:44:05.6557766Z > Task :vectors-vcr-serde-jackson:testClasses
build	Build + Test	2026-10-04T13:44:06.3528375Z warning: [incubating] using incubating module(s): jdk.incubator.vector
build	Build + Test	2026-10-04T13:44:06.3529105Z 
build	Build + Test	2026-10-04T13:44:06.3560200Z warning: [incubating] using incubating module(s): jdk.incubator.vector
build	Build + Test	2026-10-04T13:44:06.3587897Z > Task :vectors-vcr-spring-ai:javadoc
build	Build + Test	2026-10-04T13:44:09.4507809Z 2 warnings
build	Build + Test	2026-10-04T13:44:10.3517904Z WARNING: Using incubator modules: jdk.incubator.vector
build	Build + Test	2026-10-04T13:44:10.3518451Z 
build	Build + Test	2026-10-04T13:44:10.3577597Z > Task :vectors-vcr-serde-jackson:test
build	Build + Test	2026-10-04T13:44:10.8527532Z 
build	Build + Test	2026-10-04T13:44:10.8558000Z JacksonCassetteSerializerTest > avajeSerializedChatReadsWithJacksonAndReverse() PASSED
build	Build + Test	2026-10-04T13:44:10.8587954Z 
build	Build + Test	2026-10-04T13:44:10.8698193Z JacksonCassetteSerializerTest > serviceLoaderFindsSerializer() PASSED
build	Build + Test	2026-10-04T13:44:10.8777329Z 
build	Build + Test	2026-10-04T13:44:10.8897944Z JacksonCassetteSerializerTest > roundTripChat() PASSED
build	Build + Test	2026-10-04T13:44:10.8898682Z 
build	Build + Test	2026-10-04T13:44:10.9017779Z JacksonCassetteSerializerTest > contentTypeIsJson() PASSED
build	Build + Test	2026-10-04T13:44:10.9547253Z 
build	Build + Test	2026-10-04T13:44:10.9578787Z JacksonCassetteSerializerTest > avajeSerializedBatchEmbeddingReadsWithJacksonAndReverse() PASSED
build	Build + Test	2026-10-04T13:44:10.9667277Z 
build	Build + Test	2026-10-04T13:44:10.9708197Z JacksonCassetteSerializerTest > roundTripPreservesJsonCompatibleAttributeShapes() PASSED
build	Build + Test	2026-10-04T13:44:10.9777239Z 
build	Build + Test	2026-10-04T13:44:10.9838128Z JacksonCassetteSerializerTest > rejectsNonObjectAndMalformedCassetteDocuments() PASSED
build	Build + Test	2026-10-04T13:44:10.9897146Z 
build	Build + Test	2026-10-04T13:44:11.0018069Z JacksonCassetteSerializerTest > avajeSerializedEmbeddingReadsWithJacksonAndReverse() PASSED
build	Build + Test	2026-10-04T13:44:11.0047073Z 
build	Build + Test	2026-10-04T13:44:11.0142985Z JacksonCassetteSerializerTest > roundTripEmbedding() PASSED
build	Build + Test	2026-10-04T13:44:11.0177234Z 
build	Build + Test	2026-10-04T13:44:11.0241867Z JacksonCassetteSerializerTest > roundTripBatchEmbedding() PASSED
build	Build + Test	2026-10-04T13:44:11.0527249Z 
build	Build + Test	2026-10-04T13:44:11.0587777Z > Task :vectors-vcr-spring-ai:javadocJar
build	Build + Test	2026-10-04T13:44:11.0647754Z > Task :vectors-vcr-spring-ai:assemble
build	Build + Test	2026-10-04T13:44:11.4498295Z > Task :vectors-vcr-serde-jackson:jacocoTestCoverageVerification
build	Build + Test	2026-10-04T13:44:11.7497865Z > Task :vectors-vcr-spring-ai:compileTestJava
build	Build + Test	2026-10-04T13:44:11.7537896Z > Task :vectors-vcr-serde-jackson:spotbugsTest SKIPPED
build	Build + Test	2026-10-04T13:44:11.7590642Z > Task :vectors-vcr-spring-ai:testClasses
build	Build + Test	2026-10-04T13:44:13.2509270Z > Task :vectors-vcr-serde-avaje:spotbugsMain
build	Build + Test	2026-10-04T13:44:13.2547847Z > Task :vectors-vcr-serde-avaje:check
build	Build + Test	2026-10-04T13:44:13.2614613Z > Task :vectors-vcr-serde-avaje:build
build	Build + Test	2026-10-04T13:44:13.4547893Z > Task :vectors-vcr-testng:compileJava
build	Build + Test	2026-10-04T13:44:13.4567774Z > Task :vectors-vcr-testng:classes
build	Build + Test	2026-10-04T13:44:13.4607700Z > Task :vectors-vcr-testng:jar
build	Build + Test	2026-10-04T13:44:13.7518012Z WARNING: Using incubator modules: jdk.incubator.vector
build	Build + Test	2026-10-04T13:44:13.7518638Z 
build	Build + Test	2026-10-04T13:44:13.7608066Z > Task :vectors-vcr-spring-ai:test
build	Build + Test	2026-10-04T13:44:16.3492525Z OpenJDK 64-Bit Server VM warning: Sharing is only supported for boot loader classes because bootstrap classpath has been appended
build	Build + Test	2026-10-04T13:44:16.3493622Z 
build	Build + Test	2026-10-04T13:44:16.3566671Z warning: [incubating] using incubating module(s): jdk.incubator.vector
build	Build + Test	2026-10-04T13:44:16.3567738Z 
build	Build + Test	2026-10-04T13:44:16.3667920Z warning: [incubating] using incubating module(s): jdk.incubator.vector
build	Build + Test	2026-10-04T13:44:16.3668736Z > Task :vectors-vcr-testng:javadoc
build	Build + Test	2026-10-04T13:44:18.3527803Z 2 warnings
build	Build + Test	2026-10-04T13:44:19.8497334Z 
build	Build + Test	2026-10-04T13:44:19.8567802Z > Task :vectors-vcr-testng:javadocJar
build	Build + Test	2026-10-04T13:44:19.8657983Z > Task :vectors-vcr-testng:assemble
build	Build + Test	2026-10-04T13:44:20.2497811Z > Task :vectors-vcr-testng:compileTestJava
build	Build + Test	2026-10-04T13:44:20.2557793Z > Task :vectors-vcr-testng:testClasses
build	Build + Test	2026-10-04T13:44:20.6497209Z 
build	Build + Test	2026-10-04T13:44:20.6547786Z > Task :vectors-vcr-spring-ai:test
build	Build + Test	2026-10-04T13:44:20.6548336Z 
build	Build + Test	2026-10-04T13:44:20.6548888Z SpringAIModelWrapperProviderTest > wrapsChatModelThroughServiceLoader() PASSED
build	Build + Test	2026-10-04T13:44:20.6549613Z 
build	Build + Test	2026-10-04T13:44:20.6550319Z SpringAIModelWrapperProviderTest > wrapsStandaloneStreamingModelThroughServiceLoader() PASSED
build	Build + Test	2026-10-04T13:44:20.8517236Z 
build	Build + Test	2026-10-04T13:44:20.8568045Z SpringAIModelWrapperProviderTest > wrapsEmbeddingModelThroughServiceLoader() PASSED
build	Build + Test	2026-10-04T13:44:21.3517235Z 
build	Build + Test	2026-10-04T13:44:21.3543450Z VCRSpringAIChatModelTest > playbackOrRecordRefreshesWhenPromptOptionsChange() PASSED
build	Build + Test	2026-10-04T13:44:22.0493022Z 
build	Build + Test	2026-10-04T13:44:22.0643161Z VCRSpringAIChatModelTest > recordsAndReplaysSpringStreamingChunks() PASSED
build	Build + Test	2026-10-04T13:44:22.0683686Z 
build	Build + Test	2026-10-04T13:44:22.0867972Z VCRSpringAIChatModelTest > offModeBypassesStore() PASSED
build	Build + Test	2026-10-04T13:44:22.0931399Z 
build	Build + Test	2026-10-04T13:44:22.0998365Z VCRSpringAIChatModelTest > promptAndMessageOverloadsDelegateAndExposeDelegate() PASSED
build	Build + Test	2026-10-04T13:44:22.1558879Z 
build	Build + Test	2026-10-04T13:44:22.1633736Z VCRSpringAIChatModelTest > preservesCompleteBlockingResponse() PASSED
build	Build + Test	2026-10-04T13:44:22.1711867Z 
build	Build + Test	2026-10-04T13:44:22.1790403Z VCRSpringAIChatModelTest > playbackThrowsWhenMissing() PASSED
build	Build + Test	2026-10-04T13:44:22.2530697Z 
build	Build + Test	2026-10-04T13:44:22.2592510Z VCRSpringAIChatModelTest > recordAndReplayStringCall() PASSED
build	Build + Test	2026-10-04T13:44:22.2607336Z 
build	Build + Test	2026-10-04T13:44:22.2678175Z VCRSpringAIChatModelTest > playbackRejectsWrongCassetteType() PASSED
build	Build + Test	2026-10-04T13:44:22.2701777Z 
build	Build + Test	2026-10-04T13:44:22.2768163Z VCRSpringAIEmbeddingModelTest > offModeBypassesStore() PASSED
build	Build + Test	2026-10-04T13:44:22.3492570Z 
build	Build + Test	2026-10-04T13:44:22.3608281Z VCRSpringAIEmbeddingModelTest > dimensionDetectionFailureUsesUnknownSentinel() PASSED
build	Build + Test	2026-10-04T13:44:22.3678750Z 
build	Build + Test	2026-10-04T13:44:22.3775610Z VCRSpringAIEmbeddingModelTest > responseOverloadsExposeDelegateDimensionsAndOrderedResults() PASSED
build	Build + Test	2026-10-04T13:44:22.3867313Z 
build	Build + Test	2026-10-04T13:44:22.3988067Z VCRSpringAIEmbeddingModelTest > batchRecordAndReplay() PASSED
build	Build + Test	2026-10-04T13:44:22.4518027Z 
build	Build + Test	2026-10-04T13:44:22.4578470Z VCRSpringAIEmbeddingModelTest > playbackThrowsWhenCassetteMissing() PASSED
build	Build + Test	2026-10-04T13:44:22.4667267Z 
build	Build + Test	2026-10-04T13:44:22.4732568Z VCRSpringAIEmbeddingModelTest > playbackRejectsWrongOrMissingBatchCassette() PASSED
build	Build + Test	2026-10-04T13:44:22.4808968Z 
build	Build + Test	2026-10-04T13:44:22.4907666Z VCRSpringAIEmbeddingModelTest > documentEmbeddingNormalizesNullText() PASSED
build	Build + Test	2026-10-04T13:44:22.5010547Z 
build	Build + Test	2026-10-04T13:44:22.5088273Z VCRSpringAIEmbeddingModelTest > playbackRejectsWrongSingleCassetteType() PASSED
build	Build + Test	2026-10-04T13:44:22.5167453Z 
build	Build + Test	2026-10-04T13:44:22.5288287Z VCRSpringAIEmbeddingModelTest > recordingStoresAndReplaysSingleEmbedding() PASSED
build	Build + Test	2026-10-04T13:44:22.5517444Z 
build	Build + Test	2026-10-04T13:44:22.5539500Z VCRSpringAIStreamingChatModelTest > recordsAndReplaysAStandaloneStreamingModel() PASSED
build	Build + Test	2026-10-04T13:44:22.7497441Z 
build	Build + Test	2026-10-04T13:44:22.7508414Z WARNING: Using incubator modules: jdk.incubator.vector
build	Build + Test	2026-10-04T13:44:22.7557576Z > Task :vectors-vcr-testng:test
build	Build + Test	2026-10-04T13:44:22.9505712Z 
build	Build + Test	2026-10-04T13:44:22.9648038Z > Task :vectors-vcr-spring-ai:jacocoTestCoverageVerification
build	Build + Test	2026-10-04T13:44:23.6497847Z > Task :vectors-vcr-serde-jackson:spotbugsMain
build	Build + Test	2026-10-04T13:44:23.6557761Z > Task :vectors-vcr-serde-jackson:check
build	Build + Test	2026-10-04T13:44:23.6587522Z > Task :vectors-vcr-serde-jackson:build
build	Build + Test	2026-10-04T13:44:23.6672066Z > Task :vectors-vcr-spring-ai:spotbugsTest SKIPPED
build	Build + Test	2026-10-04T13:44:23.7497918Z > Task :demos:langchain4j-rag:compileJava
build	Build + Test	2026-10-04T13:44:23.7591839Z > Task :demos:langchain4j-rag:classes
build	Build + Test	2026-10-04T13:44:23.7637724Z > Task :demos:langchain4j-rag:jar
build	Build + Test	2026-10-04T13:44:24.1507899Z > Task :demos:langchain4j-rag:startScripts
build	Build + Test	2026-10-04T13:44:24.2537940Z > Task :demos:langchain4j-rag:distTar
build	Build + Test	2026-10-04T13:44:24.9508122Z > Task :demos:langchain4j-rag:distZip
build	Build + Test	2026-10-04T13:44:24.9527739Z > Task :demos:langchain4j-rag:assemble
build	Build + Test	2026-10-04T13:44:24.9597759Z > Task :demos:langchain4j-rag:compileTestJava NO-SOURCE
build	Build + Test	2026-10-04T13:44:24.9701936Z > Task :demos:langchain4j-rag:testClasses UP-TO-DATE
build	Build + Test	2026-10-04T13:44:24.9819718Z > Task :demos:langchain4j-rag:test NO-SOURCE
build	Build + Test	2026-10-04T13:44:24.9897826Z > Task :demos:langchain4j-rag:check UP-TO-DATE
build	Build + Test	2026-10-04T13:44:24.9977616Z > Task :demos:langchain4j-rag:build
build	Build + Test	2026-10-04T13:44:25.3547941Z > Task :demos:optimizer-tutorial:compileJava
build	Build + Test	2026-10-04T13:44:25.3577612Z > Task :demos:optimizer-tutorial:classes
build	Build + Test	2026-10-04T13:44:25.3578328Z > Task :demos:optimizer-tutorial:jar
build	Build + Test	2026-10-04T13:44:25.4502329Z 
build	Build + Test	2026-10-04T13:44:25.4568468Z > Task :vectors-vcr-testng:test
build	Build + Test	2026-10-04T13:44:25.4647411Z 
build	Build + Test	2026-10-04T13:44:25.4709252Z Gradle suite > Gradle test > com.integrallis.vectors.vcr.testng.VCRListenerTest > closeFailureIsSuppressedWhenFlushAlsoFails PASSED
build	Build + Test	2026-10-04T13:44:25.4784163Z 
build	Build + Test	2026-10-04T13:44:25.4853723Z Gradle suite > Gradle test > com.integrallis.vectors.vcr.testng.VCRListenerTest > closeFailurePropagatesWhenFlushSucceeds PASSED
build	Build + Test	2026-10-04T13:44:25.6557418Z 
build	Build + Test	2026-10-04T13:44:25.6657899Z > Task :demos:optimizer-tutorial:startScripts
build	Build + Test	2026-10-04T13:44:25.8538074Z > Task :demos:optimizer-tutorial:distTar
build	Build + Test	2026-10-04T13:44:26.1517338Z 
build	Build + Test	2026-10-04T13:44:26.1557717Z > Task :vectors-vcr-testng:test
build	Build + Test	2026-10-04T13:44:26.1657439Z 
build	Build + Test	2026-10-04T13:44:26.1698388Z Gradle suite > Gradle test > com.integrallis.vectors.vcr.testng.VCRListenerTest > failedRecordingDeletesCassettesWrittenByWrappedModels PASSED
build	Build + Test	2026-10-04T13:44:26.1768616Z 
build	Build + Test	2026-10-04T13:44:26.1818418Z Gradle suite > Gradle test > com.integrallis.vectors.vcr.testng.VCRListenerTest > flushFailureFailsTeardownAndStillClosesStore PASSED
build	Build + Test	2026-10-04T13:44:26.1867376Z 
build	Build + Test	2026-10-04T13:44:26.1958325Z Gradle suite > Gradle test > com.integrallis.vectors.vcr.testng.VCRListenerTest > recordsOnFirstRunAndReplaysOnSecond PASSED
build	Build + Test	2026-10-04T13:44:26.2507254Z 
build	Build + Test	2026-10-04T13:44:26.2558389Z > Task :vectors-vcr-testng:jacocoTestCoverageVerification
build	Build + Test	2026-10-04T13:44:28.2495746Z > Task :demos:optimizer-tutorial:distZip
build	Build + Test	2026-10-04T13:44:28.2597386Z > Task :vectors-vcr-testng:spotbugsTest SKIPPED
build	Build + Test	2026-10-04T13:44:28.2598333Z > Task :demos:optimizer-tutorial:assemble
build	Build + Test	2026-10-04T13:44:28.2690604Z > Task :demos:optimizer-tutorial:compileTestJava NO-SOURCE
build	Build + Test	2026-10-04T13:44:28.2757782Z > Task :demos:optimizer-tutorial:testClasses UP-TO-DATE
build	Build + Test	2026-10-04T13:44:28.2781221Z > Task :demos:optimizer-tutorial:test NO-SOURCE
build	Build + Test	2026-10-04T13:44:28.2837578Z > Task :demos:optimizer-tutorial:check UP-TO-DATE
build	Build + Test	2026-10-04T13:44:28.2887715Z > Task :demos:optimizer-tutorial:build
build	Build + Test	2026-10-04T13:44:28.3547824Z > Task :demos:quickstart:compileJava
build	Build + Test	2026-10-04T13:44:28.3617955Z > Task :demos:quickstart:classes
build	Build + Test	2026-10-04T13:44:28.3677686Z > Task :demos:quickstart:jar
build	Build + Test	2026-10-04T13:44:28.4497785Z > Task :demos:quickstart:startScripts
build	Build + Test	2026-10-04T13:44:28.5506127Z > Task :demos:quickstart:distTar
build	Build + Test	2026-10-04T13:44:28.7509085Z > Task :demos:quickstart:distZip
build	Build + Test	2026-10-04T13:44:28.7531690Z > Task :demos:quickstart:assemble
build	Build + Test	2026-10-04T13:44:28.9507927Z > Task :demos:quickstart:compileTestJava
build	Build + Test	2026-10-04T13:44:28.9566042Z > Task :demos:quickstart:testClasses
build	Build + Test	2026-10-04T13:44:30.9507858Z WARNING: Using incubator modules: jdk.incubator.vector
build	Build + Test	2026-10-04T13:44:30.9508456Z 
build	Build + Test	2026-10-04T13:44:30.9555983Z > Task :demos:quickstart:test
build	Build + Test	2026-10-04T13:44:32.6517508Z 
build	Build + Test	2026-10-04T13:44:32.6524519Z > Task :demos:quickstart:check
build	Build + Test	2026-10-04T13:44:32.6585708Z > Task :demos:quickstart:build
build	Build + Test	2026-10-04T13:44:35.3508013Z > Task :demos:rag-multimodal:compileJava
build	Build + Test	2026-10-04T13:44:35.3558130Z > Task :demos:rag-multimodal:classes
build	Build + Test	2026-10-04T13:44:35.4517738Z > Task :demos:rag-multimodal:jar
build	Build + Test	2026-10-04T13:44:35.7517838Z > Task :demos:rag-multimodal:startScripts
build	Build + Test	2026-10-04T13:44:36.0527780Z > Task :vectors-vcr-spring-ai:spotbugsMain
build	Build + Test	2026-10-04T13:44:36.0586218Z > Task :vectors-vcr-spring-ai:check
build	Build + Test	2026-10-04T13:44:36.0617639Z > Task :vectors-vcr-spring-ai:build
build	Build + Test	2026-10-04T13:44:36.2528375Z > Task :demos:rerank-after-retrieval:compileJava
build	Build + Test	2026-10-04T13:44:36.2610712Z > Task :demos:rerank-after-retrieval:classes
build	Build + Test	2026-10-04T13:44:36.2703486Z > Task :demos:rerank-after-retrieval:jar
build	Build + Test	2026-10-04T13:44:36.4517843Z > Task :demos:rerank-after-retrieval:startScripts
build	Build + Test	2026-10-04T13:44:36.5497921Z > Task :demos:rerank-after-retrieval:distTar
build	Build + Test	2026-10-04T13:44:36.6491488Z > Task :demos:rerank-after-retrieval:distZip
build	Build + Test	2026-10-04T13:44:36.6497498Z > Task :demos:rerank-after-retrieval:assemble
build	Build + Test	2026-10-04T13:44:36.9507943Z > Task :demos:rerank-after-retrieval:compileTestJava
build	Build + Test	2026-10-04T13:44:36.9537756Z > Task :demos:rerank-after-retrieval:testClasses
build	Build + Test	2026-10-04T13:44:37.7518062Z > Task :vectors-vcr-testng:spotbugsMain
build	Build + Test	2026-10-04T13:44:37.7557716Z > Task :vectors-vcr-testng:check
build	Build + Test	2026-10-04T13:44:37.7561387Z > Task :vectors-vcr-testng:build
build	Build + Test	2026-10-04T13:44:37.9517945Z > Task :demos:semantic-cache:compileJava
build	Build + Test	2026-10-04T13:44:37.9577781Z > Task :demos:semantic-cache:classes
build	Build + Test	2026-10-04T13:44:37.9607662Z > Task :demos:semantic-cache:jar
build	Build + Test	2026-10-04T13:44:38.1507901Z > Task :demos:semantic-cache:startScripts
build	Build + Test	2026-10-04T13:44:38.2527806Z > Task :demos:semantic-cache:distTar
build	Build + Test	2026-10-04T13:44:38.5517884Z > Task :demos:semantic-cache:distZip
build	Build + Test	2026-10-04T13:44:38.5547538Z > Task :demos:semantic-cache:assemble
build	Build + Test	2026-10-04T13:44:38.7518159Z > Task :demos:semantic-cache:compileTestJava
build	Build + Test	2026-10-04T13:44:38.7567846Z > Task :demos:semantic-cache:testClasses
build	Build + Test	2026-10-04T13:44:38.9498381Z WARNING: Using incubator modules: jdk.incubator.vector
build	Build + Test	2026-10-04T13:44:38.9499237Z 
build	Build + Test	2026-10-04T13:44:38.9587943Z > Task :demos:rerank-after-retrieval:test
build	Build + Test	2026-10-04T13:44:39.9507306Z 
build	Build + Test	2026-10-04T13:44:39.9539454Z > Task :demos:rerank-after-retrieval:check
build	Build + Test	2026-10-04T13:44:39.9560537Z > Task :demos:rerank-after-retrieval:build
build	Build + Test	2026-10-04T13:44:40.1517783Z > Task :demos:server-client:compileJava
build	Build + Test	2026-10-04T13:44:40.1649480Z > Task :demos:server-client:classes
build	Build + Test	2026-10-04T13:44:40.1675397Z > Task :demos:server-client:jar
build	Build + Test	2026-10-04T13:44:40.3527761Z > Task :demos:server-client:startScripts
build	Build + Test	2026-10-04T13:44:40.6507779Z > Task :demos:rag-multimodal:distTar
build	Build + Test	2026-10-04T13:44:40.7497949Z WARNING: Using incubator modules: jdk.incubator.vector
build	Build + Test	2026-10-04T13:44:40.7498539Z 
build	Build + Test	2026-10-04T13:44:40.7498853Z > Task :demos:semantic-cache:test
build	Build + Test	2026-10-04T13:44:40.9557983Z 
build	Build + Test	2026-10-04T13:44:40.9627987Z > Task :demos:server-client:distTar
build	Build + Test	2026-10-04T13:44:41.4508129Z > Task :demos:semantic-cache:check
build	Build + Test	2026-10-04T13:44:41.4509358Z > Task :demos:semantic-cache:build
build	Build + Test	2026-10-04T13:44:41.7507776Z > Task :demos:spring-ai-rag:compileJava
build	Build + Test	2026-10-04T13:44:41.7512688Z > Task :demos:spring-ai-rag:classes
build	Build + Test	2026-10-04T13:44:41.7544592Z > Task :demos:spring-ai-rag:jar
build	Build + Test	2026-10-04T13:44:41.9492032Z > Task :demos:spring-ai-rag:startScripts
build	Build + Test	2026-10-04T13:44:42.0498819Z > Task :demos:server-client:distZip
build	Build + Test	2026-10-04T13:44:42.0539051Z > Task :demos:server-client:assemble
build	Build + Test	2026-10-04T13:44:42.1491589Z > Task :demos:spring-ai-rag:distTar
build	Build + Test	2026-10-04T13:44:42.2526444Z > Task :demos:server-client:compileTestJava
build	Build + Test	2026-10-04T13:44:42.2553059Z > Task :demos:server-client:testClasses
build	Build + Test	2026-10-04T13:44:43.9497052Z > Task :demos:spring-ai-rag:distZip
build	Build + Test	2026-10-04T13:44:43.9527505Z > Task :demos:spring-ai-rag:assemble
build	Build + Test	2026-10-04T13:44:43.9557510Z > Task :demos:spring-ai-rag:compileTestJava NO-SOURCE
build	Build + Test	2026-10-04T13:44:43.9587471Z > Task :demos:spring-ai-rag:testClasses UP-TO-DATE
build	Build + Test	2026-10-04T13:44:43.9588214Z > Task :demos:spring-ai-rag:test NO-SOURCE
build	Build + Test	2026-10-04T13:44:43.9617400Z > Task :demos:spring-ai-rag:check UP-TO-DATE
build	Build + Test	2026-10-04T13:44:43.9618075Z > Task :demos:spring-ai-rag:build
build	Build + Test	2026-10-04T13:44:44.2515126Z WARNING: Using incubator modules: jdk.incubator.vector
build	Build + Test	2026-10-04T13:44:44.2515994Z > Task :demos:studio-r2-sidecart:compileJava
build	Build + Test	2026-10-04T13:44:44.2524118Z > Task :demos:studio-r2-sidecart:classes
build	Build + Test	2026-10-04T13:44:44.2577324Z 
build	Build + Test	2026-10-04T13:44:44.2638107Z > Task :demos:server-client:test
build	Build + Test	2026-10-04T13:44:44.3490820Z 
build	Build + Test	2026-10-04T13:44:44.3568010Z > Task :demos:studio-r2-sidecart:jar
build	Build + Test	2026-10-04T13:44:44.5507830Z > Task :demos:studio-r2-sidecart:startScripts
build	Build + Test	2026-10-04T13:44:48.0517962Z > Task :demos:studio-r2-sidecart:distTar
build	Build + Test	2026-10-04T13:44:48.9498235Z > Task :demos:server-client:check
build	Build + Test	2026-10-04T13:44:48.9557400Z > Task :demos:server-client:build
build	Build + Test	2026-10-04T13:44:48.9577537Z > Task :demos:vcr-e2e:compileJava NO-SOURCE
build	Build + Test	2026-10-04T13:44:48.9618643Z > Task :demos:vcr-e2e:classes UP-TO-DATE
build	Build + Test	2026-10-04T13:44:48.9648222Z > Task :demos:vcr-e2e:jar
build	Build + Test	2026-10-04T13:44:49.0528526Z > Task :demos:vcr-e2e:startScripts
build	Build + Test	2026-10-04T13:44:49.1491534Z > Task :demos:vcr-e2e:distTar
build	Build + Test	2026-10-04T13:44:49.5507934Z > Task :demos:vcr-e2e:distZip
build	Build + Test	2026-10-04T13:44:49.5535139Z > Task :demos:vcr-e2e:assemble
build	Build + Test	2026-10-04T13:44:49.6558013Z > Task :demos:vcr-e2e:compileTestJava
build	Build + Test	2026-10-04T13:44:49.6587352Z > Task :demos:vcr-e2e:testClasses
build	Build + Test	2026-10-04T13:44:51.6491664Z WARNING: Using incubator modules: jdk.incubator.vector
build	Build + Test	2026-10-04T13:44:51.6492208Z 
build	Build + Test	2026-10-04T13:44:51.6510843Z > Task :demos:vcr-e2e:test
build	Build + Test	2026-10-04T13:44:51.7497253Z 
build	Build + Test	2026-10-04T13:44:51.7527709Z > Task :demos:vcr-e2e:check
build	Build + Test	2026-10-04T13:44:51.7557483Z > Task :demos:vcr-e2e:build
build	Build + Test	2026-10-04T13:45:05.2491449Z > Task :demos:rag-multimodal:distZip
build	Build + Test	2026-10-04T13:45:05.2517521Z > Task :demos:rag-multimodal:assemble
build	Build + Test	2026-10-04T13:45:06.0497858Z > Task :demos:rag-multimodal:compileTestJava
build	Build + Test	2026-10-04T13:45:06.0517693Z > Task :demos:rag-multimodal:testClasses
build	Build + Test	2026-10-04T13:45:08.0503733Z WARNING: Using incubator modules: jdk.incubator.vector
build	Build + Test	2026-10-04T13:45:08.0504301Z 
build	Build + Test	2026-10-04T13:45:08.0517712Z > Task :demos:rag-multimodal:test
build	Build + Test	2026-10-04T13:45:08.5498398Z 
build	Build + Test	2026-10-04T13:45:08.5544146Z > Task :demos:studio-r2-sidecart:distZip
build	Build + Test	2026-10-04T13:45:08.5647862Z > Task :demos:studio-r2-sidecart:assemble
build	Build + Test	2026-10-04T13:45:08.7497841Z > Task :demos:studio-r2-sidecart:compileTestJava
build	Build + Test	2026-10-04T13:45:08.7547496Z > Task :demos:studio-r2-sidecart:testClasses
build	Build + Test	2026-10-04T13:45:10.6497945Z WARNING: Using incubator modules: jdk.incubator.vector
build	Build + Test	2026-10-04T13:45:10.6506515Z 
build	Build + Test	2026-10-04T13:45:10.6537649Z > Task :demos:studio-r2-sidecart:test
build	Build + Test	2026-10-04T13:45:10.6567238Z 
build	Build + Test	2026-10-04T13:45:10.6610753Z > Task :demos:studio-r2-sidecart:check
build	Build + Test	2026-10-04T13:45:10.6657343Z > Task :demos:studio-r2-sidecart:build
build	Build + Test	2026-10-04T13:46:00.0508203Z OpenJDK 64-Bit Server VM warning: Sharing is only supported for boot loader classes because bootstrap classpath has been appended
build	Build + Test	2026-10-04T13:46:00.6508097Z WARNING: A terminally deprecated method in sun.misc.Unsafe has been called
build	Build + Test	2026-10-04T13:46:00.6549269Z WARNING: sun.misc.Unsafe::objectFieldOffset has been called by net.bytebuddy.dynamic.loading.ClassInjector$UsingUnsafe$Dispatcher$CreationAction (file:/home/runner/.gradle/caches/modules-2/files-2.1/net.bytebuddy/byte-buddy/1.17.5/88450f120903b7e72470462cdbd2b75a3842223c/byte-buddy-1.17.5.jar)
build	Build + Test	2026-10-04T13:46:00.6598146Z WARNING: Please consider reporting this to the maintainers of class net.bytebuddy.dynamic.loading.ClassInjector$UsingUnsafe$Dispatcher$CreationAction
build	Build + Test	2026-10-04T13:46:00.6627635Z WARNING: sun.misc.Unsafe::objectFieldOffset will be removed in a future release
build	Build + Test	2026-10-04T13:46:34.3497807Z > Task :demos:rag-multimodal:check
build	Build + Test	2026-10-04T13:46:34.3527376Z > Task :demos:rag-multimodal:build
build	Build + Test	2026-10-04T13:48:02.7491572Z 
build	Build + Test	2026-10-04T13:48:02.7492376Z > Task :vectors-db:test
build	Build + Test	2026-10-04T13:48:02.7492932Z 
build	Build + Test	2026-10-04T13:48:02.7493517Z CommitMemoryFootprintTest > aCommitDoesNotAllocateACopyOfTheCollection(Path) PASSED
build	Build + Test	2026-10-04T13:48:24.5498707Z 
build	Build + Test	2026-10-04T13:48:24.5518604Z CommitMemoryFootprintTest > streamedAndBufferedGenerationsAgreeByteForByte(Path) PASSED
build	Build + Test	2026-10-04T13:48:24.5537646Z 
build	Build + Test	2026-10-04T13:48:24.5561793Z CosineNormalizationTest > getVectorIsVerbatimByDefaultAndUnitLengthWhenNormalized() PASSED
build	Build + Test	2026-10-04T13:48:26.2491303Z 
build	Build + Test	2026-10-04T13:48:26.2494902Z CosineNormalizationTest > scoreAndRecallParityAgainstCosineReference() PASSED
build	Build + Test	2026-10-04T13:48:26.4490938Z 
build	Build + Test	2026-10-04T13:48:26.4492355Z CosineNormalizationTest > nonCosineMetricIsNotNormalized() PASSED
build	Build + Test	2026-10-04T13:50:56.8498634Z 
build	Build + Test	2026-10-04T13:50:56.8508368Z CosineNormalizationTest > qpsMicrobench() PASSED
build	Build + Test	2026-10-04T13:50:57.5517554Z 
build	Build + Test	2026-10-04T13:50:57.5519025Z CosineNormalizationTest > persistenceRoundTripRestoresNormalizeDecision(Path) PASSED
build	Build + Test	2026-10-04T13:50:57.5547257Z 
build	Build + Test	2026-10-04T13:50:57.5563091Z EmbeddingRecipeLifecycleTest > a recipe makes provenance mandatory: a bare vector is refused PASSED
build	Build + Test	2026-10-04T13:50:57.6509300Z 
build	Build + Test	2026-10-04T13:50:57.6527947Z EmbeddingRecipeLifecycleTest > a recipe survives a commit and a reopen, and the sidecar lands on disk PASSED
build	Build + Test	2026-10-04T13:50:57.6537533Z 
build	Build + Test	2026-10-04T13:50:57.6550067Z EmbeddingRecipeLifecycleTest > attaching a recipe to a collection that already holds vectors is refused PASSED
build	Build + Test	2026-10-04T13:50:57.6551156Z 
build	Build + Test	2026-10-04T13:50:57.6552056Z EmbeddingRecipeLifecycleTest > reopening with a DIFFERENT recipe is refused, naming both PASSED
build	Build + Test	2026-10-04T13:50:57.6553004Z 
build	Build + Test	2026-10-04T13:50:57.6553715Z EmbeddingRecipeLifecycleTest > a collection with no recipe still accepts bare vectors PASSED
build	Build + Test	2026-10-04T13:50:57.6554642Z 
build	Build + Test	2026-10-04T13:50:57.6555542Z EmbeddingRecipeLifecycleTest > a recipe whose dimension contradicts the collection is refused at construction PASSED
build	Build + Test	2026-10-04T13:50:57.6556632Z 
build	Build + Test	2026-10-04T13:50:57.6557733Z EmbeddingRecipeLifecycleTest > the manifest anchors the recipe hash, so the sidecar cannot be swapped unnoticed PASSED
build	Build + Test	2026-10-04T13:50:58.1498430Z 
build	Build + Test	2026-10-04T13:50:58.1500235Z FlatCollectionBatchTest > eligiblePublicBatchUsesAtMostOneTaskPerProcessor() PASSED
build	Build + Test	2026-10-04T13:50:58.1504176Z 
build	Build + Test	2026-10-04T13:50:58.1504939Z FlatCollectionBatchTest > closedCollectionKeepsTheBatchFailureCause() PASSED
build	Build + Test	2026-10-04T13:50:58.2491116Z 
build	Build + Test	2026-10-04T13:50:58.2492954Z FlatCollectionBatchTest > filtersMixedKAndInvalidQueriesKeepIndividualSearchSemantics() PASSED
build	Build + Test	2026-10-04T13:50:58.3491327Z 
build	Build + Test	2026-10-04T13:50:58.3492178Z FlatCollectionBatchTest > batchRetainsProjectionCutoffsTombstonesTiesAndRequestOrder() PASSED
build	Build + Test	2026-10-04T13:50:58.3492807Z 
build	Build + Test	2026-10-04T13:50:58.3493521Z GenerationCompactionTest > pruneReclaimsOldGenerationsKeepingRetentionWindow(Path) PASSED
build	Build + Test	2026-10-04T13:50:58.4490918Z 
build	Build + Test	2026-10-04T13:50:58.4491557Z GenerationCompactionTest > daemonReclaimsAutomatically(Path) PASSED
build	Build + Test	2026-10-04T13:50:58.4491985Z 
build	Build + Test	2026-10-04T13:50:58.4492307Z GenerationCompactionTest > disabledByDefaultLeavesGenerationsOnDisk(Path) PASSED
build	Build + Test	2026-10-04T13:50:58.4492735Z 
build	Build + Test	2026-10-04T13:50:58.4493097Z GenerationShippingFailureVisibilityTest > putFailureBumpsCounterAndFiresCallback(Path) PASSED
build	Build + Test	2026-10-04T13:50:58.5503138Z 
build	Build + Test	2026-10-04T13:50:58.5528556Z GenerationShippingFailureVisibilityTest > noFailureKeepsCounterAtZero(Path) PASSED
build	Build + Test	2026-10-04T13:50:58.6491380Z 
build	Build + Test	2026-10-04T13:50:58.6492496Z GenerationShippingTest > localBackendIncrementalPullRefresh(Path) PASSED
build	Build + Test	2026-10-04T13:50:58.7498639Z 
build	Build + Test	2026-10-04T13:50:58.7499849Z GenerationShippingTest > heapShipThenPullThenRefreshServesGeneration(Path) PASSED
build	Build + Test	2026-10-04T13:50:58.7500871Z 
build	Build + Test	2026-10-04T13:50:58.7501757Z ObjectStoreCollectionTest > freshCacheHydratesFromObjectStoreWithFiltersAndText(Path) PASSED
build	Build + Test	2026-10-04T13:50:59.2491478Z 
build	Build + Test	2026-10-04T13:50:59.2493041Z QuantizedOnlyCollectionTest > findsTheSameNeighbourAsAnExactSearchForWellSeparatedVectors(Path) PASSED
build	Build + Test	2026-10-04T13:50:59.2494053Z 
build	Build + Test	2026-10-04T13:50:59.2494555Z QuantizedOnlyCollectionTest > isSealedAfterItsFirstCommit(Path) PASSED
build	Build + Test	2026-10-04T13:50:59.2495227Z 
build	Build + Test	2026-10-04T13:50:59.2495776Z QuantizedOnlyCollectionTest > refusesConfigurationsItCannotHonour(Path) PASSED
build	Build + Test	2026-10-04T13:50:59.3517461Z 
build	Build + Test	2026-10-04T13:50:59.3518588Z QuantizedOnlyCollectionTest > storesCodesInsteadOfVectorsAndIsSmallerForIt(Path) PASSED
build	Build + Test	2026-10-04T13:50:59.3519450Z 
build	Build + Test	2026-10-04T13:50:59.3520019Z QuantizedOnlyCollectionTest > reopensWithoutBeingToldItIsQuantizedOnly(Path) PASSED
build	Build + Test	2026-10-04T13:51:00.9497486Z 
build	Build + Test	2026-10-04T13:51:00.9498727Z SearchDuringWriteTest > readersAndWriterRunConcurrentlyWithoutCorruption(IndexType) > [1] indexType=HNSW PASSED
build	Build + Test	2026-10-04T13:51:02.5491196Z 
build	Build + Test	2026-10-04T13:51:02.5492389Z SearchDuringWriteTest > readersAndWriterRunConcurrentlyWithoutCorruption(IndexType) > [2] indexType=VAMANA PASSED
build	Build + Test	2026-10-04T13:51:02.5493425Z 
build	Build + Test	2026-10-04T13:51:02.5494085Z StoredRecipeAnchorOrderingTest > the padding width is pinned, because the ordering depends on it PASSED
build	Build + Test	2026-10-04T13:51:02.5494914Z 
build	Build + Test	2026-10-04T13:51:02.5495610Z StoredRecipeAnchorOrderingTest > a generation number that would break the sort is refused, not formatted PASSED
build	Build + Test	2026-10-04T13:51:02.5496497Z 
build	Build + Test	2026-10-04T13:51:02.5497447Z StoredRecipeAnchorOrderingTest > generation names are fixed-width, so lexicographic order is numeric order PASSED
build	Build + Test	2026-10-04T13:51:02.5498402Z 
build	Build + Test	2026-10-04T13:51:02.5499159Z StoredRecipeAnchorOrderingTest > the single-digit and double-digit boundary is the one that would break first PASSED
build	Build + Test	2026-10-04T13:51:02.5500108Z 
build	Build + Test	2026-10-04T13:51:02.5500756Z SuccessorVectorOwnershipTest > stagedRowsAreStableWhileCarriedRowsReuseScratch(Path) PASSED
build	Build + Test	2026-10-04T13:51:02.5501578Z 
build	Build + Test	2026-10-04T13:51:02.5502078Z TombstonePersistReopenTest > deletedDocsStayDeletedAcrossReopen(Path) PASSED
build	Build + Test	2026-10-04T13:51:02.7491138Z 
build	Build + Test	2026-10-04T13:51:02.7492275Z VamanaDefaultSeedDeterminismTest > defaultSeedIsTheSameStableConstantAsTheOtherIndexSeeds() PASSED
build	Build + Test	2026-10-04T13:51:02.9497443Z 
build	Build + Test	2026-10-04T13:51:02.9502390Z VamanaDefaultSeedDeterminismTest > twoCollectionsWithDefaultSeedReturnIdenticalTopK() PASSED
build	Build + Test	2026-10-04T13:51:02.9503448Z 
build	Build + Test	2026-10-04T13:51:02.9504236Z VamanaDefaultSeedDeterminismTest > defaultSeedIsTheStableConstantNotSystemNanoTime() PASSED
build	Build + Test	2026-10-04T13:51:03.1491278Z 
build	Build + Test	2026-10-04T13:51:03.1492488Z VamanaPreFilterRecallTest > preFilterWithNoMatchesReturnsEmpty() PASSED
build	Build + Test	2026-10-04T13:51:07.6491049Z 
build	Build + Test	2026-10-04T13:51:07.6492799Z VamanaPreFilterRecallTest > persistentVamanaPreFilterKeepsRecallUnderSelectiveFilter(Path) PASSED
build	Build + Test	2026-10-04T13:51:11.8491296Z 
build	Build + Test	2026-10-04T13:51:11.8519216Z VamanaPreFilterRecallTest > inMemoryVamanaPreFilterKeepsRecallUnderSelectiveFilter() PASSED
build	Build + Test	2026-10-04T13:51:11.8525359Z 
build	Build + Test	2026-10-04T13:51:11.8526207Z VectorCollectionFluentAddTest > fluentAddChainStagesEveryDocumentThenCommits() PASSED
build	Build + Test	2026-10-04T13:51:11.8527659Z 
build	Build + Test	2026-10-04T13:51:11.8528575Z VectorCollectionFluentAddTest > fluentAddReturnsTheSameCollectionInstance() PASSED
build	Build + Test	2026-10-04T13:51:12.2492109Z WARNING: A terminally deprecated method in sun.misc.Unsafe has been called
build	Build + Test	2026-10-04T13:51:12.2492836Z 
build	Build + Test	2026-10-04T13:51:12.2509604Z WARNING: sun.misc.Unsafe::arrayBaseOffset has been called by org.apache.arrow.memory.util.MemoryUtil (file:/home/runner/.gradle/caches/modules-2/files-2.1/org.apache.arrow/arrow-memory-core/19.0.0/eaa0a61d89eda28d4c9154af65f31ea0493f9658/arrow-memory-core-19.0.0.jar)
build	Build + Test	2026-10-04T13:51:12.2518451Z WARNING: Please consider reporting this to the maintainers of class org.apache.arrow.memory.util.MemoryUtil
build	Build + Test	2026-10-04T13:51:12.2548088Z WARNING: sun.misc.Unsafe::arrayBaseOffset will be removed in a future release
build	Build + Test	2026-10-04T13:51:13.8491370Z 
build	Build + Test	2026-10-04T13:51:13.8491902Z > Task :vectors-db:test
build	Build + Test	2026-10-04T13:51:13.8492154Z 
build	Build + Test	2026-10-04T13:51:13.8492677Z VectorDbArrowIpcTest > ArrowIpcTests > roundTrip_preservesNewlinesTabsCarriageReturns() PASSED
build	Build + Test	2026-10-04T13:51:13.8493754Z 
build	Build + Test	2026-10-04T13:51:13.8494577Z VectorDbArrowIpcTest > ArrowIpcTests > roundTrip_preservesControlCharacters() PASSED
build	Build + Test	2026-10-04T13:51:13.8495254Z 
build	Build + Test	2026-10-04T13:51:13.8495735Z VectorDbArrowIpcTest > ArrowIpcTests > roundTrip_preservesQuotesAndBackslashes() PASSED
build	Build + Test	2026-10-04T13:51:13.8496417Z 
build	Build + Test	2026-10-04T13:51:13.8497235Z VectorDbArrowIpcTest > ArrowIpcTests > roundTrip_preservesTagsWithSpecialCharacters() PASSED
build	Build + Test	2026-10-04T13:51:13.8498082Z 
build	Build + Test	2026-10-04T13:51:13.8498690Z VectorDbArrowIpcTest > ArrowIpcTests > emptyCollection_exportAndRead_returnsEmptyList() PASSED
build	Build + Test	2026-10-04T13:51:13.8499430Z 
build	Build + Test	2026-10-04T13:51:13.8499952Z VectorDbArrowIpcTest > ArrowIpcTests > roundTrip_preservesBackspaceAndFormFeed() PASSED
build	Build + Test	2026-10-04T13:51:13.8500612Z 
build	Build + Test	2026-10-04T13:51:13.8501043Z VectorDbArrowIpcTest > ArrowIpcTests > ingest_addsDocumentsToCollection() PASSED
build	Build + Test	2026-10-04T13:51:13.8501670Z 
build	Build + Test	2026-10-04T13:51:13.8502151Z VectorDbArrowIpcTest > ArrowIpcTests > roundTrip_preservesNullCharacter() PASSED
build	Build + Test	2026-10-04T13:51:13.8502754Z 
build	Build + Test	2026-10-04T13:51:13.8503356Z VectorDbArrowIpcTest > ArrowIpcTests > largerBatch_moreThanDefaultBatchSize_roundTrips() PASSED
build	Build + Test	2026-10-04T13:51:13.8504187Z 
build	Build + Test	2026-10-04T13:51:13.8504885Z VectorDbArrowIpcTest > ArrowIpcTests > export_then_read_roundTrip_preservesIdsAndVectors() PASSED
build	Build + Test	2026-10-04T13:51:13.8505760Z 
build	Build + Test	2026-10-04T13:51:13.8506432Z VectorDbArrowIpcTest > ArrowIpcTests > export_then_read_preservesAllMetadataTypes() PASSED
build	Build + Test	2026-10-04T13:51:13.8507478Z 
build	Build + Test	2026-10-04T13:51:13.8508007Z VectorDbArrowIpcTest > ArrowIpcTests > export_then_read_preservesTextColumn() PASSED
build	Build + Test	2026-10-04T13:51:15.0557592Z 
build	Build + Test	2026-10-04T13:51:15.0598157Z VectorDbConcurrencyTest > CloseDuringWrite > closeRejectsFutureOperations() PASSED
build	Build + Test	2026-10-04T13:51:15.0627267Z 
build	Build + Test	2026-10-04T13:51:15.0657882Z VectorDbConcurrencyTest > WriterSerialization > concurrentAddsSerializeCorrectly() PASSED
build	Build + Test	2026-10-04T13:51:15.0720423Z 
build	Build + Test	2026-10-04T13:51:15.0757650Z VectorDbConcurrencyTest > AutoCommitOnThreshold > addAllBeyondThresholdAutoCommits() PASSED
build	Build + Test	2026-10-04T13:51:15.0776949Z 
build	Build + Test	2026-10-04T13:51:15.0777609Z VectorDbConcurrencyTest > AutoCommitOnThreshold > individualAddBeyondThresholdAutoCommits() PASSED
build	Build + Test	2026-10-04T13:51:15.0778505Z 
build	Build + Test	2026-10-04T13:51:15.0779042Z VectorDbConcurrencyTest > AutoCommitOnThreshold > defaultConfigNeverAutoCommits() PASSED
build	Build + Test	2026-10-04T13:51:15.0779699Z 
build	Build + Test	2026-10-04T13:51:15.0780181Z VectorDbConcurrencyTest > MonotonicObservedSize > sizeNeverShrinksAcrossCommits() PASSED
build	Build + Test	2026-10-04T13:51:15.2497178Z 
build	Build + Test	2026-10-04T13:51:15.2519046Z VectorDbConcurrencyTest > MonotonicObservedSize > readersNeverSeeSpuriousClosedDuringCommit() PASSED
build	Build + Test	2026-10-04T13:51:15.7490733Z 
build	Build + Test	2026-10-04T13:51:15.7492365Z VectorDbConcurrencyTest > MonotonicObservedSize > persistentReadersNeverSeeSpuriousClosedDuringCommit(Path) PASSED
build	Build + Test	2026-10-04T13:51:15.8510886Z 
build	Build + Test	2026-10-04T13:51:15.8578131Z VectorDbConcurrencyTest > ReadersNeverBlockedByCommit > searchesCompleteAgainstConsistentGeneration() PASSED
build	Build + Test	2026-10-04T13:51:15.9518336Z WARNING: A restricted method in java.lang.foreign.SymbolLookup has been called
build	Build + Test	2026-10-04T13:51:15.9519157Z 
build	Build + Test	2026-10-04T13:51:15.9519842Z VectorDbConcurrencyTest > ReadersNeverBlockedByCommit > searchDuringCommitDoesNotBlock() PASSED
build	Build + Test	2026-10-04T13:51:15.9520620Z 
build	Build + Test	2026-10-04T13:51:15.9549272Z WARNING: java.lang.foreign.SymbolLookup::libraryLookup has been called by com.nvidia.cuvs.internal.common.NativeLibraryUtils in an unnamed module (file:/home/runner/.gradle/caches/modules-2/files-2.1/com.nvidia.cuvs/cuvs-java/25.10.0/885ad074984741128c7cc723851e790711f91a6e/cuvs-java-25.10.0.jar)
build	Build + Test	2026-10-04T13:51:15.9577876Z WARNING: Use --enable-native-access=ALL-UNNAMED to avoid a warning for callers in this module
build	Build + Test	2026-10-04T13:51:15.9607699Z WARNING: Restricted methods will be blocked in a future release unless native access is enabled
build	Build + Test	2026-10-04T13:51:15.9608583Z 
build	Build + Test	2026-10-04T13:51:17.9491451Z 
build	Build + Test	2026-10-04T13:51:17.9492200Z > Task :vectors-db:test
build	Build + Test	2026-10-04T13:51:17.9492691Z 
build	Build + Test	2026-10-04T13:51:17.9493282Z VectorDbCuVsTest > bruteForceBuilderThrowsOnNonGpuHost() PASSED
build	Build + Test	2026-10-04T13:51:17.9494671Z 
build	Build + Test	2026-10-04T13:51:17.9495398Z VectorDbCuVsTest > bruteForceConfigUsesDefaultCuVsParams() PASSED
build	Build + Test	2026-10-04T13:51:17.9496328Z 
build	Build + Test	2026-10-04T13:51:17.9497440Z VectorDbCuVsTest > cuvsRejectsPersistentStoragePath(Path) PASSED
build	Build + Test	2026-10-04T13:51:17.9498268Z 
build	Build + Test	2026-10-04T13:51:17.9498718Z VectorDbCuVsTest > cuvsRejectsQuantizerKind() PASSED
build	Build + Test	2026-10-04T13:51:17.9499436Z 
build	Build + Test	2026-10-04T13:51:17.9500150Z VectorDbCuVsTest > cagraConfigValidatesParamVariantMatchesIndexType() PASSED
build	Build + Test	2026-10-04T13:51:17.9501116Z 
build	Build + Test	2026-10-04T13:51:17.9501616Z VectorDbCuVsTest > cagraBuilderThrowsOnNonGpuHost() PASSED
build	Build + Test	2026-10-04T13:51:17.9502360Z 
build	Build + Test	2026-10-04T13:51:17.9502923Z VectorDbDeletionTest > IgtmMerge > hnswMerge_recallAfterMerge() PASSED
build	Build + Test	2026-10-04T13:51:17.9503546Z 
build	Build + Test	2026-10-04T13:51:17.9504114Z VectorDbDeletionTest > IgtmMerge > hnswMerge_survivingDocsRemainSearchable() PASSED
build	Build + Test	2026-10-04T13:51:17.9504783Z 
build	Build + Test	2026-10-04T13:51:17.9505325Z VectorDbDeletionTest > IgtmMerge > persistentHnswMerge_survivesCloseAndReopen(Path) PASSED
build	Build + Test	2026-10-04T13:51:17.9505819Z 
build	Build + Test	2026-10-04T13:51:17.9506130Z VectorDbDeletionTest > CombinedOperations > multipleDeleteCommitCycles() PASSED
build	Build + Test	2026-10-04T13:51:17.9506552Z 
build	Build + Test	2026-10-04T13:51:17.9507074Z VectorDbDeletionTest > CombinedOperations > deleteAndAddInSameCommit() PASSED
build	Build + Test	2026-10-04T13:51:17.9507719Z 
build	Build + Test	2026-10-04T13:51:17.9508215Z VectorDbDeletionTest > CombinedOperations > addAfterDeleteWithSameIdViaAdd() PASSED
build	Build + Test	2026-10-04T13:51:17.9508651Z 
build	Build + Test	2026-10-04T13:51:17.9508939Z VectorDbDeletionTest > CombinedOperations > addAfterDeleteReusesFreeId() PASSED
build	Build + Test	2026-10-04T13:51:17.9509332Z 
build	Build + Test	2026-10-04T13:51:17.9509590Z VectorDbDeletionTest > CombinedOperations > deleteAllThenCompact() PASSED
build	Build + Test	2026-10-04T13:51:17.9509963Z 
build	Build + Test	2026-10-04T13:51:17.9510319Z VectorDbDeletionTest > TombstoneOnlyCommit > tombstoneOnlyCommitProducesNewGeneration() PASSED
build	Build + Test	2026-10-04T13:51:17.9510790Z 
build	Build + Test	2026-10-04T13:51:17.9511043Z VectorDbDeletionTest > TombstoneOnlyCommit > emptyCommitIsNoOp() PASSED
build	Build + Test	2026-10-04T13:51:17.9511406Z 
build	Build + Test	2026-10-04T13:51:17.9511681Z VectorDbDeletionTest > Persistence > deleteWhereWithPersistence(Path) PASSED
build	Build + Test	2026-10-04T13:51:17.9512059Z 
build	Build + Test	2026-10-04T13:51:17.9512412Z VectorDbDeletionTest > Persistence > tombstonesFileAbsentWhenNoTombstones(Path) PASSED
build	Build + Test	2026-10-04T13:51:17.9512852Z 
build	Build + Test	2026-10-04T13:51:17.9513166Z VectorDbDeletionTest > Persistence > hnswDeleteAndReopenPreservesResults(Path) PASSED
build	Build + Test	2026-10-04T13:51:17.9513585Z 
build	Build + Test	2026-10-04T13:51:17.9513834Z VectorDbDeletionTest > Persistence > upsertPersistsAcrossReopen(Path) PASSED
build	Build + Test	2026-10-04T13:51:17.9514180Z 
build	Build + Test	2026-10-04T13:51:17.9514441Z VectorDbDeletionTest > Persistence > compactSurvivesCloseAndReopen(Path) PASSED
build	Build + Test	2026-10-04T13:51:17.9514802Z 
build	Build + Test	2026-10-04T13:51:17.9515078Z VectorDbDeletionTest > Persistence > tombstonesFileAbsentAfterCompact(Path) PASSED
build	Build + Test	2026-10-04T13:51:17.9515457Z 
build	Build + Test	2026-10-04T13:51:17.9515727Z VectorDbDeletionTest > Persistence > tombstonesFileWrittenAfterDelete(Path) PASSED
build	Build + Test	2026-10-04T13:51:17.9516100Z 
build	Build + Test	2026-10-04T13:51:17.9516358Z VectorDbDeletionTest > Persistence > deleteSurvivesCloseAndReopen(Path) PASSED
build	Build + Test	2026-10-04T13:51:17.9516709Z 
build	Build + Test	2026-10-04T13:51:17.9517096Z VectorDbDeletionTest > Compact > compactIsNoOpWithNoTombstones() PASSED
build	Build + Test	2026-10-04T13:51:17.9517439Z 
build	Build + Test	2026-10-04T13:51:17.9517760Z VectorDbDeletionTest > Compact > compactPreservesSearchResults(IndexType) > [1] idx=FLAT PASSED
build	Build + Test	2026-10-04T13:51:17.9518412Z 
build	Build + Test	2026-10-04T13:51:17.9518728Z VectorDbDeletionTest > Compact > compactPreservesSearchResults(IndexType) > [2] idx=HNSW PASSED
build	Build + Test	2026-10-04T13:51:17.9519151Z 
build	Build + Test	2026-10-04T13:51:17.9519471Z VectorDbDeletionTest > Compact > compactPreservesSearchResults(IndexType) > [3] idx=VAMANA PASSED
build	Build + Test	2026-10-04T13:51:17.9519909Z 
build	Build + Test	2026-10-04T13:51:17.9520200Z VectorDbDeletionTest > Compact > compactRemovesTombstones(IndexType) > [1] idx=FLAT PASSED
build	Build + Test	2026-10-04T13:51:17.9520594Z 
build	Build + Test	2026-10-04T13:51:17.9520883Z VectorDbDeletionTest > Compact > compactRemovesTombstones(IndexType) > [2] idx=HNSW PASSED
build	Build + Test	2026-10-04T13:51:17.9521271Z 
build	Build + Test	2026-10-04T13:51:17.9521690Z VectorDbDeletionTest > Compact > compactRemovesTombstones(IndexType) > [3] idx=VAMANA PASSED
build	Build + Test	2026-10-04T13:51:17.9522087Z 
build	Build + Test	2026-10-04T13:51:17.9522333Z VectorDbDeletionTest > Compact > compactCommitsPendingWorkFirst() PASSED
build	Build + Test	2026-10-04T13:51:17.9522676Z 
build	Build + Test	2026-10-04T13:51:17.9522950Z VectorDbDeletionTest > Upsert > upsertReplacesExistingCommittedDocument() PASSED
build	Build + Test	2026-10-04T13:51:17.9523326Z 
build	Build + Test	2026-10-04T13:51:17.9523564Z VectorDbDeletionTest > Upsert > upsertReplacesStagedDocument() PASSED
build	Build + Test	2026-10-04T13:51:17.9523891Z 
build	Build + Test	2026-10-04T13:51:17.9524108Z VectorDbDeletionTest > Upsert > upsertInsertsNewDocument() PASSED
build	Build + Test	2026-10-04T13:51:17.9524411Z 
build	Build + Test	2026-10-04T13:51:17.9524634Z VectorDbDeletionTest > Upsert > upsertUpdatesSearchResults() PASSED
build	Build + Test	2026-10-04T13:51:17.9524950Z 
build	Build + Test	2026-10-04T13:51:17.9525211Z VectorDbDeletionTest > DeleteWhere > deleteWhereMatchesAndReturnsCount() PASSED
build	Build + Test	2026-10-04T13:51:17.9525573Z 
build	Build + Test	2026-10-04T13:51:17.9525827Z VectorDbDeletionTest > DeleteWhere > deleteWhereReturnsZeroWhenNoMatch() PASSED
build	Build + Test	2026-10-04T13:51:17.9526191Z 
build	Build + Test	2026-10-04T13:51:17.9526472Z VectorDbDeletionTest > DeleteWhere > deleteWhereAlsoRemovesStagedDocuments() PASSED
build	Build + Test	2026-10-04T13:51:17.9527013Z 
build	Build + Test	2026-10-04T13:51:17.9527347Z VectorDbDeletionTest > SizeVsPhysicalSize > sizeExcludesTombstonesPhysicalSizeDoesNot() PASSED
build	Build + Test	2026-10-04T13:51:17.9527782Z 
build	Build + Test	2026-10-04T13:51:17.9528098Z VectorDbDeletionTest > SizeVsPhysicalSize > sizeAndPhysicalSizeEqualWithNoTombstones() PASSED
build	Build + Test	2026-10-04T13:51:17.9528525Z 
build	Build + Test	2026-10-04T13:51:17.9528762Z VectorDbDeletionTest > DeleteById > getReturnsNullForDeletedDoc() PASSED
build	Build + Test	2026-10-04T13:51:17.9529095Z 
build	Build + Test	2026-10-04T13:51:17.9529414Z VectorDbDeletionTest > DeleteById > deleteReturnsTrueForKnownId(IndexType) > [1] idx=FLAT PASSED
build	Build + Test	2026-10-04T13:51:17.9529828Z 
build	Build + Test	2026-10-04T13:51:17.9530136Z VectorDbDeletionTest > DeleteById > deleteReturnsTrueForKnownId(IndexType) > [2] idx=HNSW PASSED
build	Build + Test	2026-10-04T13:51:17.9530550Z 
build	Build + Test	2026-10-04T13:51:17.9530878Z VectorDbDeletionTest > DeleteById > deleteReturnsTrueForKnownId(IndexType) > [3] idx=VAMANA PASSED
build	Build + Test	2026-10-04T13:51:17.9531303Z 
build	Build + Test	2026-10-04T13:51:17.9531561Z VectorDbDeletionTest > DeleteById > containsReturnsFalseForDeletedDoc() PASSED
build	Build + Test	2026-10-04T13:51:17.9531917Z 
build	Build + Test	2026-10-04T13:51:17.9532185Z VectorDbDeletionTest > DeleteById > deleteOfStagedDocRemovesImmediately() PASSED
build	Build + Test	2026-10-04T13:51:17.9532554Z 
build	Build + Test	2026-10-04T13:51:17.9532918Z VectorDbDeletionTest > DeleteById > deletedDocExcludedFromSearchAfterCommit(IndexType) > [1] idx=FLAT PASSED
build	Build + Test	2026-10-04T13:51:17.9533399Z 
build	Build + Test	2026-10-04T13:51:17.9533761Z VectorDbDeletionTest > DeleteById > deletedDocExcludedFromSearchAfterCommit(IndexType) > [2] idx=HNSW PASSED
build	Build + Test	2026-10-04T13:51:17.9534239Z 
build	Build + Test	2026-10-04T13:51:17.9534613Z VectorDbDeletionTest > DeleteById > deletedDocExcludedFromSearchAfterCommit(IndexType) > [3] idx=VAMANA PASSED
build	Build + Test	2026-10-04T13:51:17.9535091Z 
build	Build + Test	2026-10-04T13:51:17.9535486Z VectorDbDeletionTest > DeleteById > deletedDocExcludedFromSearchWithCosineMetric(IndexType) > [1] idx=FLAT PASSED
build	Build + Test	2026-10-04T13:51:17.9535992Z 
build	Build + Test	2026-10-04T13:51:17.9536378Z VectorDbDeletionTest > DeleteById > deletedDocExcludedFromSearchWithCosineMetric(IndexType) > [2] idx=HNSW PASSED
build	Build + Test	2026-10-04T13:51:17.9537154Z 
build	Build + Test	2026-10-04T13:51:17.9537568Z VectorDbDeletionTest > DeleteById > deletedDocExcludedFromSearchWithCosineMetric(IndexType) > [3] idx=VAMANA PASSED
build	Build + Test	2026-10-04T13:51:17.9538083Z 
build	Build + Test	2026-10-04T13:51:17.9538592Z VectorDbDeletionTest > DeleteById > deleteReturnsFalseForAlreadyDeletedId(IndexType) > [1] idx=FLAT PASSED
build	Build + Test	2026-10-04T13:51:17.9539056Z 
build	Build + Test	2026-10-04T13:51:17.9539412Z VectorDbDeletionTest > DeleteById > deleteReturnsFalseForAlreadyDeletedId(IndexType) > [2] idx=HNSW PASSED
build	Build + Test	2026-10-04T13:51:17.9539874Z 
build	Build + Test	2026-10-04T13:51:17.9540238Z VectorDbDeletionTest > DeleteById > deleteReturnsFalseForAlreadyDeletedId(IndexType) > [3] idx=VAMANA PASSED
build	Build + Test	2026-10-04T13:51:17.9540701Z 
build	Build + Test	2026-10-04T13:51:17.9541029Z VectorDbDeletionTest > DeleteById > deleteReturnsFalseForUnknownId(IndexType) > [1] idx=FLAT PASSED
build	Build + Test	2026-10-04T13:51:17.9541462Z 
build	Build + Test	2026-10-04T13:51:17.9541890Z VectorDbDeletionTest > DeleteById > deleteReturnsFalseForUnknownId(IndexType) > [2] idx=HNSW PASSED
build	Build + Test	2026-10-04T13:51:17.9542317Z 
build	Build + Test	2026-10-04T13:51:17.9542659Z VectorDbDeletionTest > DeleteById > deleteReturnsFalseForUnknownId(IndexType) > [3] idx=VAMANA PASSED
build	Build + Test	2026-10-04T13:51:17.9543093Z 
build	Build + Test	2026-10-04T13:51:17.9543393Z VectorDbFilteredSearchTest > AcornPreFilter > persistentHnsw_preFilterWorks(Path) PASSED
build	Build + Test	2026-10-04T13:51:17.9543796Z 
build	Build + Test	2026-10-04T13:51:17.9544064Z VectorDbFilteredSearchTest > AcornPreFilter > preFilter_recallIsAdequate() PASSED
build	Build + Test	2026-10-04T13:51:17.9544431Z 
build	Build + Test	2026-10-04T13:51:17.9544818Z VectorDbFilteredSearchTest > AcornPreFilter > preFilter_routingThroughNonMatchingNodes_highSelectivity() PASSED
build	Build + Test	2026-10-04T13:51:17.9545307Z 
build	Build + Test	2026-10-04T13:51:17.9545599Z VectorDbFilteredSearchTest > AcornPreFilter > preFilter_returnsOnlyMatchingDocs() PASSED
build	Build + Test	2026-10-04T13:51:17.9545992Z 
build	Build + Test	2026-10-04T13:51:17.9546311Z VectorDbFilteredSearchTest > PersistentFiltered > filteredSearchAfterReopenFlat(Path) PASSED
build	Build + Test	2026-10-04T13:51:17.9546729Z 
build	Build + Test	2026-10-04T13:51:17.9547388Z VectorDbFilteredSearchTest > PersistentFiltered > filteredSearchAfterReopenHnsw(Path) PASSED
build	Build + Test	2026-10-04T13:51:17.9547821Z 
build	Build + Test	2026-10-04T13:51:17.9548080Z VectorDbFilteredSearchTest > VamanaFiltered > noMatchReturnsEmpty() PASSED
build	Build + Test	2026-10-04T13:51:17.9548437Z 
build	Build + Test	2026-10-04T13:51:17.9548682Z VectorDbFilteredSearchTest > VamanaFiltered > numericRangeFilter() PASSED
build	Build + Test	2026-10-04T13:51:17.9549027Z 
build	Build + Test	2026-10-04T13:51:17.9549258Z VectorDbFilteredSearchTest > VamanaFiltered > eqStringFilter() PASSED
build	Build + Test	2026-10-04T13:51:17.9549583Z 
build	Build + Test	2026-10-04T13:51:17.9549823Z VectorDbFilteredSearchTest > HnswFiltered > noMatchReturnsEmpty() PASSED
build	Build + Test	2026-10-04T13:51:17.9550156Z 
build	Build + Test	2026-10-04T13:51:17.9550363Z VectorDbFilteredSearchTest > HnswFiltered > andFilter() PASSED
build	Build + Test	2026-10-04T13:51:17.9550668Z 
build	Build + Test	2026-10-04T13:51:17.9550890Z VectorDbFilteredSearchTest > HnswFiltered > eqStringFilter() PASSED
build	Build + Test	2026-10-04T13:51:17.9551370Z 
build	Build + Test	2026-10-04T13:51:17.9551767Z VectorDbFilteredSearchTest > FlatFiltered > filterPlusTopK() PASSED
build	Build + Test	2026-10-04T13:51:17.9552116Z 
build	Build + Test	2026-10-04T13:51:17.9552387Z VectorDbFilteredSearchTest > FlatFiltered > noDocumentsMatchFilter() PASSED
build	Build + Test	2026-10-04T13:51:17.9552746Z 
build	Build + Test	2026-10-04T13:51:17.9552967Z VectorDbFilteredSearchTest > FlatFiltered > tagsEqFilter() PASSED
build	Build + Test	2026-10-04T13:51:17.9553279Z 
build	Build + Test	2026-10-04T13:51:17.9553490Z VectorDbFilteredSearchTest > FlatFiltered > tagsInFilter() PASSED
build	Build + Test	2026-10-04T13:51:17.9553803Z 
build	Build + Test	2026-10-04T13:51:17.9554029Z VectorDbFilteredSearchTest > FlatFiltered > eqBooleanFilter() PASSED
build	Build + Test	2026-10-04T13:51:17.9554345Z 
build	Build + Test	2026-10-04T13:51:17.9554582Z VectorDbFilteredSearchTest > FlatFiltered > filterPlusMinScore() PASSED
build	Build + Test	2026-10-04T13:51:17.9554914Z 
build	Build + Test	2026-10-04T13:51:17.9555127Z VectorDbFilteredSearchTest > FlatFiltered > notInFilter() PASSED
build	Build + Test	2026-10-04T13:51:17.9555427Z 
build	Build + Test	2026-10-04T13:51:17.9555633Z VectorDbFilteredSearchTest > FlatFiltered > andFilter() PASSED
build	Build + Test	2026-10-04T13:51:17.9555934Z 
build	Build + Test	2026-10-04T13:51:17.9556133Z VectorDbFilteredSearchTest > FlatFiltered > lteFilter() PASSED
build	Build + Test	2026-10-04T13:51:17.9556423Z 
build	Build + Test	2026-10-04T13:51:17.9556666Z VectorDbFilteredSearchTest > FlatFiltered > nestedCompoundFilter() PASSED
build	Build + Test	2026-10-04T13:51:17.9557145Z 
build	Build + Test	2026-10-04T13:51:17.9557393Z VectorDbFilteredSearchTest > FlatFiltered > allFilterSameAsNull() PASSED
build	Build + Test	2026-10-04T13:51:17.9557724Z 
build	Build + Test	2026-10-04T13:51:17.9558092Z VectorDbFilteredSearchTest > FlatFiltered > filterOnDocumentsWithoutThatField_returnsOnlyMatching() PASSED
build	Build + Test	2026-10-04T13:51:17.9558721Z 
build	Build + Test	2026-10-04T13:51:17.9558938Z VectorDbFilteredSearchTest > FlatFiltered > orFilter() PASSED
build	Build + Test	2026-10-04T13:51:17.9559233Z 
build	Build + Test	2026-10-04T13:51:17.9559455Z VectorDbFilteredSearchTest > FlatFiltered > inStringFilter() PASSED
build	Build + Test	2026-10-04T13:51:17.9559773Z 
build	Build + Test	2026-10-04T13:51:17.9560069Z VectorDbFilteredSearchTest > FlatFiltered > metadataPreservedInFilteredResults() PASSED
build	Build + Test	2026-10-04T13:51:17.9560475Z 
build	Build + Test	2026-10-04T13:51:17.9560677Z VectorDbFilteredSearchTest > FlatFiltered > notFilter() PASSED
build	Build + Test	2026-10-04T13:51:17.9560969Z 
build	Build + Test	2026-10-04T13:51:17.9561283Z VectorDbFilteredSearchTest > FlatFiltered > gtFilter() PASSED
build	Build + Test	2026-10-04T13:51:17.9561577Z 
build	Build + Test	2026-10-04T13:51:17.9561816Z VectorDbFilteredSearchTest > FlatFiltered > numericRangeFilter() PASSED
build	Build + Test	2026-10-04T13:51:17.9562147Z 
build	Build + Test	2026-10-04T13:51:17.9562364Z VectorDbFilteredSearchTest > FlatFiltered > eqStringFilter() PASSED
build	Build + Test	2026-10-04T13:51:17.9562684Z 
build	Build + Test	2026-10-04T13:51:17.9563001Z VectorDbFilteredSearchTest > FlatFiltered > highSelectivityFilter_returnsFewerThanK() PASSED
build	Build + Test	2026-10-04T13:51:17.9563417Z 
build	Build + Test	2026-10-04T13:51:17.9563643Z VectorDbFilteredSearchTest > FlatFiltered > inNumericFilter() PASSED
build	Build + Test	2026-10-04T13:51:17.9563958Z 
build	Build + Test	2026-10-04T13:51:17.9564323Z VectorDbHnswPersistenceTest > ConcurrencyHnsw > concurrentReadersNeverBlockedByHnswCommit(Path) PASSED
build	Build + Test	2026-10-04T13:51:17.9564785Z 
build	Build + Test	2026-10-04T13:51:17.9565243Z VectorDbHnswPersistenceTest > CommitOpenFailureRecoveryHnsw > retryAfterOpenFailureAdvancesGenerationNumberHnsw(Path) PASSED
build	Build + Test	2026-10-04T13:51:17.9565803Z 
build	Build + Test	2026-10-04T13:51:17.9566186Z VectorDbHnswPersistenceTest > SimulatedKill9Hnsw > corruptManifestFallsBackToPriorGeneration(Path) PASSED
build	Build + Test	2026-10-04T13:51:17.9566662Z 
build	Build + Test	2026-10-04T13:51:17.9567185Z VectorDbHnswPersistenceTest > SimulatedKill9Hnsw > corruptGraphBinFallsBackToPriorGeneration(Path) PASSED
build	Build + Test	2026-10-04T13:51:17.9567657Z 
build	Build + Test	2026-10-04T13:51:17.9568188Z VectorDbHnswPersistenceTest > PersistentHnsw > closeAndReopenReturnsIdenticalSearchResults(Path) PASSED
build	Build + Test	2026-10-04T13:51:17.9568850Z 
build	Build + Test	2026-10-04T13:51:17.9569214Z VectorDbHnswPersistenceTest > PersistentHnsw > getHydratesVectorFromMmapAfterReopen(Path) PASSED
build	Build + Test	2026-10-04T13:51:17.9569653Z 
build	Build + Test	2026-10-04T13:51:17.9569990Z VectorDbHnswPersistenceTest > PersistentHnsw > reopenedSearchMatchesBruteForceRecall(Path) PASSED
build	Build + Test	2026-10-04T13:51:17.9570435Z 
build	Build + Test	2026-10-04T13:51:17.9570781Z VectorDbHnswPersistenceTest > PersistentHnsw > includeVectorHydratesFromMmapAfterReopen(Path) PASSED
build	Build + Test	2026-10-04T13:51:17.9571232Z 
build	Build + Test	2026-10-04T13:51:17.9571522Z VectorDbHnswPersistenceTest > PersistentHnsw > emptyCollectionRoundTrips(Path) PASSED
build	Build + Test	2026-10-04T13:51:17.9571920Z 
build	Build + Test	2026-10-04T13:51:17.9572250Z VectorDbHnswPersistenceTest > PersistentHnsw > fiveSequentialCommitsReopenCorrectly(Path) PASSED
build	Build + Test	2026-10-04T13:51:17.9572680Z 
build	Build + Test	2026-10-04T13:51:17.9572975Z VectorDbHnswPersistenceTest > PersistentHnsw > metadataSurvivesRoundTrip(Path) PASSED
build	Build + Test	2026-10-04T13:51:17.9573368Z 
build	Build + Test	2026-10-04T13:51:17.9573697Z VectorDbHnswPersistenceTest > PersistentHnsw > customBuildParametersSurviveReopen(Path) PASSED
build	Build + Test	2026-10-04T13:51:17.9574126Z 
build	Build + Test	2026-10-04T13:51:17.9574439Z VectorDbHnswPersistenceTest > InMemoryHnsw > inMemoryHnswAutoCommitTriggersRebuild() PASSED
build	Build + Test	2026-10-04T13:51:17.9574861Z 
build	Build + Test	2026-10-04T13:51:17.9575151Z VectorDbHnswPersistenceTest > InMemoryHnsw > inMemoryHnswRebuildsAcrossCommits() PASSED
build	Build + Test	2026-10-04T13:51:17.9575545Z 
build	Build + Test	2026-10-04T13:51:17.9575861Z VectorDbHnswPersistenceTest > InMemoryHnsw > inMemoryHnswEmptyCollectionReportsZero() PASSED
build	Build + Test	2026-10-04T13:51:17.9576278Z 
build	Build + Test	2026-10-04T13:51:17.9576617Z VectorDbHnswPersistenceTest > InMemoryHnsw > inMemoryHnswSearchReturnsAccurateNeighbors() PASSED
build	Build + Test	2026-10-04T13:51:17.9577218Z 
build	Build + Test	2026-10-04T13:51:17.9577536Z VectorDbHnswPersistenceTest > InMemoryHnsw > inMemoryHnswDefaultBuildParametersWork() PASSED
build	Build + Test	2026-10-04T13:51:17.9577952Z 
build	Build + Test	2026-10-04T13:51:17.9578302Z VectorDbHnswPersistenceTest > InMemoryHnsw > inMemoryHnswCustomBuildParametersFlowThrough() PASSED
build	Build + Test	2026-10-04T13:51:17.9578896Z 
build	Build + Test	2026-10-04T13:51:17.9579158Z VectorDbIntegrationTest > BatchSearch > searchBatch_nullRequests_throws() PASSED
build	Build + Test	2026-10-04T13:51:17.9579517Z 
build	Build + Test	2026-10-04T13:51:17.9579783Z VectorDbIntegrationTest > BatchSearch > searchBatch_emptyRequests_throws() PASSED
build	Build + Test	2026-10-04T13:51:17.9580146Z 
build	Build + Test	2026-10-04T13:51:17.9580484Z VectorDbIntegrationTest > BatchSearch > searchBatch_concurrencyStressTest_noResultCorruption() PASSED
build	Build + Test	2026-10-04T13:51:17.9580925Z 
build	Build + Test	2026-10-04T13:51:17.9581220Z VectorDbIntegrationTest > BatchSearch > searchBatch_multipleRequests_resultsInOrder() PASSED
build	Build + Test	2026-10-04T13:51:17.9581626Z 
build	Build + Test	2026-10-04T13:51:17.9582044Z VectorDbIntegrationTest > BatchSearch > searchBatch_singleRequest_matchesSingleSearch() PASSED
build	Build + Test	2026-10-04T13:51:17.9582452Z 
build	Build + Test	2026-10-04T13:51:17.9582753Z VectorDbIntegrationTest > BatchSearch > searchBatch_resultsListIsImmutable() PASSED
build	Build + Test	2026-10-04T13:51:17.9583125Z 
build	Build + Test	2026-10-04T13:51:17.9583361Z VectorDbIntegrationTest > FilterExecution > nullFilter_succeeds() PASSED
build	Build + Test	2026-10-04T13:51:17.9583697Z 
build	Build + Test	2026-10-04T13:51:17.9584031Z VectorDbIntegrationTest > FilterExecution > nonTrivialFilter_returnsMatchingDocumentsOnly() PASSED
build	Build + Test	2026-10-04T13:51:17.9584459Z 
build	Build + Test	2026-10-04T13:51:17.9584780Z VectorDbIntegrationTest > FilterExecution > filterAll_succeeds_withIdenticalResultsToNull() PASSED
build	Build + Test	2026-10-04T13:51:17.9585201Z 
build	Build + Test	2026-10-04T13:51:17.9585484Z VectorDbIntegrationTest > FilterExecution > filterOnMissingField_returnsEmpty() PASSED
build	Build + Test	2026-10-04T13:51:17.9585868Z 
build	Build + Test	2026-10-04T13:51:17.9586131Z VectorDbIntegrationTest > AutoCommit > addAllBeyondThresholdAutoCommits() PASSED
build	Build + Test	2026-10-04T13:51:17.9586496Z 
build	Build + Test	2026-10-04T13:51:17.9586914Z VectorDbIntegrationTest > AutoCommit > individualAddBeyondThresholdAutoCommits() PASSED
build	Build + Test	2026-10-04T13:51:17.9587324Z 
build	Build + Test	2026-10-04T13:51:17.9587583Z VectorDbIntegrationTest > AutoCommit > defaultConfigNeverAutoCommits() PASSED
build	Build + Test	2026-10-04T13:51:17.9587937Z 
build	Build + Test	2026-10-04T13:51:17.9588275Z VectorDbIntegrationTest > DeterministicResults > sameDataSameQuery_producesIdenticalResults() PASSED
build	Build + Test	2026-10-04T13:51:17.9588721Z 
build	Build + Test	2026-10-04T13:51:17.9589006Z VectorDbIntegrationTest > SearchRequestDefaults > minScore_filtersResults() PASSED
build	Build + Test	2026-10-04T13:51:17.9589379Z 
build	Build + Test	2026-10-04T13:51:17.9589692Z VectorDbIntegrationTest > SearchRequestDefaults > builderAppliesDocumentedDefaults() PASSED
build	Build + Test	2026-10-04T13:51:17.9590112Z 
build	Build + Test	2026-10-04T13:51:17.9590453Z VectorDbIntegrationTest > SearchRequestDefaults > includeVectorFalse_returnsNullVectorOnHits() PASSED
build	Build + Test	2026-10-04T13:51:17.9590894Z 
build	Build + Test	2026-10-04T13:51:17.9591357Z VectorDbIntegrationTest > FlatScanSearch > top10_matchesBruteForceGroundTruth_exactly(SimilarityFunction) > [1] sim=EUCLIDEAN PASSED
build	Build + Test	2026-10-04T13:51:17.9591923Z 
build	Build + Test	2026-10-04T13:51:17.9592384Z VectorDbIntegrationTest > FlatScanSearch > top10_matchesBruteForceGroundTruth_exactly(SimilarityFunction) > [2] sim=DOT_PRODUCT PASSED
build	Build + Test	2026-10-04T13:51:17.9592955Z 
build	Build + Test	2026-10-04T13:51:17.9593399Z VectorDbIntegrationTest > FlatScanSearch > top10_matchesBruteForceGroundTruth_exactly(SimilarityFunction) > [3] sim=COSINE PASSED
build	Build + Test	2026-10-04T13:51:17.9593955Z 
build	Build + Test	2026-10-04T13:51:17.9594453Z VectorDbIntegrationTest > FlatScanSearch > top10_matchesBruteForceGroundTruth_exactly(SimilarityFunction) > [4] sim=MAXIMUM_INNER_PRODUCT PASSED
build	Build + Test	2026-10-04T13:51:17.9595047Z 
build	Build + Test	2026-10-04T13:51:17.9595387Z VectorDbIntegrationTest > DocumentRoundTrip > allMetadataValueTypes_preservedThroughSearch() PASSED
build	Build + Test	2026-10-04T13:51:17.9595829Z 
build	Build + Test	2026-10-04T13:51:17.9596237Z VectorDbIntegrationTest > DocumentRoundTrip > mutatingOriginalFloatArrayAfterCommitDoesNotCorruptIndex() PASSED
build	Build + Test	2026-10-04T13:51:17.9596744Z 
build	Build + Test	2026-10-04T13:51:17.9597107Z VectorDbIntegrationTest > Lifecycle > addAndCommit_searchSeesAllDocs() PASSED
build	Build + Test	2026-10-04T13:51:17.9597462Z 
build	Build + Test	2026-10-04T13:51:17.9597745Z VectorDbIntegrationTest > Lifecycle > addBeforeCommit_searchSeesZeroResults() PASSED
build	Build + Test	2026-10-04T13:51:17.9598121Z 
build	Build + Test	2026-10-04T13:51:17.9598369Z VectorDbIntegrationTest > Lifecycle > addAll_equivalentToRepeatedAdd() PASSED
build	Build + Test	2026-10-04T13:51:17.9598716Z 
build	Build + Test	2026-10-04T13:51:17.9599072Z VectorDbIntegrationTest > Lifecycle > addDuplicateId_throws() PASSED
build	Build + Test	2026-10-04T13:51:17.9599390Z 
build	Build + Test	2026-10-04T13:51:17.9599621Z VectorDbIntegrationTest > Lifecycle > close_releasesResources() PASSED
build	Build + Test	2026-10-04T13:51:17.9599945Z 
build	Build + Test	2026-10-04T13:51:17.9600178Z VectorDbIntegrationTest > Lifecycle > addWrongDimension_throws() PASSED
build	Build + Test	2026-10-04T13:51:17.9600512Z 
build	Build + Test	2026-10-04T13:51:17.9600800Z VectorDbIntegrationTest > BuilderValidation > build_throws_whenDimensionMissing() PASSED
build	Build + Test	2026-10-04T13:51:17.9601191Z 
build	Build + Test	2026-10-04T13:51:17.9601491Z VectorDbIntegrationTest > BuilderValidation > flatWithQuantizer_buildsSuccessfully() PASSED
build	Build + Test	2026-10-04T13:51:17.9602013Z 
build	Build + Test	2026-10-04T13:51:17.9602293Z VectorDbIntegrationTest > BuilderValidation > build_throws_whenMetricMissing() PASSED
build	Build + Test	2026-10-04T13:51:17.9602671Z 
build	Build + Test	2026-10-04T13:51:17.9603018Z VectorDbIntegrationTest > BuilderValidation > indexTypeVamana_buildsSuccessfully_inStep4c() PASSED
build	Build + Test	2026-10-04T13:51:17.9603455Z 
build	Build + Test	2026-10-04T13:51:17.9603761Z VectorDbIntegrationTest > BuilderValidation > build_succeeds_withDimensionAndMetric() PASSED
build	Build + Test	2026-10-04T13:51:17.9604174Z 
build	Build + Test	2026-10-04T13:51:17.9604459Z VectorDbIntegrationTest > BuilderValidation > indexTypeHnsw_buildsSuccessfully() PASSED
build	Build + Test	2026-10-04T13:51:17.9604851Z 
build	Build + Test	2026-10-04T13:51:17.9605087Z VectorDbIvfFlatTest > twoPassSearch_highFactor_returnsExactlyK() PASSED
build	Build + Test	2026-10-04T13:51:17.9605416Z 
build	Build + Test	2026-10-04T13:51:17.9605660Z VectorDbIvfFlatTest > twoPassSearch_explicitFactor_matchesDefault() PASSED
build	Build + Test	2026-10-04T13:51:17.9605999Z 
build	Build + Test	2026-10-04T13:51:17.9606224Z VectorDbIvfFlatTest > search_withDelete_excludesDeletedDoc() PASSED
build	Build + Test	2026-10-04T13:51:17.9606539Z 
build	Build + Test	2026-10-04T13:51:17.9606920Z VectorDbIvfFlatTest > twoPassSearch_overQueryFactor_improvesRecall() PASSED
build	Build + Test	2026-10-04T13:51:17.9607267Z 
build	Build + Test	2026-10-04T13:51:17.9607420Z VectorDbIvfFlatTest > sizeReflectsAdds() PASSED
build	Build + Test	2026-10-04T13:51:17.9607670Z 
build	Build + Test	2026-10-04T13:51:17.9607902Z VectorDbIvfFlatTest > commit_thenReopen_preservesVectors(Path) PASSED
build	Build + Test	2026-10-04T13:51:17.9608219Z 
build	Build + Test	2026-10-04T13:51:17.9608449Z VectorDbIvfFlatTest > buildAndSearch_recallExceedsThreshold() PASSED
build	Build + Test	2026-10-04T13:51:17.9608769Z 
build	Build + Test	2026-10-04T13:51:17.9608963Z VectorDbIvfFlatTest > search_appliesMetadataFilter() PASSED
build	Build + Test	2026-10-04T13:51:17.9609249Z 
build	Build + Test	2026-10-04T13:51:17.9609474Z VectorDbIvfPqTest > twoPassSearch_highFactor_returnsExactlyK() PASSED
build	Build + Test	2026-10-04T13:51:17.9609793Z 
build	Build + Test	2026-10-04T13:51:17.9610000Z VectorDbIvfPqTest > builderRejectsInvalidIvfPqConfig() PASSED
build	Build + Test	2026-10-04T13:51:17.9610295Z 
build	Build + Test	2026-10-04T13:51:17.9610549Z VectorDbIvfPqTest > commit_thenReopen_preservesVectorsAndPqState(Path) PASSED
build	Build + Test	2026-10-04T13:51:17.9610907Z 
build	Build + Test	2026-10-04T13:51:17.9611061Z VectorDbIvfPqTest > sizeReflectsAdds() PASSED
build	Build + Test	2026-10-04T13:51:17.9611293Z 
build	Build + Test	2026-10-04T13:51:17.9611511Z VectorDbIvfPqTest > overQueryFactor_doesNotDegradeRecall() PASSED
build	Build + Test	2026-10-04T13:51:17.9611819Z 
build	Build + Test	2026-10-04T13:51:17.9612043Z VectorDbIvfPqTest > buildAndSearch_recallExceedsThreshold() PASSED
build	Build + Test	2026-10-04T13:51:17.9612389Z 
build	Build + Test	2026-10-04T13:51:17.9612657Z VectorDbMultiStartTest > NonHnswBackends > preFilterIgnoresMultiStart() PASSED
build	Build + Test	2026-10-04T13:51:17.9613020Z 
build	Build + Test	2026-10-04T13:51:17.9613286Z VectorDbMultiStartTest > NonHnswBackends > flatAdapterIgnoresMultiStart() PASSED
build	Build + Test	2026-10-04T13:51:18.0491280Z 
build	Build + Test	2026-10-04T13:51:18.0493284Z VectorDbMultiStartTest > ConcurrencySmoke > concurrencySmokeSearchBatchPlusMultiStart() PASSED
build	Build + Test	2026-10-04T13:51:18.1491374Z 
build	Build + Test	2026-10-04T13:51:18.1492347Z VectorDbMultiStartTest > MappedHnswMultiStart > mappedHnswMultiStartSmoke(Path) PASSED
build	Build + Test	2026-10-04T13:51:18.1493140Z 
build	Build + Test	2026-10-04T13:51:18.1493748Z VectorDbMultiStartTest > InMemoryHnswMultiStart > inMemoryHnswMultiStartReturnsTopK() PASSED
build	Build + Test	2026-10-04T13:51:18.2507435Z 
build	Build + Test	2026-10-04T13:51:18.2508488Z VectorDbMultiStartTest > InMemoryHnswMultiStart > inMemoryHnswMultiStartRecallParity() PASSED
build	Build + Test	2026-10-04T13:51:18.2509348Z 
build	Build + Test	2026-10-04T13:51:18.2509922Z VectorDbMultiStartTest > RequestDefaults > searchMultiStartNegativeRejected() PASSED
build	Build + Test	2026-10-04T13:51:18.2510674Z 
build	Build + Test	2026-10-04T13:51:18.2511316Z VectorDbMultiStartTest > RequestDefaults > searchRequestSearchMultiStartDefaultsToOne() PASSED
build	Build + Test	2026-10-04T13:51:18.3492153Z 
build	Build + Test	2026-10-04T13:51:18.3493592Z VectorDbPersistenceTest > FusedSuccessorMaterialization > flatAndHnswIdenticalAcrossMultipleCommits(Path) PASSED
build	Build + Test	2026-10-04T13:51:18.3494838Z 
build	Build + Test	2026-10-04T13:51:18.3496107Z VectorDbPersistenceTest > FusedSuccessorMaterialization > flatAndHnswProduceIdenticalVectorsBin(Path) PASSED
build	Build + Test	2026-10-04T13:51:18.3497582Z 
build	Build + Test	2026-10-04T13:51:18.3498882Z VectorDbPersistenceTest > CommitOpenFailureRecovery > retryAfterOpenFailureWithPriorCommittedGeneration(Path) PASSED
build	Build + Test	2026-10-04T13:51:18.3500588Z 
build	Build + Test	2026-10-04T13:51:18.3502511Z VectorDbPersistenceTest > CommitOpenFailureRecovery > retryAfterOpenFailureAdvancesGenerationNumber(Path) PASSED
build	Build + Test	2026-10-04T13:51:18.3503833Z 
build	Build + Test	2026-10-04T13:51:18.3504616Z VectorDbPersistenceTest > StorageRootValidation > storageRootIsAFileThrows(Path) PASSED
build	Build + Test	2026-10-04T13:51:18.3505275Z 
build	Build + Test	2026-10-04T13:51:18.3505734Z VectorDbPersistenceTest > StorageRootValidation > storageRootCreatedIfMissing(Path) PASSED
build	Build + Test	2026-10-04T13:51:18.3506560Z 
build	Build + Test	2026-10-04T13:51:18.3507351Z VectorDbPersistenceTest > StorageRootValidation > relativeStoragePathRejected() PASSED
build	Build + Test	2026-10-04T13:51:18.3508246Z 
build	Build + Test	2026-10-04T13:51:18.3508978Z VectorDbPersistenceTest > FlushSemantics > dataDurableImmediatelyAfterCommit(Path) PASSED
build	Build + Test	2026-10-04T13:51:18.3510052Z 
build	Build + Test	2026-10-04T13:51:18.3510798Z VectorDbPersistenceTest > FlushSemantics > flushAfterCommitIsNoOp(Path) PASSED
build	Build + Test	2026-10-04T13:51:18.3511501Z 
build	Build + Test	2026-10-04T13:51:18.3511980Z VectorDbPersistenceTest > FlushSemantics > flushBeforeCommitDoesNotPersistStaging(Path) PASSED
build	Build + Test	2026-10-04T13:51:18.3513004Z 
build	Build + Test	2026-10-04T13:51:18.3513485Z VectorDbPersistenceTest > SimulatedKill9 > allManifestsCorruptThrowsOnReopen(Path) PASSED
build	Build + Test	2026-10-04T13:51:18.3514509Z 
build	Build + Test	2026-10-04T13:51:18.3515251Z VectorDbPersistenceTest > SimulatedKill9 > corruptedLatestManifestFallsBackToPreviousGeneration(Path) PASSED
build	Build + Test	2026-10-04T13:51:18.4495685Z 
build	Build + Test	2026-10-04T13:51:18.4498138Z VectorDbPersistenceTest > SimulatedKill9 > corruptedCurrentPointerRebuildsFromNewestValidGeneration(Path) PASSED
build	Build + Test	2026-10-04T13:51:18.4499473Z 
build	Build + Test	2026-10-04T13:51:18.4500283Z VectorDbPersistenceTest > MultiGeneration > fiveSequentialCommitsAdvanceCurrentPointer(Path) PASSED
build	Build + Test	2026-10-04T13:51:18.4501364Z 
build	Build + Test	2026-10-04T13:51:18.4502109Z VectorDbPersistenceTest > MultiGeneration > reopenAfterMultipleCommitsSeesAllDocs(Path) PASSED
build	Build + Test	2026-10-04T13:51:18.4503047Z 
build	Build + Test	2026-10-04T13:51:18.4503799Z VectorDbPersistenceTest > RoundTrip > closeAndReopenReturnsIdenticalSearchResults(Path) PASSED
build	Build + Test	2026-10-04T13:51:18.4504813Z 
build	Build + Test	2026-10-04T13:51:18.4505524Z VectorDbPersistenceTest > RoundTrip > includeVectorHydratesFromMmapAfterReopen(Path) PASSED
build	Build + Test	2026-10-04T13:51:18.4506577Z 
build	Build + Test	2026-10-04T13:51:18.4507358Z VectorDbPersistenceTest > RoundTrip > emptyCollectionRoundTrips(Path) PASSED
build	Build + Test	2026-10-04T13:51:18.4508151Z 
build	Build + Test	2026-10-04T13:51:18.4508758Z VectorDbPersistenceTest > RoundTrip > metadataSurvivesRoundTrip(Path) PASSED
build	Build + Test	2026-10-04T13:51:18.5491009Z 
build	Build + Test	2026-10-04T13:51:18.5492997Z VectorDbQuantizationTest > SimulatedKill9Quantized > corruptQuantizedBinFallsBackToPriorGeneration(Path) PASSED
build	Build + Test	2026-10-04T13:51:18.5494139Z 
build	Build + Test	2026-10-04T13:51:18.5494770Z VectorDbQuantizationTest > FlatQuantization > flatWithNoneIsAllowed() PASSED
build	Build + Test	2026-10-04T13:51:18.5495581Z 
build	Build + Test	2026-10-04T13:51:18.5496351Z VectorDbQuantizationTest > FlatQuantization > flatWithSq8SearchesWithFullPrecisionRescore() PASSED
build	Build + Test	2026-10-04T13:51:18.5497585Z 
build	Build + Test	2026-10-04T13:51:18.5498357Z VectorDbQuantizationTest > FlatQuantization > flatWithPqSearchesWithFullPrecisionRescore() PASSED
build	Build + Test	2026-10-04T13:51:18.5499337Z 
build	Build + Test	2026-10-04T13:51:18.5499952Z VectorDbQuantizationTest > FlatQuantization > flatSq8RoundTrips(Path) PASSED
build	Build + Test	2026-10-04T13:51:18.9491027Z 
build	Build + Test	2026-10-04T13:51:18.9492566Z VectorDbQuantizationTest > PersistentVamanaQuantized > pqRoundTrips(Path) PASSED
build	Build + Test	2026-10-04T13:51:19.2490692Z 
build	Build + Test	2026-10-04T13:51:19.2491898Z VectorDbQuantizationTest > PersistentVamanaQuantized > sq8RoundTrips(Path) PASSED
build	Build + Test	2026-10-04T13:51:19.4491134Z 
build	Build + Test	2026-10-04T13:51:19.4492363Z VectorDbQuantizationTest > PersistentVamanaQuantized > bqRoundTrips(Path) PASSED
build	Build + Test	2026-10-04T13:51:19.7490963Z 
build	Build + Test	2026-10-04T13:51:19.7491692Z VectorDbQuantizationTest > PersistentVamanaQuantized > nvqRoundTrips(Path) PASSED
build	Build + Test	2026-10-04T13:51:19.9491265Z 
build	Build + Test	2026-10-04T13:51:19.9492680Z VectorDbQuantizationTest > PersistentVamanaQuantized > sq4RoundTrips(Path) PASSED
build	Build + Test	2026-10-04T13:51:28.4490855Z 
build	Build + Test	2026-10-04T13:51:28.4491834Z VectorDbQuantizationTest > PersistentVamanaQuantized > turboQuantRoundTrips(Path) PASSED
build	Build + Test	2026-10-04T13:51:28.7490782Z 
build	Build + Test	2026-10-04T13:51:28.7491465Z VectorDbQuantizationTest > PersistentVamanaQuantized > rabitqRoundTrips(Path) PASSED
build	Build + Test	2026-10-04T13:51:28.7492800Z 
build	Build + Test	2026-10-04T13:51:28.7493656Z VectorDbQuantizationTest > PersistentHnswQuantized > pqRoundTrips(Path) PASSED
build	Build + Test	2026-10-04T13:51:28.7494604Z 
build	Build + Test	2026-10-04T13:51:28.7495250Z VectorDbQuantizationTest > PersistentHnswQuantized > sq8RoundTrips(Path) PASSED
build	Build + Test	2026-10-04T13:51:28.8490871Z 
build	Build + Test	2026-10-04T13:51:28.8491683Z VectorDbQuantizationTest > PersistentHnswQuantized > fp16RoundTrips(Path) PASSED
build	Build + Test	2026-10-04T13:51:29.3491070Z 
build	Build + Test	2026-10-04T13:51:29.3492072Z VectorDbQuantizationTest > PersistentHnswQuantized > turboQuant4BitRoundTrips(Path) PASSED
build	Build + Test	2026-10-04T13:51:29.3492901Z 
build	Build + Test	2026-10-04T13:51:29.3493431Z VectorDbQuantizationTest > PersistentHnswQuantized > bqRoundTrips(Path) PASSED
build	Build + Test	2026-10-04T13:51:29.4491324Z 
build	Build + Test	2026-10-04T13:51:29.4492340Z VectorDbQuantizationTest > PersistentHnswQuantized > nvqRoundTrips(Path) PASSED
build	Build + Test	2026-10-04T13:51:29.4493097Z 
build	Build + Test	2026-10-04T13:51:29.4493623Z VectorDbQuantizationTest > PersistentHnswQuantized > sq4RoundTrips(Path) PASSED
build	Build + Test	2026-10-04T13:51:29.5491184Z 
build	Build + Test	2026-10-04T13:51:29.5492037Z VectorDbQuantizationTest > PersistentHnswQuantized > turboQuantRoundTrips(Path) PASSED
build	Build + Test	2026-10-04T13:51:29.5492515Z 
build	Build + Test	2026-10-04T13:51:29.5492831Z VectorDbQuantizationTest > PersistentHnswQuantized > rabitqRoundTrips(Path) PASSED
build	Build + Test	2026-10-04T13:51:29.6491284Z 
build	Build + Test	2026-10-04T13:51:29.6492340Z VectorDbQuantizationTest > PersistentHnswQuantized > extendedRaBitQRoundTrips(Path) PASSED
build	Build + Test	2026-10-04T13:51:30.4491092Z 
build	Build + Test	2026-10-04T13:51:30.4491889Z VectorDbQuantizationTest > InMemoryVamanaQuantized > sq8ProducesRecallAboveThreshold() PASSED
build	Build + Test	2026-10-04T13:51:30.7491687Z 
build	Build + Test	2026-10-04T13:51:30.7492788Z VectorDbQuantizationTest > InMemoryVamanaQuantized > bqReturnsResults() PASSED
build	Build + Test	2026-10-04T13:51:30.9491272Z 
build	Build + Test	2026-10-04T13:51:30.9492225Z VectorDbQuantizationTest > InMemoryVamanaQuantized > pqReturnsResults() PASSED
build	Build + Test	2026-10-04T13:51:31.0491322Z 
build	Build + Test	2026-10-04T13:51:31.0492391Z VectorDbQuantizationTest > InMemoryHnswQuantized > turboQuantProducesRecallAboveThreshold() PASSED
build	Build + Test	2026-10-04T13:51:31.2491233Z 
build	Build + Test	2026-10-04T13:51:31.2492394Z VectorDbQuantizationTest > InMemoryHnswQuantized > sq8ProducesRecallAboveThreshold() PASSED
build	Build + Test	2026-10-04T13:51:31.2493057Z 
build	Build + Test	2026-10-04T13:51:31.2493417Z VectorDbQuantizationTest > InMemoryHnswQuantized > bqReturnsResults() PASSED
build	Build + Test	2026-10-04T13:51:31.2493903Z 
build	Build + Test	2026-10-04T13:51:31.2494254Z VectorDbQuantizationTest > InMemoryHnswQuantized > sq4ReturnsResults() PASSED
build	Build + Test	2026-10-04T13:51:31.3491405Z 
build	Build + Test	2026-10-04T13:51:31.3492689Z VectorDbQuantizationTest > InMemoryHnswQuantized > fp16ProducesHighRecall() PASSED
build	Build + Test	2026-10-04T13:51:31.5491360Z 
build	Build + Test	2026-10-04T13:51:31.5492727Z VectorDbQuantizationTest > InMemoryHnswQuantized > overQueryFactorImprovesRecallOrMaintainsIt() PASSED
build	Build + Test	2026-10-04T13:51:31.5493652Z 
build	Build + Test	2026-10-04T13:51:31.5494169Z VectorDbQuantizationTest > InMemoryHnswQuantized > rabitqReturnsResults() PASSED
build	Build + Test	2026-10-04T13:51:31.5494858Z 
build	Build + Test	2026-10-04T13:51:31.5495339Z VectorDbQuantizationTest > InMemoryHnswQuantized > nvqReturnsResults() PASSED
build	Build + Test	2026-10-04T13:51:31.7550353Z 
build	Build + Test	2026-10-04T13:51:31.7578379Z VectorDbQuantizationTest > InMemoryHnswQuantized > extendedRaBitQProducesHighRecall() PASSED
build	Build + Test	2026-10-04T13:51:31.7637041Z 
build	Build + Test	2026-10-04T13:51:31.7655006Z VectorDbQuantizationTest > InMemoryHnswQuantized > pqReturnsResults() PASSED
build	Build + Test	2026-10-04T13:51:31.7655977Z 
build	Build + Test	2026-10-04T13:51:31.7656664Z VectorDbQvCacheTest > QvCacheDotProductTests > dotProduct_cacheHit_returnsSameResultObject() PASSED
build	Build + Test	2026-10-04T13:51:31.7658145Z 
build	Build + Test	2026-10-04T13:51:31.7658800Z VectorDbQvCacheTest > QvCacheDotProductTests > dotProduct_proportionalQueries_sameRanking() PASSED
build	Build + Test	2026-10-04T13:51:31.7659635Z 
build	Build + Test	2026-10-04T13:51:31.7660290Z VectorDbQvCacheTest > QvCacheDotProductTests > dotProduct_cacheMiss_afterDifferentDirection() PASSED
build	Build + Test	2026-10-04T13:51:31.7661093Z 
build	Build + Test	2026-10-04T13:51:31.7661672Z VectorDbQvCacheTest > QvCacheUnitTests > quantize_similarVectors_produceSameKey() PASSED
build	Build + Test	2026-10-04T13:51:31.7662401Z 
build	Build + Test	2026-10-04T13:51:31.7663026Z VectorDbQvCacheTest > QvCacheUnitTests > quantize_oppositeVectors_produceDifferentKeys() PASSED
build	Build + Test	2026-10-04T13:51:31.7664028Z 
build	Build + Test	2026-10-04T13:51:31.7664626Z VectorDbQvCacheTest > QvCacheUnitTests > quantize_proportionalVectors_produceSameKey() PASSED
build	Build + Test	2026-10-04T13:51:31.7665394Z 
build	Build + Test	2026-10-04T13:51:31.7666116Z VectorDbQvCacheTest > QvCacheIntegrationTests > cacheInvalidation_onAutoCommit_causesSearchToReExecute() PASSED
build	Build + Test	2026-10-04T13:51:31.7667315Z 
build	Build + Test	2026-10-04T13:51:31.7667990Z VectorDbQvCacheTest > QvCacheIntegrationTests > cacheMiss_afterDifferentQuery_executesSearch() PASSED
build	Build + Test	2026-10-04T13:51:31.7668804Z 
build	Build + Test	2026-10-04T13:51:31.7669441Z VectorDbQvCacheTest > QvCacheIntegrationTests > cacheKey_distinguishesMetadataProjection() PASSED
build	Build + Test	2026-10-04T13:51:31.7670232Z 
build	Build + Test	2026-10-04T13:51:31.7670922Z VectorDbQvCacheTest > QvCacheIntegrationTests > cacheInvalidation_onCommit_causesSearchToReExecute() PASSED
build	Build + Test	2026-10-04T13:51:31.7671786Z 
build	Build + Test	2026-10-04T13:51:31.7672378Z VectorDbQvCacheTest > QvCacheIntegrationTests > includeVector_requestsAreNotCached() PASSED
build	Build + Test	2026-10-04T13:51:31.7673136Z 
build	Build + Test	2026-10-04T13:51:31.7673693Z VectorDbQvCacheTest > QvCacheIntegrationTests > cacheStats_hitAndMissCounts() PASSED
build	Build + Test	2026-10-04T13:51:31.7674406Z 
build	Build + Test	2026-10-04T13:51:31.7674990Z VectorDbQvCacheTest > QvCacheIntegrationTests > lruEviction_whenCapacityExceeded() PASSED
build	Build + Test	2026-10-04T13:51:31.7675767Z 
build	Build + Test	2026-10-04T13:51:31.7676393Z VectorDbQvCacheTest > QvCacheIntegrationTests > disabledCache_isTransparent_noCaching() PASSED
build	Build + Test	2026-10-04T13:51:31.7677425Z 
build	Build + Test	2026-10-04T13:51:31.7678068Z VectorDbQvCacheTest > QvCacheIntegrationTests > cacheHit_returnsSameResultObject() PASSED
build	Build + Test	2026-10-04T13:51:31.7678874Z 
build	Build + Test	2026-10-04T13:51:31.7679498Z VectorDbQvCacheTest > QvCacheIntegrationTests > cacheKey_distinguishesMinScore() PASSED
build	Build + Test	2026-10-04T13:51:32.3490963Z 
build	Build + Test	2026-10-04T13:51:32.3492513Z VectorDbVamanaPersistenceTest > ConcurrencyVamana > concurrentReadersNeverBlockedByVamanaCommit(Path) PASSED
build	Build + Test	2026-10-04T13:51:32.3493274Z 
build	Build + Test	2026-10-04T13:51:32.3493996Z VectorDbVamanaPersistenceTest > CommitOpenFailureRecoveryVamana > retryAfterOpenFailureAdvancesGenerationNumberVamana(Path) PASSED
build	Build + Test	2026-10-04T13:51:32.3494871Z 
build	Build + Test	2026-10-04T13:51:32.3495432Z VectorDbVamanaPersistenceTest > SimulatedKill9Vamana > corruptManifestFallsBackToPriorGeneration(Path) PASSED
build	Build + Test	2026-10-04T13:51:32.3496124Z 
build	Build + Test	2026-10-04T13:51:32.3506277Z VectorDbVamanaPersistenceTest > SimulatedKill9Vamana > corruptGraphBinFallsBackToPriorGeneration(Path) PASSED
build	Build + Test	2026-10-04T13:51:32.4491259Z 
build	Build + Test	2026-10-04T13:51:32.4492910Z VectorDbVamanaPersistenceTest > PersistentVamana > closeAndReopenReturnsIdenticalSearchResults(Path) PASSED
build	Build + Test	2026-10-04T13:51:32.5490929Z 
build	Build + Test	2026-10-04T13:51:32.5492245Z VectorDbVamanaPersistenceTest > PersistentVamana > reopenedSearchMatchesBruteForceRecall(Path) PASSED
build	Build + Test	2026-10-04T13:51:32.5492844Z 
build	Build + Test	2026-10-04T13:51:32.5493307Z VectorDbVamanaPersistenceTest > PersistentVamana > includeVectorHydratesFromMmapAfterReopen(Path) PASSED
build	Build + Test	2026-10-04T13:51:32.5493889Z 
build	Build + Test	2026-10-04T13:51:32.5494259Z VectorDbVamanaPersistenceTest > PersistentVamana > emptyCollectionRoundTrips(Path) PASSED
build	Build + Test	2026-10-04T13:51:32.5494770Z 
build	Build + Test	2026-10-04T13:51:32.5495182Z VectorDbVamanaPersistenceTest > PersistentVamana > fiveSequentialCommitsReopenCorrectly(Path) PASSED
build	Build + Test	2026-10-04T13:51:32.6491131Z 
build	Build + Test	2026-10-04T13:51:32.6492078Z VectorDbVamanaPersistenceTest > PersistentVamana > metadataSurvivesRoundTrip(Path) PASSED
build	Build + Test	2026-10-04T13:51:32.6492624Z 
build	Build + Test	2026-10-04T13:51:32.6493059Z VectorDbVamanaPersistenceTest > PersistentVamana > customBuildParametersSurviveReopen(Path) PASSED
build	Build + Test	2026-10-04T13:51:32.6494016Z 
build	Build + Test	2026-10-04T13:51:32.6494538Z VectorDbVamanaPersistenceTest > InMemoryVamana > inMemoryVamanaSearchReturnsAccurateNeighbors() PASSED
build	Build + Test	2026-10-04T13:51:32.6495163Z 
build	Build + Test	2026-10-04T13:51:32.6495604Z VectorDbVamanaPersistenceTest > InMemoryVamana > inMemoryVamanaAutoCommitTriggersRebuild() PASSED
build	Build + Test	2026-10-04T13:51:32.6496168Z 
build	Build + Test	2026-10-04T13:51:32.6496615Z VectorDbVamanaPersistenceTest > InMemoryVamana > inMemoryVamanaEmptyCollectionReportsZero() PASSED
build	Build + Test	2026-10-04T13:51:32.7517704Z 
build	Build + Test	2026-10-04T13:51:32.7528682Z VectorDbVamanaPersistenceTest > InMemoryVamana > inMemoryVamanaDefaultBuildParametersWork() PASSED
build	Build + Test	2026-10-04T13:51:32.7577147Z 
build	Build + Test	2026-10-04T13:51:32.7581430Z VectorDbVamanaPersistenceTest > InMemoryVamana > inMemoryVamanaCustomBuildParametersFlowThrough() PASSED
build	Build + Test	2026-10-04T13:51:32.7582488Z 
build	Build + Test	2026-10-04T13:51:32.7583200Z VectorDbVamanaPersistenceTest > InMemoryVamana > inMemoryVamanaRebuildsAcrossCommits() PASSED
build	Build + Test	2026-10-04T13:51:33.2507286Z 
build	Build + Test	2026-10-04T13:51:33.2537854Z WriterGraphLifecycleTest > successfulAppendReusesGraphLocksAndExecutor() PASSED
build	Build + Test	2026-10-04T13:51:34.0491310Z 
build	Build + Test	2026-10-04T13:51:34.0492346Z WriterGraphLifecycleTest > persistentAppendReopenAndCompaction() PASSED
build	Build + Test	2026-10-04T13:51:34.4493705Z 
build	Build + Test	2026-10-04T13:51:34.4494809Z WriterGraphLifecycleTest > inMemoryAppendAfterCompaction() PASSED
build	Build + Test	2026-10-04T13:51:35.1491234Z 
build	Build + Test	2026-10-04T13:51:35.1492391Z WriterGraphLifecycleTest > upsertAndDeleteBeforeAppendKeepVectorsAlignedWithPhysicalOrdinals() PASSED
build	Build + Test	2026-10-04T13:51:35.5491066Z 
build	Build + Test	2026-10-04T13:51:35.5491950Z WriterGraphLifecycleTest > refreshReleasesGraphAndLocksBeforeTheNextAppend() PASSED
build	Build + Test	2026-10-04T13:51:35.6491210Z 
build	Build + Test	2026-10-04T13:51:35.6492486Z WriterGraphLifecycleTest > compactingAnEmptyPersistentCollectionReleasesGraphAndLocksAndAllowsFreshIngest() PASSED
build	Build + Test	2026-10-04T13:51:36.1491107Z 
build	Build + Test	2026-10-04T13:51:36.1492188Z WriterGraphLifecycleTest > failedPublicationDiscardsTheMutatedCacheAndRetryKeepsAllRows() > repetition 1 of 10 PASSED
build	Build + Test	2026-10-04T13:51:36.6491087Z 
build	Build + Test	2026-10-04T13:51:36.6492424Z WriterGraphLifecycleTest > failedPublicationDiscardsTheMutatedCacheAndRetryKeepsAllRows() > repetition 2 of 10 PASSED
build	Build + Test	2026-10-04T13:51:37.1491202Z 
build	Build + Test	2026-10-04T13:51:37.1492436Z WriterGraphLifecycleTest > failedPublicationDiscardsTheMutatedCacheAndRetryKeepsAllRows() > repetition 3 of 10 PASSED
build	Build + Test	2026-10-04T13:51:37.6491191Z 
build	Build + Test	2026-10-04T13:51:37.6492640Z WriterGraphLifecycleTest > failedPublicationDiscardsTheMutatedCacheAndRetryKeepsAllRows() > repetition 4 of 10 PASSED
build	Build + Test	2026-10-04T13:51:38.1490953Z 
build	Build + Test	2026-10-04T13:51:38.1491906Z WriterGraphLifecycleTest > failedPublicationDiscardsTheMutatedCacheAndRetryKeepsAllRows() > repetition 5 of 10 PASSED
build	Build + Test	2026-10-04T13:51:38.5491204Z 
build	Build + Test	2026-10-04T13:51:38.5492386Z WriterGraphLifecycleTest > failedPublicationDiscardsTheMutatedCacheAndRetryKeepsAllRows() > repetition 6 of 10 PASSED
build	Build + Test	2026-10-04T13:51:39.0491134Z 
build	Build + Test	2026-10-04T13:51:39.0492349Z WriterGraphLifecycleTest > failedPublicationDiscardsTheMutatedCacheAndRetryKeepsAllRows() > repetition 7 of 10 PASSED
build	Build + Test	2026-10-04T13:51:39.5491087Z 
build	Build + Test	2026-10-04T13:51:39.5492293Z WriterGraphLifecycleTest > failedPublicationDiscardsTheMutatedCacheAndRetryKeepsAllRows() > repetition 8 of 10 PASSED
build	Build + Test	2026-10-04T13:51:40.0490827Z 
build	Build + Test	2026-10-04T13:51:40.0491974Z WriterGraphLifecycleTest > failedPublicationDiscardsTheMutatedCacheAndRetryKeepsAllRows() > repetition 9 of 10 PASSED
build	Build + Test	2026-10-04T13:51:40.5491110Z 
build	Build + Test	2026-10-04T13:51:40.5492202Z WriterGraphLifecycleTest > failedPublicationDiscardsTheMutatedCacheAndRetryKeepsAllRows() > repetition 10 of 10 PASSED
build	Build + Test	2026-10-04T13:51:40.5492998Z 
build	Build + Test	2026-10-04T13:51:40.5493349Z WriterGraphLifecycleTest > closeReleasesTheWriterGraphAndLocks() PASSED
build	Build + Test	2026-10-04T13:51:40.7497458Z 
build	Build + Test	2026-10-04T13:51:40.7548128Z WriterLockTimeoutTest > writerLock_timesOut_whenAnotherWriterBlocksInCommitPath() PASSED
build	Build + Test	2026-10-04T13:51:40.7577305Z 
build	Build + Test	2026-10-04T13:51:40.7608069Z VectorEventCodecTest > encodeIsCompact_deleteEventIsSmallerThanAddEvent() PASSED
build	Build + Test	2026-10-04T13:51:40.7609529Z 
build	Build + Test	2026-10-04T13:51:40.7637845Z VectorEventCodecTest > allMetadataVariants_roundTrip() PASSED
build	Build + Test	2026-10-04T13:51:40.7652436Z 
build	Build + Test	2026-10-04T13:51:40.7670942Z VectorEventCodecTest > commitEvent_roundTrip() PASSED
build	Build + Test	2026-10-04T13:51:40.7697359Z 
build	Build + Test	2026-10-04T13:51:40.7704790Z VectorEventCodecTest > addEvent_roundTrip() PASSED
build	Build + Test	2026-10-04T13:51:40.7705448Z 
build	Build + Test	2026-10-04T13:51:40.7707523Z VectorEventCodecTest > upsertEvent_roundTrip() PASSED
build	Build + Test	2026-10-04T13:51:40.7708180Z 
build	Build + Test	2026-10-04T13:51:40.7708547Z VectorEventCodecTest > deleteEvent_roundTrip() PASSED
build	Build + Test	2026-10-04T13:51:40.7708925Z 
build	Build + Test	2026-10-04T13:51:40.7709215Z VectorEventCodecTest > highDimensionVector_roundTrip() PASSED
build	Build + Test	2026-10-04T13:51:40.7709881Z 
build	Build + Test	2026-10-04T13:51:40.7710113Z VectorEventCodecTest > invalidTagThrows() PASSED
build	Build + Test	2026-10-04T13:51:40.7710455Z 
build	Build + Test	2026-10-04T13:51:40.7710793Z FilterExecutorTest > EdgeCases > numericRangeOnIntegerStoredValue() PASSED
build	Build + Test	2026-10-04T13:51:40.7711231Z 
build	Build + Test	2026-10-04T13:51:40.7711528Z FilterExecutorTest > EdgeCases > nullMetadataMatchesAllOnly() PASSED
build	Build + Test	2026-10-04T13:51:40.7711933Z 
build	Build + Test	2026-10-04T13:51:40.7712235Z FilterExecutorTest > EdgeCases > eqWithDoubleMatchesLongStored() PASSED
build	Build + Test	2026-10-04T13:51:40.8493909Z 
build	Build + Test	2026-10-04T13:51:40.8506399Z FilterExecutorTest > EdgeCases > boolInFilter() PASSED
build	Build + Test	2026-10-04T13:51:40.8507931Z 
build	Build + Test	2026-10-04T13:51:40.8508451Z FilterExecutorTest > EdgeCases > emptyMetadataMatchesAllOnly() PASSED
build	Build + Test	2026-10-04T13:51:40.8509086Z 
build	Build + Test	2026-10-04T13:51:40.8509449Z FilterExecutorTest > LogicalOperators > orOneTrue() PASSED
build	Build + Test	2026-10-04T13:51:40.8509967Z 
build	Build + Test	2026-10-04T13:51:40.8510366Z FilterExecutorTest > LogicalOperators > deeplyNestedNot() PASSED
build	Build + Test	2026-10-04T13:51:40.8510968Z 
build	Build + Test	2026-10-04T13:51:40.8511331Z FilterExecutorTest > LogicalOperators > andOneFalse() PASSED
build	Build + Test	2026-10-04T13:51:40.8511867Z 
build	Build + Test	2026-10-04T13:51:40.8512223Z FilterExecutorTest > LogicalOperators > andBothTrue() PASSED
build	Build + Test	2026-10-04T13:51:40.8520978Z 
build	Build + Test	2026-10-04T13:51:40.8521266Z FilterExecutorTest > LogicalOperators > notNegatesChild() PASSED
build	Build + Test	2026-10-04T13:51:40.8521673Z 
build	Build + Test	2026-10-04T13:51:40.8521946Z FilterExecutorTest > LogicalOperators > notOnMissingFieldReturnsTrue() PASSED
build	Build + Test	2026-10-04T13:51:40.8522312Z 
build	Build + Test	2026-10-04T13:51:40.8522525Z FilterExecutorTest > LogicalOperators > nestedCompound() PASSED
build	Build + Test	2026-10-04T13:51:40.8522827Z 
build	Build + Test	2026-10-04T13:51:40.8523022Z FilterExecutorTest > LogicalOperators > orNoneTrue() PASSED
build	Build + Test	2026-10-04T13:51:40.8523308Z 
build	Build + Test	2026-10-04T13:51:40.8523620Z FilterExecutorTest > InFilter > tagsIntersectsInSet() PASSED
build	Build + Test	2026-10-04T13:51:40.8524090Z 
build	Build + Test	2026-10-04T13:51:40.8524520Z FilterExecutorTest > InFilter > missingFieldReturnsFalse() PASSED
build	Build + Test	2026-10-04T13:51:40.8525077Z 
build	Build + Test	2026-10-04T13:51:40.8525339Z FilterExecutorTest > InFilter > numericIn() PASSED
build	Build + Test	2026-10-04T13:51:40.8525768Z 
build	Build + Test	2026-10-04T13:51:40.8526065Z FilterExecutorTest > InFilter > stringIn() PASSED
build	Build + Test	2026-10-04T13:51:40.8526369Z 
build	Build + Test	2026-10-04T13:51:40.8526636Z FilterExecutorTest > NumericRangeFilter > nonNumericFieldReturnsFalse() PASSED
build	Build + Test	2026-10-04T13:51:40.8527410Z 
build	Build + Test	2026-10-04T13:51:40.8527864Z FilterExecutorTest > NumericRangeFilter > lessThanOrEqual() PASSED
build	Build + Test	2026-10-04T13:51:40.8528463Z 
build	Build + Test	2026-10-04T13:51:40.8528888Z FilterExecutorTest > NumericRangeFilter > inclusiveRange() PASSED
build	Build + Test	2026-10-04T13:51:40.8529472Z 
build	Build + Test	2026-10-04T13:51:40.8529923Z FilterExecutorTest > NumericRangeFilter > greaterThanOrEqual() PASSED
build	Build + Test	2026-10-04T13:51:40.8530544Z 
build	Build + Test	2026-10-04T13:51:40.8530970Z FilterExecutorTest > NumericRangeFilter > strictLessThan() PASSED
build	Build + Test	2026-10-04T13:51:40.8531590Z 
build	Build + Test	2026-10-04T13:51:40.8532083Z FilterExecutorTest > NumericRangeFilter > missingFieldReturnsFalse() PASSED
build	Build + Test	2026-10-04T13:51:40.8532772Z 
build	Build + Test	2026-10-04T13:51:40.8533226Z FilterExecutorTest > NumericRangeFilter > strictGreaterThan() PASSED
build	Build + Test	2026-10-04T13:51:40.8533841Z 
build	Build + Test	2026-10-04T13:51:40.8534272Z FilterExecutorTest > EqualityFilter > numericCrossTypeEquality() PASSED
build	Build + Test	2026-10-04T13:51:40.8534879Z 
build	Build + Test	2026-10-04T13:51:40.8535330Z FilterExecutorTest > EqualityFilter > typeMismatchReturnsFalse() PASSED
build	Build + Test	2026-10-04T13:51:40.8535958Z 
build	Build + Test	2026-10-04T13:51:40.8536663Z FilterExecutorTest > EqualityFilter > stringEquality() PASSED
build	Build + Test	2026-10-04T13:51:40.8537470Z 
build	Build + Test	2026-10-04T13:51:40.8537923Z FilterExecutorTest > EqualityFilter > numericEqualityDouble() PASSED
build	Build + Test	2026-10-04T13:51:40.8538542Z 
build	Build + Test	2026-10-04T13:51:40.8538981Z FilterExecutorTest > EqualityFilter > tagsEqMatchesSingleTag() PASSED
build	Build + Test	2026-10-04T13:51:40.8539573Z 
build	Build + Test	2026-10-04T13:51:40.8539946Z FilterExecutorTest > EqualityFilter > booleanEquality() PASSED
build	Build + Test	2026-10-04T13:51:40.8540485Z 
build	Build + Test	2026-10-04T13:51:40.8540922Z FilterExecutorTest > EqualityFilter > missingFieldReturnsFalse() PASSED
build	Build + Test	2026-10-04T13:51:40.8541536Z 
build	Build + Test	2026-10-04T13:51:40.8542183Z FilterExecutorTest > EqualityFilter > numericEqualityLong() PASSED
build	Build + Test	2026-10-04T13:51:40.8542784Z 
build	Build + Test	2026-10-04T13:51:40.8543143Z FilterExecutorTest > AllFilter > matchesEverything() PASSED
build	Build + Test	2026-10-04T13:51:40.8543676Z 
build	Build + Test	2026-10-04T13:51:40.8544036Z InMemoryIdMapperTest > copyOfEmptyMapperIsEmpty() PASSED
build	Build + Test	2026-10-04T13:51:40.8544570Z 
build	Build + Test	2026-10-04T13:51:40.8545014Z InMemoryIdMapperTest > copyOfProducesIndependentSuccessor() PASSED
build	Build + Test	2026-10-04T13:51:40.8545631Z 
build	Build + Test	2026-10-04T13:51:40.8545936Z InMemoryIdMapperTest > putDuplicateThrows() PASSED
build	Build + Test	2026-10-04T13:51:40.8546401Z 
build	Build + Test	2026-10-04T13:51:40.8546690Z InMemoryIdMapperTest > copyOfNullThrows() PASSED
build	Build + Test	2026-10-04T13:51:40.8547371Z 
build	Build + Test	2026-10-04T13:51:40.8547749Z InMemoryIdMapperTest > putAssignsSequentialOrdinals() PASSED
build	Build + Test	2026-10-04T13:51:40.8548289Z 
build	Build + Test	2026-10-04T13:51:40.8548807Z CompositionWrappersTest > ReplicasWrapper > resultsMatchAnySingleReplica() PASSED
build	Build + Test	2026-10-04T13:51:40.8549504Z 
build	Build + Test	2026-10-04T13:51:40.8550070Z CompositionWrappersTest > ReplicasWrapper > roundRobinDistributesAcrossReplicas() PASSED
build	Build + Test	2026-10-04T13:51:40.8550834Z 
build	Build + Test	2026-10-04T13:51:40.8551317Z CompositionWrappersTest > ReplicasWrapper > rejectsEmptyReplicaList() PASSED
build	Build + Test	2026-10-04T13:51:40.8551984Z 
build	Build + Test	2026-10-04T13:51:40.8552493Z CompositionWrappersTest > ReplicasWrapper > closePropagatesToAllReplicas() PASSED
build	Build + Test	2026-10-04T13:51:40.8553190Z 
build	Build + Test	2026-10-04T13:51:40.8553738Z CompositionWrappersTest > ShardsWrapper > topKMatchesBruteForceOverFullCorpus() PASSED
build	Build + Test	2026-10-04T13:51:40.8554508Z 
build	Build + Test	2026-10-04T13:51:40.8555017Z CompositionWrappersTest > ShardsWrapper > mapsShardLocalOrdinalsToGlobal() PASSED
build	Build + Test	2026-10-04T13:51:40.8555709Z 
build	Build + Test	2026-10-04T13:51:40.8556158Z CompositionWrappersTest > ShardsWrapper > rejectsEmptyShardList() PASSED
build	Build + Test	2026-10-04T13:51:40.8557020Z 
build	Build + Test	2026-10-04T13:51:40.8557485Z CompositionWrappersTest > ShardsWrapper > concurrentSearchIsSafe() PASSED
build	Build + Test	2026-10-04T13:51:40.8558132Z 
build	Build + Test	2026-10-04T13:51:40.8558735Z CompositionWrappersTest > ShardsWrapper > predicateIsEvaluatedAgainstGlobalOrdinals() PASSED
build	Build + Test	2026-10-04T13:51:40.8559534Z 
build	Build + Test	2026-10-04T13:51:40.8559995Z CompositionWrappersTest > RefineWrapper > closePropagatesToBase() PASSED
build	Build + Test	2026-10-04T13:51:40.8560629Z 
build	Build + Test	2026-10-04T13:51:40.8561141Z CompositionWrappersTest > RefineWrapper > emptyBuildReturnsEmptyResults() PASSED
build	Build + Test	2026-10-04T13:51:40.8561872Z 
build	Build + Test	2026-10-04T13:51:40.8562364Z CompositionWrappersTest > RefineWrapper > rejectsKFactorBelowOne() PASSED
build	Build + Test	2026-10-04T13:51:40.8563025Z 
build	Build + Test	2026-10-04T13:51:40.8563443Z CompositionWrappersTest > RefineWrapper > rejectsNullBase() PASSED
build	Build + Test	2026-10-04T13:51:40.8564024Z 
build	Build + Test	2026-10-04T13:51:40.8564681Z CompositionWrappersTest > RefineWrapper > rescoreReturnsSameTopKAsBaseWhenBaseIsBruteForce() PASSED
build	Build + Test	2026-10-04T13:51:40.8565613Z 
build	Build + Test	2026-10-04T13:51:40.8566199Z CompositionWrappersTest > RefineWrapper > scoresAreRecomputedAgainstStoredVectors() PASSED
build	Build + Test	2026-10-04T13:51:40.8567210Z 
build	Build + Test	2026-10-04T13:51:40.8567590Z CuVsResultDecoderTest > EdgeCases > singleResultRow() PASSED
build	Build + Test	2026-10-04T13:51:40.8568133Z 
build	Build + Test	2026-10-04T13:51:40.8568549Z CuVsResultDecoderTest > EdgeCases > tiesPreserveStableOutput() PASSED
build	Build + Test	2026-10-04T13:51:40.8569171Z 
build	Build + Test	2026-10-04T13:51:40.8569640Z CuVsResultDecoderTest > EdgeCases > emptyResultsReturnEmptyOutcome() PASSED
build	Build + Test	2026-10-04T13:51:40.8570293Z 
build	Build + Test	2026-10-04T13:51:40.8570892Z CuVsResultDecoderTest > DistanceNegation > maximumInnerProductIsPassedThroughAsScore() PASSED
build	Build + Test	2026-10-04T13:51:40.8571707Z 
build	Build + Test	2026-10-04T13:51:40.8572491Z CuVsResultDecoderTest > DistanceNegation > euclideanDistancesAreNegated() PASSED
build	Build + Test	2026-10-04T13:51:40.8573142Z 
build	Build + Test	2026-10-04T13:51:40.8573650Z CuVsResultDecoderTest > DistanceNegation > dotProductIsPassedThroughAsScore() PASSED
build	Build + Test	2026-10-04T13:51:40.8574346Z 
build	Build + Test	2026-10-04T13:51:40.8574826Z CuVsResultDecoderTest > DistanceNegation > cosineDistancesAreNegated() PASSED
build	Build + Test	2026-10-04T13:51:40.9491045Z 
build	Build + Test	2026-10-04T13:51:40.9492047Z HnswIndexAdapterTest > ThreadSafety > concurrentSearchesProduceConsistentResults() PASSED
build	Build + Test	2026-10-04T13:51:40.9492684Z 
build	Build + Test	2026-10-04T13:51:40.9492968Z HnswIndexAdapterTest > CloseSemantics > closeIsNoOp() PASSED
build	Build + Test	2026-10-04T13:51:40.9493638Z 
build	Build + Test	2026-10-04T13:51:40.9493972Z HnswIndexAdapterTest > Accessors > graphAccessorReturnsNullBeforeBuild() PASSED
build	Build + Test	2026-10-04T13:51:40.9494417Z 
build	Build + Test	2026-10-04T13:51:40.9494707Z HnswIndexAdapterTest > Accessors > buildParametersArePreserved() PASSED
build	Build + Test	2026-10-04T13:51:40.9495104Z 
build	Build + Test	2026-10-04T13:51:40.9495442Z HnswIndexAdapterTest > Accessors > graphAccessorReturnsCurrentGraphAfterBuild() PASSED
build	Build + Test	2026-10-04T13:51:40.9495917Z 
build	Build + Test	2026-10-04T13:51:40.9496194Z HnswIndexAdapterTest > InputValidation > buildNullMetricThrows() PASSED
build	Build + Test	2026-10-04T13:51:40.9496579Z 
build	Build + Test	2026-10-04T13:51:40.9497100Z HnswIndexAdapterTest > InputValidation > searchWrongDimensionQueryThrows() PASSED
build	Build + Test	2026-10-04T13:51:40.9497541Z 
build	Build + Test	2026-10-04T13:51:40.9497852Z HnswIndexAdapterTest > InputValidation > searchNullQueryThrows() PASSED
build	Build + Test	2026-10-04T13:51:40.9498233Z 
build	Build + Test	2026-10-04T13:51:40.9498505Z HnswIndexAdapterTest > InputValidation > buildNullVectorsThrows() PASSED
build	Build + Test	2026-10-04T13:51:40.9498888Z 
build	Build + Test	2026-10-04T13:51:40.9499184Z HnswIndexAdapterTest > InputValidation > searchNonPositiveKRejected() PASSED
build	Build + Test	2026-10-04T13:51:40.9499600Z 
build	Build + Test	2026-10-04T13:51:40.9499879Z HnswIndexAdapterTest > EmptyState > buildWithEmptyArraySizeIsZero() PASSED
build	Build + Test	2026-10-04T13:51:40.9500274Z 
build	Build + Test	2026-10-04T13:51:40.9500629Z HnswIndexAdapterTest > EmptyState > searchOnNeverBuiltAdapterReturnsEmptyOutcome() PASSED
build	Build + Test	2026-10-04T13:51:40.9501123Z 
build	Build + Test	2026-10-04T13:51:40.9501456Z HnswIndexAdapterTest > EmptyState > searchOnEmptyAdapterReturnsEmptyOutcome() PASSED
build	Build + Test	2026-10-04T13:51:40.9501904Z 
build	Build + Test	2026-10-04T13:51:40.9502163Z HnswIndexAdapterTest > EmptyState > freshAdapterHasZeroSize() PASSED
build	Build + Test	2026-10-04T13:51:40.9502541Z 
build	Build + Test	2026-10-04T13:51:40.9502905Z HnswIndexAdapterTest > BuildAndSearch > searchHonorsSearchListSizeAsEfSearchFloor() PASSED
build	Build + Test	2026-10-04T13:51:40.9503386Z 
build	Build + Test	2026-10-04T13:51:40.9503724Z HnswIndexAdapterTest > BuildAndSearch > searchWorksAcrossAllSimilarityFunctions() PASSED
build	Build + Test	2026-10-04T13:51:40.9504141Z 
build	Build + Test	2026-10-04T13:51:40.9504452Z HnswIndexAdapterTest > BuildAndSearch > buildAndSearchReturnsAccurateNeighbors() PASSED
build	Build + Test	2026-10-04T13:51:41.0491357Z 
build	Build + Test	2026-10-04T13:51:41.0492494Z HnswIndexAdapterTest > BuildAndSearch > rebuildOverwritesPreviousGraph() PASSED
build	Build + Test	2026-10-04T13:51:41.0493306Z 
build	Build + Test	2026-10-04T13:51:41.0493976Z HnswIndexAdapterTest > Construction > efConstructionEqualToMaxConnectionsAccepted() PASSED
build	Build + Test	2026-10-04T13:51:41.0494821Z 
build	Build + Test	2026-10-04T13:51:41.0495394Z HnswIndexAdapterTest > Construction > nonPositiveMaxConnectionsRejected() PASSED
build	Build + Test	2026-10-04T13:51:41.0496155Z 
build	Build + Test	2026-10-04T13:51:41.0496951Z HnswIndexAdapterTest > Construction > efConstructionBelowMaxConnectionsRejected() PASSED
build	Build + Test	2026-10-04T13:51:41.0497786Z 
build	Build + Test	2026-10-04T13:51:41.0498166Z IndexSpiSearchBatchTest > rejectsEmptyQueryArray() PASSED
build	Build + Test	2026-10-04T13:51:41.0498730Z 
build	Build + Test	2026-10-04T13:51:41.0499211Z IndexSpiSearchBatchTest > singleQueryBatchMatchesScalarSearch() PASSED
build	Build + Test	2026-10-04T13:51:41.0499895Z 
build	Build + Test	2026-10-04T13:51:41.0500357Z IndexSpiSearchBatchTest > rejectsDimensionMismatchInAnyQuery() PASSED
build	Build + Test	2026-10-04T13:51:41.0501031Z 
build	Build + Test	2026-10-04T13:51:41.0501575Z IndexSpiSearchBatchTest > emptyIndexReturnsEmptyOutcomesForEachQuery() PASSED
build	Build + Test	2026-10-04T13:51:41.0502319Z 
build	Build + Test	2026-10-04T13:51:41.0502806Z IndexSpiSearchBatchTest > flatScanBatchEqualsSequentialSearch() PASSED
build	Build + Test	2026-10-04T13:51:41.0503473Z 
build	Build + Test	2026-10-04T13:51:41.0504058Z IndexSpiSearchBatchTest > flatScanBatchEqualsSequentialSearchAcrossMetrics() PASSED
build	Build + Test	2026-10-04T13:51:41.0505280Z 
build	Build + Test	2026-10-04T13:51:41.0505765Z IndexSpiSearchBatchTest > defaultFanOutEqualsSequentialSearch() PASSED
build	Build + Test	2026-10-04T13:51:44.2491105Z 
build	Build + Test	2026-10-04T13:51:44.2492184Z IvfPersistentOverQueryRecallTest > persistentPqOverQueryMeaningfullyImprovesRecall() PASSED
build	Build + Test	2026-10-04T13:51:45.6491621Z 
build	Build + Test	2026-10-04T13:51:45.6492774Z IvfPersistentOverQueryRecallTest > persistentFlatOverQueryImprovesRecall() PASSED
build	Build + Test	2026-10-04T13:51:51.9491410Z 
build	Build + Test	2026-10-04T13:51:51.9492437Z IvfPersistentOverQueryRecallTest > persistentFlatMatchesInMemoryAcrossOverQuery() PASSED
build	Build + Test	2026-10-04T13:52:02.4538886Z 
build	Build + Test	2026-10-04T13:52:02.4578110Z IvfPersistentOverQueryRecallTest > persistentPqMatchesInMemoryAcrossOverQuery() PASSED
build	Build + Test	2026-10-04T13:52:02.4600373Z 
build	Build + Test	2026-10-04T13:52:02.4627758Z MappedFlatScanAdapterTest > CloseSemantics > closeIsNoOpArenaOwnsLifetime(Path) PASSED
build	Build + Test	2026-10-04T13:52:02.6497525Z 
build	Build + Test	2026-10-04T13:52:02.6517947Z MappedFlatScanAdapterTest > ThreadSafety > concurrentSearchesAgreeWithReference(Path) PASSED
build	Build + Test	2026-10-04T13:52:02.6537450Z 
build	Build + Test	2026-10-04T13:52:02.6538271Z MappedFlatScanAdapterTest > InputValidation > nonPositiveKRejected(Path) PASSED
build	Build + Test	2026-10-04T13:52:02.6539003Z 
build	Build + Test	2026-10-04T13:52:02.6539474Z MappedFlatScanAdapterTest > InputValidation > nullQueryThrows(Path) PASSED
build	Build + Test	2026-10-04T13:52:02.6540132Z 
build	Build + Test	2026-10-04T13:52:02.6540665Z MappedFlatScanAdapterTest > InputValidation > wrongDimensionQueryThrows(Path) PASSED
build	Build + Test	2026-10-04T13:52:02.6541376Z 
build	Build + Test	2026-10-04T13:52:02.6541949Z MappedFlatScanAdapterTest > TopKEdgeCases > kEqualsOne(Path) PASSED
build	Build + Test	2026-10-04T13:52:02.6542529Z 
build	Build + Test	2026-10-04T13:52:02.6542950Z MappedFlatScanAdapterTest > TopKEdgeCases > kEqualsSize(Path) PASSED
build	Build + Test	2026-10-04T13:52:02.6543553Z 
build	Build + Test	2026-10-04T13:52:02.6544092Z MappedFlatScanAdapterTest > TopKEdgeCases > emptyStoreReturnsEmptyOutcome(Path) PASSED
build	Build + Test	2026-10-04T13:52:02.6544812Z 
build	Build + Test	2026-10-04T13:52:02.6545341Z MappedFlatScanAdapterTest > TopKEdgeCases > kLargerThanSizeClampsToSize(Path) PASSED
build	Build + Test	2026-10-04T13:52:02.7493277Z 
build	Build + Test	2026-10-04T13:52:02.7495465Z MappedFlatScanAdapterTest > ThousandVectorAgreement > oneThousandVectorsDim16(Path) PASSED
build	Build + Test	2026-10-04T13:52:02.7499037Z 
build	Build + Test	2026-10-04T13:52:02.7499849Z MappedFlatScanAdapterTest > ThousandVectorAgreement > oneThousandVectorsDim64(Path) PASSED
build	Build + Test	2026-10-04T13:52:02.7500821Z 
build	Build + Test	2026-10-04T13:52:02.7501569Z MappedFlatScanAdapterTest > ThousandVectorAgreement > oneThousandVectorsMaximumInnerProductDim128(Path) PASSED
build	Build + Test	2026-10-04T13:52:02.7506211Z 
build	Build + Test	2026-10-04T13:52:02.7507158Z MappedFlatScanAdapterTest > ThousandVectorAgreement > oneThousandVectorsVeryPaddedDim7(Path) PASSED
build	Build + Test	2026-10-04T13:52:02.7508017Z 
build	Build + Test	2026-10-04T13:52:02.7508563Z MappedFlatScanAdapterTest > ThousandVectorAgreement > topOneAt1000Vectors(Path) PASSED
build	Build + Test	2026-10-04T13:52:02.7509301Z 
build	Build + Test	2026-10-04T13:52:02.7509917Z MappedFlatScanAdapterTest > ThousandVectorAgreement > oneThousandVectorsCosineDim128(Path) PASSED
build	Build + Test	2026-10-04T13:52:02.7510708Z 
build	Build + Test	2026-10-04T13:52:02.7511262Z MappedFlatScanAdapterTest > ThousandVectorAgreement > oneThousandVectorsDim128(Path) PASSED
build	Build + Test	2026-10-04T13:52:02.7512013Z 
build	Build + Test	2026-10-04T13:52:02.7512609Z MappedFlatScanAdapterTest > ThousandVectorAgreement > oneThousandVectorsPaddedDim100(Path) PASSED
build	Build + Test	2026-10-04T13:52:02.7513360Z 
build	Build + Test	2026-10-04T13:52:02.7514019Z MappedFlatScanAdapterTest > ThousandVectorAgreement > oneThousandVectorsDotProductDim128(Path) PASSED
build	Build + Test	2026-10-04T13:52:02.7514870Z 
build	Build + Test	2026-10-04T13:52:02.7515381Z MappedFlatScanAdapterTest > BitEquivalenceWithFlatScan > cosineSmallDim(Path) PASSED
build	Build + Test	2026-10-04T13:52:02.7516088Z 
build	Build + Test	2026-10-04T13:52:02.7516637Z MappedFlatScanAdapterTest > BitEquivalenceWithFlatScan > dotProductSmallDim(Path) PASSED
build	Build + Test	2026-10-04T13:52:02.7517587Z 
build	Build + Test	2026-10-04T13:52:02.7518119Z MappedFlatScanAdapterTest > BitEquivalenceWithFlatScan > euclideanSmallDim(Path) PASSED
build	Build + Test	2026-10-04T13:52:02.7518826Z 
build	Build + Test	2026-10-04T13:52:02.7519440Z MappedFlatScanAdapterTest > BitEquivalenceWithFlatScan > maximumInnerProductSmallDim(Path) PASSED
build	Build + Test	2026-10-04T13:52:02.8518497Z 
build	Build + Test	2026-10-04T13:52:02.8547984Z MappedFlatScanAdapterTest > BitEquivalenceWithFlatScan > euclideanMediumDim(Path) PASSED
build	Build + Test	2026-10-04T13:52:02.8549526Z 
build	Build + Test	2026-10-04T13:52:02.8575757Z MappedFlatScanAdapterTest > BitEquivalenceWithFlatScan > veryPaddedDimension(Path) PASSED
build	Build + Test	2026-10-04T13:52:02.8606995Z 
build	Build + Test	2026-10-04T13:52:02.8617738Z MappedFlatScanAdapterTest > BitEquivalenceWithFlatScan > maximumInnerProductMediumDim(Path) PASSED
build	Build + Test	2026-10-04T13:52:02.8618569Z 
build	Build + Test	2026-10-04T13:52:02.8619114Z MappedFlatScanAdapterTest > BitEquivalenceWithFlatScan > cosineMediumDim(Path) PASSED
build	Build + Test	2026-10-04T13:52:02.8619842Z 
build	Build + Test	2026-10-04T13:52:02.8620380Z MappedFlatScanAdapterTest > BitEquivalenceWithFlatScan > paddedDimension(Path) PASSED
build	Build + Test	2026-10-04T13:52:02.8621452Z 
build	Build + Test	2026-10-04T13:52:02.8622017Z MappedFlatScanAdapterTest > BitEquivalenceWithFlatScan > dotProductMediumDim(Path) PASSED
build	Build + Test	2026-10-04T13:52:02.8622766Z 
build	Build + Test	2026-10-04T13:52:02.8623216Z MappedFlatScanAdapterTest > Construction > nullStoreThrows(Path) PASSED
build	Build + Test	2026-10-04T13:52:02.8623834Z 
build	Build + Test	2026-10-04T13:52:02.8624355Z MappedFlatScanAdapterTest > Construction > buildMethodThrowsUnsupported(Path) PASSED
build	Build + Test	2026-10-04T13:52:02.8625133Z 
build	Build + Test	2026-10-04T13:52:02.8625577Z MappedFlatScanAdapterTest > Construction > nullMetricThrows(Path) PASSED
build	Build + Test	2026-10-04T13:52:02.8626197Z 
build	Build + Test	2026-10-04T13:52:02.8626743Z MappedFlatScanAdapterTest > Construction > sizeReportsStoreSize(Path) PASSED
build	Build + Test	2026-10-04T13:52:02.8628387Z 
build	Build + Test	2026-10-04T13:52:02.8629123Z ParallelFlatScanTest > queryBudgetRemembersRecentContentionAndRecoversWithoutSleeping() PASSED
build	Build + Test	2026-10-04T13:52:02.9491519Z 
build	Build + Test	2026-10-04T13:52:02.9508589Z ParallelFlatScanTest > largeSearchPreservesTieOrderAndConcurrentQueryIsolation() PASSED
build	Build + Test	2026-10-04T13:52:02.9547423Z 
build	Build + Test	2026-10-04T13:52:02.9548504Z ParallelFlatScanTest > competingQueriesDoNotAllocateAnotherFullScoreBuffer() PASSED
build	Build + Test	2026-10-04T13:52:02.9549502Z 
build	Build + Test	2026-10-04T13:52:02.9550464Z ParallelFlatScanTest > collectionBatchContextKeepsSerialScansAndRestoresBudgetAfterFailure() PASSED
build	Build + Test	2026-10-04T13:52:02.9551512Z 
build	Build + Test	2026-10-04T13:52:02.9552211Z ParallelFlatScanTest > parallelScoresPreserveOrdinalOrderMetricsAndMutations() PASSED
build	Build + Test	2026-10-04T13:52:03.0490912Z 
build	Build + Test	2026-10-04T13:52:03.0492611Z PreparedFlatScanTest > batchRecomputesNormsAfterStoredRowsAndQueriesChange() PASSED
build	Build + Test	2026-10-04T13:52:03.0493632Z 
build	Build + Test	2026-10-04T13:52:03.0494507Z PreparedFlatScanTest > singleAndBatchPreserveScoresAndTiesAndRecomputeAfterQueryMutation() PASSED
build	Build + Test	2026-10-04T13:52:03.1491059Z 
build	Build + Test	2026-10-04T13:52:03.1492394Z VamanaIndexAdapterTest > ThreadSafety > concurrentSearchesProduceConsistentResults() PASSED
build	Build + Test	2026-10-04T13:52:03.1493335Z 
build	Build + Test	2026-10-04T13:52:03.1493687Z VamanaIndexAdapterTest > CloseSemantics > closeIsNoOp() PASSED
build	Build + Test	2026-10-04T13:52:03.1494112Z 
build	Build + Test	2026-10-04T13:52:03.1494542Z VamanaIndexAdapterTest > Accessors > graphAccessorReturnsNullBeforeBuild() PASSED
build	Build + Test	2026-10-04T13:52:03.1495083Z 
build	Build + Test	2026-10-04T13:52:03.1495433Z VamanaIndexAdapterTest > Accessors > buildParametersArePreserved() PASSED
build	Build + Test	2026-10-04T13:52:03.1495911Z 
build	Build + Test	2026-10-04T13:52:03.1496320Z VamanaIndexAdapterTest > Accessors > graphAccessorReturnsCurrentGraphAfterBuild() PASSED
build	Build + Test	2026-10-04T13:52:03.1497206Z 
build	Build + Test	2026-10-04T13:52:03.1497569Z VamanaIndexAdapterTest > InputValidation > buildNullMetricThrows() PASSED
build	Build + Test	2026-10-04T13:52:03.1498134Z 
build	Build + Test	2026-10-04T13:52:03.1498515Z VamanaIndexAdapterTest > InputValidation > searchWrongDimensionQueryThrows() PASSED
build	Build + Test	2026-10-04T13:52:03.1498998Z 
build	Build + Test	2026-10-04T13:52:03.1499306Z VamanaIndexAdapterTest > InputValidation > searchNullQueryThrows() PASSED
build	Build + Test	2026-10-04T13:52:03.1499737Z 
build	Build + Test	2026-10-04T13:52:03.1500041Z VamanaIndexAdapterTest > InputValidation > buildNullVectorsThrows() PASSED
build	Build + Test	2026-10-04T13:52:03.1500469Z 
build	Build + Test	2026-10-04T13:52:03.1500794Z VamanaIndexAdapterTest > InputValidation > searchNonPositiveKRejected() PASSED
build	Build + Test	2026-10-04T13:52:03.1501256Z 
build	Build + Test	2026-10-04T13:52:03.1501569Z VamanaIndexAdapterTest > EmptyState > buildWithEmptyArraySizeIsZero() PASSED
build	Build + Test	2026-10-04T13:52:03.1502006Z 
build	Build + Test	2026-10-04T13:52:03.1502400Z VamanaIndexAdapterTest > EmptyState > searchOnNeverBuiltAdapterReturnsEmptyOutcome() PASSED
build	Build + Test	2026-10-04T13:52:03.1502927Z 
build	Build + Test	2026-10-04T13:52:03.1503299Z VamanaIndexAdapterTest > EmptyState > searchOnEmptyAdapterReturnsEmptyOutcome() PASSED
build	Build + Test	2026-10-04T13:52:03.1504044Z 
build	Build + Test	2026-10-04T13:52:03.1504335Z VamanaIndexAdapterTest > EmptyState > freshAdapterHasZeroSize() PASSED
build	Build + Test	2026-10-04T13:52:03.1504746Z 
build	Build + Test	2026-10-04T13:52:03.1505106Z VamanaIndexAdapterTest > BuildAndSearch > searchHonorsSearchListSizeAsLFloor() PASSED
build	Build + Test	2026-10-04T13:52:03.3491041Z 
build	Build + Test	2026-10-04T13:52:03.3492101Z VamanaIndexAdapterTest > BuildAndSearch > searchWorksAcrossAllSimilarityFunctions() PASSED
build	Build + Test	2026-10-04T13:52:03.4527769Z 
build	Build + Test	2026-10-04T13:52:03.4558197Z VamanaIndexAdapterTest > BuildAndSearch > buildAndSearchReturnsAccurateNeighbors() PASSED
build	Build + Test	2026-10-04T13:52:03.4559944Z 
build	Build + Test	2026-10-04T13:52:03.4569799Z VamanaIndexAdapterTest > BuildAndSearch > rebuildOverwritesPreviousGraph() PASSED
build	Build + Test	2026-10-04T13:52:03.4570430Z 
build	Build + Test	2026-10-04T13:52:03.4570996Z VamanaIndexAdapterTest > Construction > searchListSizeBelowMaxDegreeRejected() PASSED
build	Build + Test	2026-10-04T13:52:03.4571952Z 
build	Build + Test	2026-10-04T13:52:03.4572495Z VamanaIndexAdapterTest > Construction > searchListSizeEqualToMaxDegreeAccepted() PASSED
build	Build + Test	2026-10-04T13:52:03.4573320Z 
build	Build + Test	2026-10-04T13:52:03.4573852Z VamanaIndexAdapterTest > Construction > alphaBelowOneRejected() PASSED
build	Build + Test	2026-10-04T13:52:03.4574531Z 
build	Build + Test	2026-10-04T13:52:03.4575113Z VamanaIndexAdapterTest > Construction > nonPositiveMaxDegreeRejected() PASSED
build	Build + Test	2026-10-04T13:52:03.4575866Z 
build	Build + Test	2026-10-04T13:52:03.4576300Z ChunkedListTest > chunkBoundaryAppendOnFullTail() PASSED
build	Build + Test	2026-10-04T13:52:03.4577078Z 
build	Build + Test	2026-10-04T13:52:03.4577474Z ChunkedListTest > getOutOfBoundsThrows() PASSED
build	Build + Test	2026-10-04T13:52:03.4578028Z 
build	Build + Test	2026-10-04T13:52:03.4578725Z ChunkedListTest > toBuilderProducesStructuralSharingAndBuilderDoesNotMutateSource() PASSED
build	Build + Test	2026-10-04T13:52:03.4579625Z 
build	Build + Test	2026-10-04T13:52:03.4580037Z ChunkedListTest > appendDoesNotMutateSource() PASSED
build	Build + Test	2026-10-04T13:52:03.4580601Z 
build	Build + Test	2026-10-04T13:52:03.4581103Z ChunkedListTest > setReplacesAtIndexWithoutMutatingSource() PASSED
build	Build + Test	2026-10-04T13:52:03.4581765Z 
build	Build + Test	2026-10-04T13:52:03.4582151Z ChunkedListTest > singleAppendRoundTrip() PASSED
build	Build + Test	2026-10-04T13:52:03.4582701Z 
build	Build + Test	2026-10-04T13:52:03.4583105Z ChunkedListTest > crossesChunkBoundaryCleanly() PASSED
build	Build + Test	2026-10-04T13:52:03.4583674Z 
build	Build + Test	2026-10-04T13:52:03.4584059Z ChunkedListTest > nullValuesArePermitted() PASSED
build	Build + Test	2026-10-04T13:52:03.4584636Z 
build	Build + Test	2026-10-04T13:52:03.4585067Z ChunkedListTest > crossesMultipleChunkBoundaries() PASSED
build	Build + Test	2026-10-04T13:52:03.4585660Z 
build	Build + Test	2026-10-04T13:52:03.4585998Z ChunkedListTest > emptyIsEmpty() PASSED
build	Build + Test	2026-10-04T13:52:03.4586499Z 
build	Build + Test	2026-10-04T13:52:03.4587002Z HamtTest > removeFromEmpty() PASSED
build	Build + Test	2026-10-04T13:52:03.4587487Z 
build	Build + Test	2026-10-04T13:52:03.4587824Z HamtTest > removeUnknownKey() PASSED
build	Build + Test	2026-10-04T13:52:03.4588318Z 
build	Build + Test	2026-10-04T13:52:03.4588693Z HamtTest > deepestTreeViaPowersOfTwo() PASSED
build	Build + Test	2026-10-04T13:52:03.4589223Z 
build	Build + Test	2026-10-04T13:52:03.4589666Z HamtTest > putReturnsNewInstanceWhenValueChanges() PASSED
build	Build + Test	2026-10-04T13:52:03.4590278Z 
build	Build + Test	2026-10-04T13:52:03.4590634Z HamtTest > lookupNullAmongManyKeys() PASSED
build	Build + Test	2026-10-04T13:52:03.5497595Z 
build	Build + Test	2026-10-04T13:52:03.5498616Z HamtTest > randomized5000() PASSED
build	Build + Test	2026-10-04T13:52:03.6490968Z 
build	Build + Test	2026-10-04T13:52:03.6494318Z HamtTest > randomized5000WithWeakHash() PASSED
build	Build + Test	2026-10-04T13:52:03.6494987Z 
build	Build + Test	2026-10-04T13:52:03.6495338Z HamtTest > singleEntryRoundTrip() PASSED
build	Build + Test	2026-10-04T13:52:03.6495866Z 
build	Build + Test	2026-10-04T13:52:03.6496228Z HamtTest > expandsToArrayAndPacksBack() PASSED
build	Build + Test	2026-10-04T13:52:03.6497041Z 
build	Build + Test	2026-10-04T13:52:03.6497574Z HamtTest > samePutReturnsSelfWhenValueUnchanged() PASSED
build	Build + Test	2026-10-04T13:52:03.6498197Z 
build	Build + Test	2026-10-04T13:52:03.6498637Z HamtTest > hashCollisionRemoveLeavesOtherEntries() PASSED
build	Build + Test	2026-10-04T13:52:03.6499260Z 
build	Build + Test	2026-10-04T13:52:03.6499625Z HamtTest > putReplacesExistingKey() PASSED
build	Build + Test	2026-10-04T13:52:03.6500135Z 
build	Build + Test	2026-10-04T13:52:03.6500518Z HamtTest > hashCollisionSpawnsLeafList() PASSED
build	Build + Test	2026-10-04T13:52:03.6501091Z 
build	Build + Test	2026-10-04T13:52:03.6501456Z HamtTest > nullKeyAndValueArePermitted() PASSED
build	Build + Test	2026-10-04T13:52:03.6502007Z 
build	Build + Test	2026-10-04T13:52:03.6502325Z HamtTest > emptyIsEmpty() PASSED
build	Build + Test	2026-10-04T13:52:03.6503147Z 
build	Build + Test	2026-10-04T13:52:03.6503619Z StagingBufferTest > pendingTombstonesIsUnmodifiable() PASSED
build	Build + Test	2026-10-04T13:52:03.6504259Z 
build	Build + Test	2026-10-04T13:52:03.6504661Z StagingBufferTest > removeDocumentNullThrows() PASSED
build	Build + Test	2026-10-04T13:52:03.6505242Z 
build	Build + Test	2026-10-04T13:52:03.6505728Z StagingBufferTest > removeDocumentReturnsTrueAndRemoves() PASSED
build	Build + Test	2026-10-04T13:52:03.6506385Z 
build	Build + Test	2026-10-04T13:52:03.6507052Z StagingBufferTest > stageDeleteDuplicateReturnsFalse() PASSED
build	Build + Test	2026-10-04T13:52:03.6507709Z 
build	Build + Test	2026-10-04T13:52:03.6508109Z StagingBufferTest > clearWipesDocumentsAndIds() PASSED
build	Build + Test	2026-10-04T13:52:03.6508682Z 
build	Build + Test	2026-10-04T13:52:03.6509055Z StagingBufferTest > hasWorkFalseWhenEmpty() PASSED
build	Build + Test	2026-10-04T13:52:03.6511004Z 
build	Build + Test	2026-10-04T13:52:03.6511573Z StagingBufferTest > removeDocumentReturnsFalseForUnknownId() PASSED
build	Build + Test	2026-10-04T13:52:03.6512313Z 
build	Build + Test	2026-10-04T13:52:03.6512870Z StagingBufferTest > appendDuplicateReturnsFalseAndDoesNotMutate() PASSED
build	Build + Test	2026-10-04T13:52:03.6513613Z 
build	Build + Test	2026-10-04T13:52:03.6514076Z StagingBufferTest > hasWorkTrueWithPendingTombstones() PASSED
build	Build + Test	2026-10-04T13:52:03.6514769Z 
build	Build + Test	2026-10-04T13:52:03.6515149Z StagingBufferTest > appendNullThrows() PASSED
build	Build + Test	2026-10-04T13:52:03.6515711Z 
build	Build + Test	2026-10-04T13:52:03.6516224Z StagingBufferTest > clearWipesPendingTombstones() PASSED
build	Build + Test	2026-10-04T13:52:03.6517051Z 
build	Build + Test	2026-10-04T13:52:03.6517517Z StagingBufferTest > appendTracksSizeAndOrder() PASSED
build	Build + Test	2026-10-04T13:52:03.6518011Z 
build	Build + Test	2026-10-04T13:52:03.6518297Z StagingBufferTest > stageDeleteTracksIds() PASSED
build	Build + Test	2026-10-04T13:52:03.6518609Z 
build	Build + Test	2026-10-04T13:52:03.6518791Z StagingBufferTest > stageDeleteNullThrows() PASSED
build	Build + Test	2026-10-04T13:52:03.6519063Z 
build	Build + Test	2026-10-04T13:52:03.6519250Z StagingBufferTest > emptyBufferReportsZero() PASSED
build	Build + Test	2026-10-04T13:52:03.6519510Z 
build	Build + Test	2026-10-04T13:52:03.6519709Z StagingBufferTest > hasWorkTrueWithStagedDocuments() PASSED
build	Build + Test	2026-10-04T13:52:03.6519997Z 
build	Build + Test	2026-10-04T13:52:03.6520203Z InMemoryMetadataStoreTest > copyOfEmptyStoreIsEmpty() PASSED
build	Build + Test	2026-10-04T13:52:03.6520502Z 
build	Build + Test	2026-10-04T13:52:03.6520757Z InMemoryMetadataStoreTest > copyOfProducesIndependentSuccessor() PASSED
build	Build + Test	2026-10-04T13:52:03.6521109Z 
build	Build + Test	2026-10-04T13:52:03.6521290Z InMemoryMetadataStoreTest > putAndGetRoundTrip() PASSED
build	Build + Test	2026-10-04T13:52:03.6521578Z 
build	Build + Test	2026-10-04T13:52:03.6521759Z InMemoryMetadataStoreTest > copyOfNullThrows() PASSED
build	Build + Test	2026-10-04T13:52:03.6522026Z 
build	Build + Test	2026-10-04T13:52:03.6522167Z ChecksumsTest > bytesMatchJdkCrc32() PASSED
build	Build + Test	2026-10-04T13:52:03.6522407Z 
build	Build + Test	2026-10-04T13:52:03.6522559Z ChecksumsTest > bufferMatchesJdkCrc32() PASSED
build	Build + Test	2026-10-04T13:52:03.6522800Z 
build	Build + Test	2026-10-04T13:52:03.6522970Z ChecksumsTest > emptyByteArrayHasKnownCrc32() PASSED
build	Build + Test	2026-10-04T13:52:03.6523231Z 
build	Build + Test	2026-10-04T13:52:03.6523508Z ChecksumsTest > ofFileEmptyFileReportsZeroLengthAndZeroCrc(Path) PASSED
build	Build + Test	2026-10-04T13:52:03.6523852Z 
build	Build + Test	2026-10-04T13:52:03.6524021Z ChecksumsTest > segmentSliceMatchesJdkCrc32() PASSED
build	Build + Test	2026-10-04T13:52:03.6524296Z 
build	Build + Test	2026-10-04T13:52:03.6524458Z ChecksumsTest > segmentMatchesJdkCrc32() PASSED
build	Build + Test	2026-10-04T13:52:03.6524705Z 
build	Build + Test	2026-10-04T13:52:03.6524850Z ChecksumsTest > sliceMatchesJdkCrc32() PASSED
build	Build + Test	2026-10-04T13:52:03.6525092Z 
build	Build + Test	2026-10-04T13:52:03.6525360Z ChecksumsTest > ofFileReportsLengthExactlyMatchingBytesHashed(Path) PASSED
build	Build + Test	2026-10-04T13:52:03.6525733Z 
build	Build + Test	2026-10-04T13:52:03.6525893Z ChecksumsTest > fileMatchesByteArray(Path) PASSED
build	Build + Test	2026-10-04T13:52:03.7491067Z 
build	Build + Test	2026-10-04T13:52:03.7491781Z ChunkedGraphBlobTest > returnsNullWhenAbsent() PASSED
build	Build + Test	2026-10-04T13:52:04.5491408Z 
build	Build + Test	2026-10-04T13:52:04.5492108Z ChunkedGraphBlobTest > readsLegacySingleObjectGraphBin() PASSED
build	Build + Test	2026-10-04T13:52:05.4498733Z 
build	Build + Test	2026-10-04T13:52:05.4518355Z ChunkedGraphBlobTest > roundTripsThroughManyChunks() PASSED
build	Build + Test	2026-10-04T13:52:05.4527429Z 
build	Build + Test	2026-10-04T13:52:05.4528107Z CoLocatedBlockCodecTest > rejectsBadMagic() PASSED
build	Build + Test	2026-10-04T13:52:05.4528802Z 
build	Build + Test	2026-10-04T13:52:05.4529579Z CoLocatedBlockCodecTest > roundTripsAdjacencyAndCoLocatedCodes() PASSED
build	Build + Test	2026-10-04T13:52:05.4530373Z 
build	Build + Test	2026-10-04T13:52:05.4530945Z CoLocatedBlockCodecTest > blockOffsetIsFixedStrideArithmetic() PASSED
build	Build + Test	2026-10-04T13:52:05.4531664Z 
build	Build + Test	2026-10-04T13:52:05.4532577Z Crc32CombineTest > combineHandlesEdgeLengths() PASSED
build	Build + Test	2026-10-04T13:52:05.4533223Z 
build	Build + Test	2026-10-04T13:52:05.4533763Z Crc32CombineTest > combineIsAssociativeAcrossManyAppends() PASSED
build	Build + Test	2026-10-04T13:52:05.5491113Z 
build	Build + Test	2026-10-04T13:52:05.5492439Z Crc32CombineTest > combineMatchesTheReferenceOverRandomSplits() PASSED
build	Build + Test	2026-10-04T13:52:05.5496184Z 
build	Build + Test	2026-10-04T13:52:05.5497940Z Crc32CombineTest > anEmptyTailReturnsTheFirstCrc() PASSED
build	Build + Test	2026-10-04T13:52:05.5498869Z 
build	Build + Test	2026-10-04T13:52:05.5499460Z Crc32CombineTest > aNegativeLengthIsRejected() PASSED
build	Build + Test	2026-10-04T13:52:05.5500236Z 
build	Build + Test	2026-10-04T13:52:05.5500872Z FileFormatTest > Varint > truncatedVarintInBufferThrows() PASSED
build	Build + Test	2026-10-04T13:52:05.5505149Z 
build	Build + Test	2026-10-04T13:52:05.5506019Z FileFormatTest > Varint > memorySegmentReadRoundTrip() PASSED
build	Build + Test	2026-10-04T13:52:05.5509494Z 
build	Build + Test	2026-10-04T13:52:05.5510066Z FileFormatTest > Varint > singleByteValues() PASSED
build	Build + Test	2026-10-04T13:52:05.5514006Z 
build	Build + Test	2026-10-04T13:52:05.5514571Z FileFormatTest > Varint > twoByteValues() PASSED
build	Build + Test	2026-10-04T13:52:05.5515332Z 
build	Build + Test	2026-10-04T13:52:05.5515980Z FileFormatTest > Varint > segmentVarintOutOfBoundsThrows() PASSED
build	Build + Test	2026-10-04T13:52:05.5517084Z 
build	Build + Test	2026-10-04T13:52:05.5517781Z FileFormatTest > Varint > moreThanFiveContinuationBytesThrows() PASSED
build	Build + Test	2026-10-04T13:52:05.5518693Z 
build	Build + Test	2026-10-04T13:52:05.5522557Z FileFormatTest > Varint > negativeValuesRejected() PASSED
build	Build + Test	2026-10-04T13:52:05.5539785Z 
build	Build + Test	2026-10-04T13:52:05.5540422Z FileFormatTest > Varint > randomRoundTrip() PASSED
build	Build + Test	2026-10-04T13:52:05.5541171Z 
build	Build + Test	2026-10-04T13:52:05.5541664Z FileFormatTest > Varint > multiByteValues() PASSED
build	Build + Test	2026-10-04T13:52:05.5542112Z 
build	Build + Test	2026-10-04T13:52:05.5542682Z FileFormatTest > GenerationDirNames > formatsZeroPaddedTmpDir() PASSED
build	Build + Test	2026-10-04T13:52:05.5543498Z 
build	Build + Test	2026-10-04T13:52:05.5543935Z FileFormatTest > GenerationDirNames > formatsZeroPaddedGenerationDir() PASSED
build	Build + Test	2026-10-04T13:52:05.5544527Z 
build	Build + Test	2026-10-04T13:52:05.5545216Z FileFormatTest > GenerationDirNames > negativeGenerationNumberThrows() PASSED
build	Build + Test	2026-10-04T13:52:05.5546138Z 
build	Build + Test	2026-10-04T13:52:05.5546547Z FileFormatTest > GenerationDirNames > parseRejectsInvalidNames() PASSED
build	Build + Test	2026-10-04T13:52:05.5547755Z 
build	Build + Test	2026-10-04T13:52:05.5548551Z FileFormatTest > GenerationDirNames > lexicographicSortMatchesNumericSort() PASSED
build	Build + Test	2026-10-04T13:52:05.5549547Z 
build	Build + Test	2026-10-04T13:52:05.5550330Z FileFormatTest > GenerationDirNames > generationNumberAboveSixteenDigitsThrows() PASSED
build	Build + Test	2026-10-04T13:52:05.5551384Z 
build	Build + Test	2026-10-04T13:52:05.5555338Z FileFormatTest > GenerationDirNames > parseRoundTrip() PASSED
build	Build + Test	2026-10-04T13:52:05.5556168Z 
build	Build + Test	2026-10-04T13:52:05.5557039Z FileFormatTest > Magic > manifestMagicSpellsVdbvOnDisk() PASSED
build	Build + Test	2026-10-04T13:52:05.5557899Z 
build	Build + Test	2026-10-04T13:52:05.5558288Z FileFormatTest > Magic > metadataMagicSpellsVmdbOnDisk() PASSED
build	Build + Test	2026-10-04T13:52:05.5559066Z 
build	Build + Test	2026-10-04T13:52:05.5559436Z FileFormatTest > Magic > idmapMagicSpellsVidpOnDisk() PASSED
build	Build + Test	2026-10-04T13:52:05.5560035Z 
build	Build + Test	2026-10-04T13:52:05.5560842Z ForeignManifestVersionTest > a file that is not a manifest peeks as null rather than a bogus version PASSED
build	Build + Test	2026-10-04T13:52:05.5561664Z 
build	Build + Test	2026-10-04T13:52:05.5562629Z ForeignManifestVersionTest > the current version peeks as itself, so the check cannot misfire on a good collection PASSED
build	Build + Test	2026-10-04T13:52:05.5563872Z 
build	Build + Test	2026-10-04T13:52:05.5564792Z ForeignManifestVersionTest > peekManifestVersion reads the version without validating the rest PASSED
build	Build + Test	2026-10-04T13:52:05.5565811Z 
build	Build + Test	2026-10-04T13:52:05.5566763Z ForeignManifestVersionTest > recovering an older collection names both versions and offers the migration PASSED
build	Build + Test	2026-10-04T13:52:05.5570734Z 
build	Build + Test	2026-10-04T13:52:05.5571908Z ForeignManifestVersionTest > a truncated manifest peeks as null, not as a partially-read version PASSED
build	Build + Test	2026-10-04T13:52:05.5573210Z 
build	Build + Test	2026-10-04T13:52:05.5573909Z ForeignManifestVersionTest > an absent manifest peeks as null PASSED
build	Build + Test	2026-10-04T13:52:05.5574793Z 
build	Build + Test	2026-10-04T13:52:05.5575942Z GenerationDirectoryTest > ConcurrentWriteProtocol > failureInOneConcurrentWriterCleansTmpAndDoesNotAdvanceCurrent(Path) PASSED
build	Build + Test	2026-10-04T13:52:05.5586515Z 
build	Build + Test	2026-10-04T13:52:05.5587733Z GenerationDirectoryTest > ConcurrentWriteProtocol > writesEveryPayloadFileConcurrentlyAndRecovers(Path) PASSED
build	Build + Test	2026-10-04T13:52:05.5588829Z 
build	Build + Test	2026-10-04T13:52:05.5589579Z GenerationDirectoryTest > WriteGenerationValidation > cleansTmpDirOnRuntimeFailure(Path) PASSED
build	Build + Test	2026-10-04T13:52:05.5590467Z 
build	Build + Test	2026-10-04T13:52:05.5591095Z GenerationDirectoryTest > WriteGenerationValidation > rejectsManifestGenMismatch(Path) PASSED
build	Build + Test	2026-10-04T13:52:05.5591866Z 
build	Build + Test	2026-10-04T13:52:05.5592462Z GenerationDirectoryTest > WriteGenerationValidation > rejectsGenSlotOccupiedByFile(Path) PASSED
build	Build + Test	2026-10-04T13:52:05.6502520Z 
build	Build + Test	2026-10-04T13:52:05.6503628Z GenerationDirectoryTest > WriteGenerationValidation > retryAfterCleanupSucceeds(Path) PASSED
build	Build + Test	2026-10-04T13:52:05.6504527Z 
build	Build + Test	2026-10-04T13:52:05.6505153Z GenerationDirectoryTest > WriteGenerationValidation > rejectsRootThatIsARegularFile(Path) PASSED
build	Build + Test	2026-10-04T13:52:05.6505941Z 
build	Build + Test	2026-10-04T13:52:05.6506710Z GenerationDirectoryTest > WriteGenerationValidation > rejectsNonExistentRoot(Path) PASSED
build	Build + Test	2026-10-04T13:52:05.6507762Z 
build	Build + Test	2026-10-04T13:52:05.6508428Z GenerationDirectoryTest > WriteGenerationValidation > cleansTmpDirOnSourceFailure(Path) PASSED
build	Build + Test	2026-10-04T13:52:05.6509199Z 
build	Build + Test	2026-10-04T13:52:05.6509651Z GenerationDirectoryTest > WriteGenerationValidation > rejectsExistingGenDir(Path) PASSED
build	Build + Test	2026-10-04T13:52:05.6510090Z 
build	Build + Test	2026-10-04T13:52:05.6510410Z GenerationDirectoryTest > WriteGenerationValidation > rejectsExistingTmpDir(Path) PASSED
build	Build + Test	2026-10-04T13:52:05.6510823Z 
build	Build + Test	2026-10-04T13:52:05.6511083Z GenerationDirectoryTest > ReadCurrent > returnsMinusOneOnMissing(Path) PASSED
build	Build + Test	2026-10-04T13:52:05.6511466Z 
build	Build + Test	2026-10-04T13:52:05.6511710Z GenerationDirectoryTest > ReadCurrent > returnsValueOnValid(Path) PASSED
build	Build + Test	2026-10-04T13:52:05.6512194Z 
build	Build + Test	2026-10-04T13:52:05.6512495Z GenerationDirectoryTest > ReadCurrent > returnsMinusOneOnNegativeValue(Path) PASSED
build	Build + Test	2026-10-04T13:52:05.6512883Z 
build	Build + Test	2026-10-04T13:52:05.6513149Z GenerationDirectoryTest > ReadCurrent > returnsMinusOneOnTooShort(Path) PASSED
build	Build + Test	2026-10-04T13:52:05.6513524Z 
build	Build + Test	2026-10-04T13:52:05.6513780Z GenerationDirectoryTest > ReadCurrent > readsExtraBytesIgnored(Path) PASSED
build	Build + Test	2026-10-04T13:52:05.6514141Z 
build	Build + Test	2026-10-04T13:52:05.6514461Z GenerationDirectoryTest > WriteCurrentAtomic > rejectsNegativeGenerationNumber(Path) PASSED
build	Build + Test	2026-10-04T13:52:05.6514901Z 
build	Build + Test	2026-10-04T13:52:05.6515197Z GenerationDirectoryTest > WriteCurrentAtomic > cleansLeftoverCurrentTmp(Path) PASSED
build	Build + Test	2026-10-04T13:52:05.6515735Z 
build	Build + Test	2026-10-04T13:52:05.6516046Z GenerationDirectoryTest > WriteCurrentAtomic > writesEightBytesLittleEndian(Path) PASSED
build	Build + Test	2026-10-04T13:52:05.6516455Z 
build	Build + Test	2026-10-04T13:52:05.6516992Z GenerationDirectoryTest > WriteCurrentAtomic > rejectsOverflowingGenerationNumber(Path) PASSED
build	Build + Test	2026-10-04T13:52:05.6517561Z 
build	Build + Test	2026-10-04T13:52:05.6517867Z GenerationDirectoryTest > WriteCurrentAtomic > overwritesExistingCurrent(Path) PASSED
build	Build + Test	2026-10-04T13:52:05.6518262Z 
build	Build + Test	2026-10-04T13:52:05.6518671Z GenerationDirectoryTest > EmptyDirectoryBootstrap > rejectsBootstrapManifestWithNonZeroGeneration(Path) PASSED
build	Build + Test	2026-10-04T13:52:05.6519189Z 
build	Build + Test	2026-10-04T13:52:05.6519516Z GenerationDirectoryTest > EmptyDirectoryBootstrap > recoverCreatesMissingDirectory(Path) PASSED
build	Build + Test	2026-10-04T13:52:05.6520023Z 
build	Build + Test	2026-10-04T13:52:05.6520390Z GenerationDirectoryTest > EmptyDirectoryBootstrap > freshOpenWithBootstrapCreatesGenZero(Path) PASSED
build	Build + Test	2026-10-04T13:52:05.6520852Z 
build	Build + Test	2026-10-04T13:52:05.6521148Z GenerationDirectoryTest > EmptyDirectoryBootstrap > rejectsBootstrapMismatch(Path) PASSED
build	Build + Test	2026-10-04T13:52:05.6521550Z 
build	Build + Test	2026-10-04T13:52:05.6521879Z GenerationDirectoryTest > EmptyDirectoryBootstrap > freshOpenWithoutBootstrapThrows(Path) PASSED
build	Build + Test	2026-10-04T13:52:05.6522318Z 
build	Build + Test	2026-10-04T13:52:05.6522642Z GenerationDirectoryTest > CrashRecovery > missingCurrentRecoversFromNewestValidGen(Path) PASSED
build	Build + Test	2026-10-04T13:52:05.6523065Z 
build	Build + Test	2026-10-04T13:52:05.6523420Z GenerationDirectoryTest > CrashRecovery > currentPointsAtCorruptedGenFallsBackToPrevious(Path) PASSED
build	Build + Test	2026-10-04T13:52:05.6524111Z 
build	Build + Test	2026-10-04T13:52:05.6524505Z GenerationDirectoryTest > CrashRecovery > currentPointsAtCorruptedPayloadFallsBackToPrevious(Path) PASSED
build	Build + Test	2026-10-04T13:52:05.6524982Z 
build	Build + Test	2026-10-04T13:52:05.6525325Z GenerationDirectoryTest > CrashRecovery > allCorruptManifestsThrowsWithoutBootstrap(Path) PASSED
build	Build + Test	2026-10-04T13:52:05.6525758Z 
build	Build + Test	2026-10-04T13:52:05.6526082Z GenerationDirectoryTest > CrashRecovery > payloadLengthMismatchFallsBackToPrevious(Path) PASSED
build	Build + Test	2026-10-04T13:52:05.6526504Z 
build	Build + Test	2026-10-04T13:52:05.6527003Z GenerationDirectoryTest > CrashRecovery > halfWrittenTmpDirCleanedOnOpen(Path) PASSED
build	Build + Test	2026-10-04T13:52:05.6527497Z 
build	Build + Test	2026-10-04T13:52:05.6528041Z GenerationDirectoryTest > CrashRecovery > corruptedNewestManifestFallsBackToPreviousGen(Path) PASSED
build	Build + Test	2026-10-04T13:52:05.6528498Z 
build	Build + Test	2026-10-04T13:52:05.6528851Z GenerationDirectoryTest > CrashRecovery > corruptedPayloadInNewestGenFallsBackToPrevious(Path) PASSED
build	Build + Test	2026-10-04T13:52:05.6529312Z 
build	Build + Test	2026-10-04T13:52:05.6529639Z GenerationDirectoryTest > CrashRecovery > currentDotTmpCleanedOnOpen(Path) PASSED
build	Build + Test	2026-10-04T13:52:05.6530335Z 
build	Build + Test	2026-10-04T13:52:05.6530881Z GenerationDirectoryTest > CrashRecovery > multipleStaleTmpDirsAllCleaned(Path) PASSED
build	Build + Test	2026-10-04T13:52:05.7491187Z 
build	Build + Test	2026-10-04T13:52:05.7492348Z GenerationDirectoryTest > CrashRecovery > allCorruptManifestsBootstrapWhenSourceProvided(Path) PASSED
build	Build + Test	2026-10-04T13:52:05.7493220Z 
build	Build + Test	2026-10-04T13:52:05.7495258Z GenerationDirectoryTest > CrashRecovery > currentPointsAtMissingGenFallsBack(Path) PASSED
build	Build + Test	2026-10-04T13:52:05.7496059Z 
build	Build + Test	2026-10-04T13:52:05.7496729Z GenerationDirectoryTest > CrashRecovery > strictTmpDirMatchingPreservesUnrelatedDotFiles(Path) PASSED
build	Build + Test	2026-10-04T13:52:05.7497880Z 
build	Build + Test	2026-10-04T13:52:05.7498374Z GenerationDirectoryTest > HappyPath > writeAndRecoverSameGeneration(Path) PASSED
build	Build + Test	2026-10-04T13:52:05.7499041Z 
build	Build + Test	2026-10-04T13:52:05.7499478Z GenerationDirectoryTest > HappyPath > recoveryIsIdempotent(Path) PASSED
build	Build + Test	2026-10-04T13:52:05.7500085Z 
build	Build + Test	2026-10-04T13:52:05.7500639Z GenerationDirectoryTest > HappyPath > writeMultipleGenerationsRecoversNewest(Path) PASSED
build	Build + Test	2026-10-04T13:52:06.8490854Z 
build	Build + Test	2026-10-04T13:52:06.8491792Z HnswGraphCodecStreamingTest > decodesFromAChunkedStream() PASSED
build	Build + Test	2026-10-04T13:52:07.9491169Z 
build	Build + Test	2026-10-04T13:52:07.9492296Z HnswGraphCodecStreamingTest > streamingEncodeIsByteIdenticalToArrayEncode() PASSED
build	Build + Test	2026-10-04T13:52:09.0492707Z 
build	Build + Test	2026-10-04T13:52:09.0493987Z HnswGraphCodecStreamingTest > streamingDecodeMatchesArrayDecode() PASSED
build	Build + Test	2026-10-04T13:52:09.0494928Z 
build	Build + Test	2026-10-04T13:52:09.0495518Z HnswGraphCodecTest > NullGuard > encodeRejectsNullGraph() PASSED
build	Build + Test	2026-10-04T13:52:09.0496286Z 
build	Build + Test	2026-10-04T13:52:09.0497443Z HnswGraphCodecTest > NullGuard > emptyGraphWithSetEntryNodeEncodedThenDecodedRejectedAsInconsistent() PASSED
build	Build + Test	2026-10-04T13:52:09.0498550Z 
build	Build + Test	2026-10-04T13:52:09.0499121Z HnswGraphCodecTest > NullGuard > decodeRejectsNullBytes() PASSED
build	Build + Test	2026-10-04T13:52:09.0499841Z 
build	Build + Test	2026-10-04T13:52:09.0500581Z HnswGraphCodecTest > EncodeValidation > encodeRejectsOutOfRangeNeighborAtLayerZero() PASSED
build	Build + Test	2026-10-04T13:52:09.0501530Z 
build	Build + Test	2026-10-04T13:52:09.0502221Z HnswGraphCodecTest > EncodeValidation > encodeRejectsSelfLoopAtLayerZero() PASSED
build	Build + Test	2026-10-04T13:52:09.0503092Z 
build	Build + Test	2026-10-04T13:52:09.0503865Z HnswGraphCodecTest > EncodeValidation > encodeRejectsOutOfRangeNeighborAtUpperLayer() PASSED
build	Build + Test	2026-10-04T13:52:09.0504851Z 
build	Build + Test	2026-10-04T13:52:09.0505535Z HnswGraphCodecTest > EncodeValidation > encodeRejectsSelfLoopAtUpperLayer() PASSED
build	Build + Test	2026-10-04T13:52:09.0506429Z 
build	Build + Test	2026-10-04T13:52:09.0507255Z HnswGraphCodecTest > BodyValidation > rejectsEntryNodeBelowMaxLevel() PASSED
build	Build + Test	2026-10-04T13:52:09.0508121Z 
build	Build + Test	2026-10-04T13:52:09.0508779Z HnswGraphCodecTest > BodyValidation > rejectsLayer0NeighborOutOfRange() PASSED
build	Build + Test	2026-10-04T13:52:09.0509645Z 
build	Build + Test	2026-10-04T13:52:09.0510224Z HnswGraphCodecTest > BodyValidation > rejectsTrailingBytes() PASSED
build	Build + Test	2026-10-04T13:52:09.0510993Z 
build	Build + Test	2026-10-04T13:52:09.0511686Z HnswGraphCodecTest > BodyValidation > rejectsLayer0DegreeExceedingCapacity() PASSED
build	Build + Test	2026-10-04T13:52:09.0512571Z 
build	Build + Test	2026-10-04T13:52:09.0513311Z HnswGraphCodecTest > BodyValidation > rejectsNodeLevelExceedingMaxLevel() PASSED
build	Build + Test	2026-10-04T13:52:09.0514619Z 
build	Build + Test	2026-10-04T13:52:09.0515233Z HnswGraphCodecTest > BodyValidation > rejectsSelfLoopNeighbor() PASSED
build	Build + Test	2026-10-04T13:52:09.0516026Z 
build	Build + Test	2026-10-04T13:52:09.0516648Z HnswGraphCodecTest > BodyValidation > rejectsTruncatedNodeLevels() PASSED
build	Build + Test	2026-10-04T13:52:09.0517659Z 
build	Build + Test	2026-10-04T13:52:09.0518277Z HnswGraphCodecTest > HeaderValidation > rejectsWrongHeaderLength() PASSED
build	Build + Test	2026-10-04T13:52:09.0519088Z 
build	Build + Test	2026-10-04T13:52:09.0519672Z HnswGraphCodecTest > HeaderValidation > rejectsWrongVersion() PASSED
build	Build + Test	2026-10-04T13:52:09.0520713Z 
build	Build + Test	2026-10-04T13:52:09.0521316Z HnswGraphCodecTest > HeaderValidation > rejectsTruncatedHeader() PASSED
build	Build + Test	2026-10-04T13:52:09.0522097Z 
build	Build + Test	2026-10-04T13:52:09.0522852Z HnswGraphCodecTest > HeaderValidation > rejectsEmptyGraphWithEntryNodeNotMinusOne() PASSED
build	Build + Test	2026-10-04T13:52:09.0523796Z 
build	Build + Test	2026-10-04T13:52:09.0524601Z HnswGraphCodecTest > HeaderValidation > rejectsEntryNodeOutOfRange() PASSED
build	Build + Test	2026-10-04T13:52:09.0527032Z 
build	Build + Test	2026-10-04T13:52:09.0527687Z HnswGraphCodecTest > HeaderValidation > rejectsNonZeroFlags() PASSED
build	Build + Test	2026-10-04T13:52:09.0528482Z 
build	Build + Test	2026-10-04T13:52:09.0529104Z HnswGraphCodecTest > HeaderValidation > rejectsNegativeNumNodes() PASSED
build	Build + Test	2026-10-04T13:52:09.0529915Z 
build	Build + Test	2026-10-04T13:52:09.0530653Z HnswGraphCodecTest > HeaderValidation > rejectsNonEmptyGraphWithMaxLevelMinusOne() PASSED
build	Build + Test	2026-10-04T13:52:09.0531582Z 
build	Build + Test	2026-10-04T13:52:09.0532199Z HnswGraphCodecTest > HeaderValidation > rejectsZeroMaxConnections() PASSED
build	Build + Test	2026-10-04T13:52:09.0533014Z 
build	Build + Test	2026-10-04T13:52:09.0533578Z HnswGraphCodecTest > HeaderValidation > rejectsWrongMagic() PASSED
build	Build + Test	2026-10-04T13:52:09.1490985Z 
build	Build + Test	2026-10-04T13:52:09.1493222Z HnswGraphCodecTest > RoundTrip > mediumGraphWithM32RoundTrips() PASSED
build	Build + Test	2026-10-04T13:52:09.1494160Z 
build	Build + Test	2026-10-04T13:52:09.1494740Z HnswGraphCodecTest > RoundTrip > mediumGraphWithM16RoundTrips() PASSED
build	Build + Test	2026-10-04T13:52:09.1495591Z 
build	Build + Test	2026-10-04T13:52:09.1496129Z HnswGraphCodecTest > RoundTrip > smallGraphRoundTripsExact() PASSED
build	Build + Test	2026-10-04T13:52:09.1497301Z 
build	Build + Test	2026-10-04T13:52:09.1497959Z HnswGraphCodecTest > RoundTrip > singleNodeGraphRoundTrips() PASSED
build	Build + Test	2026-10-04T13:52:09.1498675Z 
build	Build + Test	2026-10-04T13:52:09.1499392Z HnswGraphCodecTest > RoundTrip > decodedGraphRejectsMisalignedLayerNodes() PASSED
build	Build + Test	2026-10-04T13:52:09.1500316Z 
build	Build + Test	2026-10-04T13:52:09.1501006Z HnswGraphCodecTest > RoundTrip > decodedGraphPreservesLayer0NeighborOrder() PASSED
build	Build + Test	2026-10-04T13:52:09.1501888Z 
build	Build + Test	2026-10-04T13:52:09.1502431Z HnswGraphCodecTest > RoundTrip > emptyGraphRoundTrips() PASSED
build	Build + Test	2026-10-04T13:52:09.1503144Z 
build	Build + Test	2026-10-04T13:52:09.1503797Z HnswGraphCodecTest > RoundTrip > reusedEncodeCallsProduceIdenticalBytes() PASSED
build	Build + Test	2026-10-04T13:52:09.1504661Z 
build	Build + Test	2026-10-04T13:52:09.1505387Z ManifestMigrationTest > refusesToMigrateACorruptHeaderRatherThanLaunderIt(Path) PASSED
build	Build + Test	2026-10-04T13:52:09.1506315Z 
build	Build + Test	2026-10-04T13:52:09.1507224Z ManifestMigrationTest > keepsThePreviousManifestSoTheCollectionCanGoBack(Path) PASSED
build	Build + Test	2026-10-04T13:52:09.1508175Z 
build	Build + Test	2026-10-04T13:52:09.1508927Z ManifestMigrationTest > inspectReportsWhatItWouldDoWithoutTouchingAnything(Path) PASSED
build	Build + Test	2026-10-04T13:52:09.1509850Z 
build	Build + Test	2026-10-04T13:52:09.1510483Z ManifestMigrationTest > migratesInPlaceAndReturnsEveryDocument(Path) PASSED
build	Build + Test	2026-10-04T13:52:09.1513043Z 
build	Build + Test	2026-10-04T13:52:09.1514153Z ManifestMigrationTest > refusesAnOlderCollectionByDefaultAndSaysHowToMigrateIt(Path) PASSED
build	Build + Test	2026-10-04T13:52:09.1517683Z 
build	Build + Test	2026-10-04T13:52:09.1518754Z ManifestMigrationTest > openingWithMigrationEnabledUpgradesAndOpens(Path) PASSED
build	Build + Test	2026-10-04T13:52:09.2517352Z 
build	Build + Test	2026-10-04T13:52:09.2543751Z ManifestMigrationTest > leavesANewerManifestAloneInsteadOfDowngradingIt(Path) PASSED
build	Build + Test	2026-10-04T13:52:09.2545099Z 
build	Build + Test	2026-10-04T13:52:09.2545686Z ManifestMigrationTest > migratingTwiceIsANoOp(Path) PASSED
build	Build + Test	2026-10-04T13:52:09.2546392Z 
build	Build + Test	2026-10-04T13:52:09.2547265Z ManifestTest > ConstructorValidation > negativeTombstonesBinLengthRejected() PASSED
build	Build + Test	2026-10-04T13:52:09.2548152Z 
build	Build + Test	2026-10-04T13:52:09.2548778Z ManifestTest > ConstructorValidation > negativeTombstoneCountRejected() PASSED
build	Build + Test	2026-10-04T13:52:09.2550140Z 
build	Build + Test	2026-10-04T13:52:09.2550877Z ManifestTest > ConstructorValidation > positiveTombstoneCountWithZeroBytesRejected() PASSED
build	Build + Test	2026-10-04T13:52:09.2551805Z 
build	Build + Test	2026-10-04T13:52:09.2552396Z ManifestTest > ConstructorValidation > negativeLiveCountRejected() PASSED
build	Build + Test	2026-10-04T13:52:09.2553170Z 
build	Build + Test	2026-10-04T13:52:09.2553746Z ManifestTest > ConstructorValidation > negativeDimensionRejected() PASSED
build	Build + Test	2026-10-04T13:52:09.2554501Z 
build	Build + Test	2026-10-04T13:52:09.2555185Z ManifestTest > ConstructorValidation > zeroTombstoneBytesWithNonZeroCrcRejected() PASSED
build	Build + Test	2026-10-04T13:52:09.2556404Z 
build	Build + Test	2026-10-04T13:52:09.2557268Z ManifestTest > ConstructorValidation > negativeGenerationNumberRejected() PASSED
build	Build + Test	2026-10-04T13:52:09.2558195Z 
build	Build + Test	2026-10-04T13:52:09.2558829Z ManifestTest > ConstructorValidation > negativeGraphBinLengthRejected() PASSED
build	Build + Test	2026-10-04T13:52:09.2559728Z 
build	Build + Test	2026-10-04T13:52:09.2560455Z ManifestTest > ConstructorValidation > positiveTombstoneBytesWithZeroCountRejected() PASSED
build	Build + Test	2026-10-04T13:52:09.2561373Z 
build	Build + Test	2026-10-04T13:52:09.2562021Z ManifestTest > ConstructorValidation > negativeQuantizedBinLengthRejected() PASSED
build	Build + Test	2026-10-04T13:52:09.2562879Z 
build	Build + Test	2026-10-04T13:52:09.2563535Z ManifestTest > ConstructorValidation > negativeCreatedEpochMillisRejected() PASSED
build	Build + Test	2026-10-04T13:52:09.2564399Z 
build	Build + Test	2026-10-04T13:52:09.2564858Z ManifestTest > Validation > wrongMagicRejected() PASSED
build	Build + Test	2026-10-04T13:52:09.2565494Z 
build	Build + Test	2026-10-04T13:52:09.2566039Z ManifestTest > Validation > truncatedBytesRejected() PASSED
build	Build + Test	2026-10-04T13:52:09.2566698Z 
build	Build + Test	2026-10-04T13:52:09.2567463Z ManifestTest > Validation > outOfRangeMetricOrdinalRejected() PASSED
build	Build + Test	2026-10-04T13:52:09.2568226Z 
build	Build + Test	2026-10-04T13:52:09.2568738Z ManifestTest > Validation > wrongHeaderLengthRejected() PASSED
build	Build + Test	2026-10-04T13:52:09.2569425Z 
build	Build + Test	2026-10-04T13:52:09.2570019Z ManifestTest > Validation > unknownFlagsRejected() PASSED
build	Build + Test	2026-10-04T13:52:09.2570982Z 
build	Build + Test	2026-10-04T13:52:09.2571510Z ManifestTest > Validation > corruptPayloadTripsSelfCrc() PASSED
build	Build + Test	2026-10-04T13:52:09.2572212Z 
build	Build + Test	2026-10-04T13:52:09.2572675Z ManifestTest > Validation > wrongVersionRejected() PASSED
build	Build + Test	2026-10-04T13:52:09.2573317Z 
build	Build + Test	2026-10-04T13:52:09.2573799Z ManifestTest > Validation > corruptSelfCrcRejected() PASSED
build	Build + Test	2026-10-04T13:52:09.2574456Z 
build	Build + Test	2026-10-04T13:52:09.2574898Z ManifestTest > RoundTrip > allMetricsRoundTrip() PASSED
build	Build + Test	2026-10-04T13:52:09.2575521Z 
build	Build + Test	2026-10-04T13:52:09.2576179Z ManifestTest > RoundTrip > clockInjectableBuildPreservesExplicitTimestamp() PASSED
build	Build + Test	2026-10-04T13:52:09.2577218Z 
build	Build + Test	2026-10-04T13:52:09.2577668Z ManifestTest > RoundTrip > fileRoundTrip(Path) PASSED
build	Build + Test	2026-10-04T13:52:09.2578353Z 
build	Build + Test	2026-10-04T13:52:09.2578872Z ManifestTest > RoundTrip > allFieldsSurviveRoundTrip() PASSED
build	Build + Test	2026-10-04T13:52:09.2579551Z 
build	Build + Test	2026-10-04T13:52:09.2580121Z ManifestTest > RoundTrip > tombstoneFieldsSurviveRoundTrip() PASSED
build	Build + Test	2026-10-04T13:52:09.2580844Z 
build	Build + Test	2026-10-04T13:52:09.2581380Z ManifestTest > Encoding > headerStartsWithMagicAndVersion() PASSED
build	Build + Test	2026-10-04T13:52:09.2582094Z 
build	Build + Test	2026-10-04T13:52:09.2582639Z ManifestTest > Encoding > toBytesProducesExactHeaderSize() PASSED
build	Build + Test	2026-10-04T13:52:12.7517432Z 
build	Build + Test	2026-10-04T13:52:12.7518621Z MappedBuildVectorsTest > mmapBuildMatchesInRamBuildAndTrainsCodes(Path) PASSED
build	Build + Test	2026-10-04T13:52:12.7542036Z 
build	Build + Test	2026-10-04T13:52:12.7543049Z MappedHnswIndexAdapterTest > ThreadSafety > concurrentSearchesNeverCorruptResults(Path) PASSED
build	Build + Test	2026-10-04T13:52:12.7543908Z 
build	Build + Test	2026-10-04T13:52:12.7545798Z MappedHnswIndexAdapterTest > CloseSemantics > closeIsNoOpArenaOwnsLifetime(Path) PASSED
build	Build + Test	2026-10-04T13:52:12.7553289Z 
build	Build + Test	2026-10-04T13:52:12.7558141Z MappedHnswIndexAdapterTest > BuildPath > buildAlwaysThrowsUnsupportedOperation(Path) PASSED
build	Build + Test	2026-10-04T13:52:12.7559297Z 
build	Build + Test	2026-10-04T13:52:12.7560334Z MappedHnswIndexAdapterTest > Search > searchMatchesIndependentlyBuiltSearcher(Path) PASSED
build	Build + Test	2026-10-04T13:52:12.7561879Z 
build	Build + Test	2026-10-04T13:52:12.7562981Z MappedHnswIndexAdapterTest > Search > constructedFromPreBuiltGraphReturnsAccurateNeighbors(Path) PASSED
build	Build + Test	2026-10-04T13:52:12.7564932Z 
build	Build + Test	2026-10-04T13:52:12.7565821Z MappedHnswIndexAdapterTest > Search > searchWrongDimensionQueryThrows(Path) PASSED
build	Build + Test	2026-10-04T13:52:12.7567255Z 
build	Build + Test	2026-10-04T13:52:12.7567954Z MappedHnswIndexAdapterTest > Search > searchNullQueryThrows(Path) PASSED
build	Build + Test	2026-10-04T13:52:12.7568680Z 
build	Build + Test	2026-10-04T13:52:12.7569197Z MappedHnswIndexAdapterTest > Search > searchNonPositiveKRejected(Path) PASSED
build	Build + Test	2026-10-04T13:52:12.7569949Z 
build	Build + Test	2026-10-04T13:52:12.7570418Z MappedHnswIndexAdapterTest > Construction > nullVectorsThrows() PASSED
build	Build + Test	2026-10-04T13:52:12.7571045Z 
build	Build + Test	2026-10-04T13:52:12.7571532Z MappedHnswIndexAdapterTest > Construction > nullMetricThrows(Path) PASSED
build	Build + Test	2026-10-04T13:52:12.7572501Z 
build	Build + Test	2026-10-04T13:52:12.7572969Z MappedHnswIndexAdapterTest > Construction > nullGraphThrows(Path) PASSED
build	Build + Test	2026-10-04T13:52:12.7573609Z 
build	Build + Test	2026-10-04T13:52:12.7574051Z MappedIdMapperTest > Reopen > reopenedMapperSeesSameIds(Path) PASSED
build	Build + Test	2026-10-04T13:52:12.8498247Z 
build	Build + Test	2026-10-04T13:52:12.8499286Z MappedIdMapperTest > ReadOnly > idOfNegativeOrdinalThrows(Path) PASSED
build	Build + Test	2026-10-04T13:52:12.8500228Z 
build	Build + Test	2026-10-04T13:52:12.8501043Z MappedIdMapperTest > ReadOnly > putThrowsUnsupported(Path) PASSED
build	Build + Test	2026-10-04T13:52:12.8501804Z 
build	Build + Test	2026-10-04T13:52:12.8502375Z MappedIdMapperTest > Validation > missingFileThrows(Path) PASSED
build	Build + Test	2026-10-04T13:52:12.8503114Z 
build	Build + Test	2026-10-04T13:52:12.8503723Z MappedIdMapperTest > Validation > wrongVersionThrows(Path) PASSED
build	Build + Test	2026-10-04T13:52:12.8504463Z 
build	Build + Test	2026-10-04T13:52:12.8505124Z MappedIdMapperTest > Validation > declaredSizeLargerThanFileThrows(Path) PASSED
build	Build + Test	2026-10-04T13:52:12.8505974Z 
build	Build + Test	2026-10-04T13:52:12.8506547Z MappedIdMapperTest > Validation > negativeCountThrows(Path) PASSED
build	Build + Test	2026-10-04T13:52:12.8507528Z 
build	Build + Test	2026-10-04T13:52:12.8508091Z MappedIdMapperTest > Validation > wrongMagicThrows(Path) PASSED
build	Build + Test	2026-10-04T13:52:12.8508830Z 
build	Build + Test	2026-10-04T13:52:12.8509417Z MappedIdMapperTest > Validation > nullIdInWriterThrows(Path) PASSED
build	Build + Test	2026-10-04T13:52:12.8510176Z 
build	Build + Test	2026-10-04T13:52:12.8511067Z MappedIdMapperTest > Validation > truncatedHeaderThrows(Path) PASSED
build	Build + Test	2026-10-04T13:52:12.8511989Z 
build	Build + Test	2026-10-04T13:52:12.8512678Z MappedIdMapperTest > RoundTrip > variableLengthUtf8Ids(Path) PASSED
build	Build + Test	2026-10-04T13:52:12.8522502Z 
build	Build + Test	2026-10-04T13:52:12.8523091Z MappedIdMapperTest > RoundTrip > oneHundredIds(Path) PASSED
build	Build + Test	2026-10-04T13:52:12.8523823Z 
build	Build + Test	2026-10-04T13:52:12.8524369Z MappedIdMapperTest > RoundTrip > tenThousandIds(Path) PASSED
build	Build + Test	2026-10-04T13:52:12.8525077Z 
build	Build + Test	2026-10-04T13:52:12.8525553Z MappedIdMapperTest > RoundTrip > singleId(Path) PASSED
build	Build + Test	2026-10-04T13:52:12.8526205Z 
build	Build + Test	2026-10-04T13:52:12.8526686Z MappedIdMapperTest > RoundTrip > emptyMap(Path) PASSED
build	Build + Test	2026-10-04T13:52:12.8527592Z 
build	Build + Test	2026-10-04T13:52:12.8528263Z MappedMetadataStoreTest > Reopen > reopenedStoreSeesSameDocuments(Path) PASSED
build	Build + Test	2026-10-04T13:52:12.8529117Z 
build	Build + Test	2026-10-04T13:52:12.8529739Z MappedMetadataStoreTest > ReadOnly > getOutOfRangeReturnsNull(Path) PASSED
build	Build + Test	2026-10-04T13:52:12.8530550Z 
build	Build + Test	2026-10-04T13:52:12.8531155Z MappedMetadataStoreTest > ReadOnly > putThrowsUnsupported(Path) PASSED
build	Build + Test	2026-10-04T13:52:12.8531947Z 
build	Build + Test	2026-10-04T13:52:12.8532560Z MappedMetadataStoreTest > ReadOnly > deleteThrowsUnsupported(Path) PASSED
build	Build + Test	2026-10-04T13:52:12.8533367Z 
build	Build + Test	2026-10-04T13:52:12.8533952Z MappedMetadataStoreTest > Validation > missingFileThrows(Path) PASSED
build	Build + Test	2026-10-04T13:52:12.8534712Z 
build	Build + Test	2026-10-04T13:52:12.8535302Z MappedMetadataStoreTest > Validation > wrongVersionThrows(Path) PASSED
build	Build + Test	2026-10-04T13:52:12.8536075Z 
build	Build + Test	2026-10-04T13:52:12.8536685Z MappedMetadataStoreTest > Validation > negativeCountThrows(Path) PASSED
build	Build + Test	2026-10-04T13:52:12.8537740Z 
build	Build + Test	2026-10-04T13:52:12.8538333Z MappedMetadataStoreTest > Validation > wrongMagicThrows(Path) PASSED
build	Build + Test	2026-10-04T13:52:12.8539099Z 
build	Build + Test	2026-10-04T13:52:12.8539750Z MappedMetadataStoreTest > Validation > nullDocumentInWriterThrows(Path) PASSED
build	Build + Test	2026-10-04T13:52:12.8540573Z 
build	Build + Test	2026-10-04T13:52:12.8541272Z MappedMetadataStoreTest > Validation > declaredHeapLargerThanFileThrows(Path) PASSED
build	Build + Test	2026-10-04T13:52:12.8542151Z 
build	Build + Test	2026-10-04T13:52:12.8542758Z MappedMetadataStoreTest > Validation > truncatedHeaderThrows(Path) PASSED
build	Build + Test	2026-10-04T13:52:12.8543998Z 
build	Build + Test	2026-10-04T13:52:12.8544684Z MappedMetadataStoreTest > BulkRead > bulkReadReturnsNullForOutOfRange(Path) PASSED
build	Build + Test	2026-10-04T13:52:12.8545538Z 
build	Build + Test	2026-10-04T13:52:12.8546179Z MappedMetadataStoreTest > BulkRead > bulkReadReturnsParallelArray(Path) PASSED
build	Build + Test	2026-10-04T13:52:12.8547205Z 
build	Build + Test	2026-10-04T13:52:12.8547787Z MappedMetadataStoreTest > RoundTrip > manyDocuments(Path) PASSED
build	Build + Test	2026-10-04T13:52:12.8548518Z 
build	Build + Test	2026-10-04T13:52:12.8549069Z MappedMetadataStoreTest > RoundTrip > emptyTagList(Path) PASSED
build	Build + Test	2026-10-04T13:52:12.8549787Z 
build	Build + Test	2026-10-04T13:52:12.8550331Z MappedMetadataStoreTest > RoundTrip > emptyStore(Path) PASSED
build	Build + Test	2026-10-04T13:52:12.8551292Z 
build	Build + Test	2026-10-04T13:52:12.8551913Z MappedMetadataStoreTest > RoundTrip > singleDocumentWithText(Path) PASSED
build	Build + Test	2026-10-04T13:52:12.8552717Z 
build	Build + Test	2026-10-04T13:52:12.8553366Z MappedMetadataStoreTest > RoundTrip > allMetadataVariantsRoundTrip(Path) PASSED
build	Build + Test	2026-10-04T13:52:12.8554198Z 
build	Build + Test	2026-10-04T13:52:12.8554777Z MappedMetadataStoreTest > RoundTrip > numericEdgeValues(Path) PASSED
build	Build + Test	2026-10-04T13:52:12.8555545Z 
build	Build + Test	2026-10-04T13:52:12.8556331Z MappedMetadataStoreTest > RoundTrip > singleDocumentNoMetadataNoText(Path) PASSED
build	Build + Test	2026-10-04T13:52:12.8557450Z 
build	Build + Test	2026-10-04T13:52:12.8558074Z MappedMetadataStoreTest > RoundTrip > equalityIgnoringVector(Path) PASSED
build	Build + Test	2026-10-04T13:52:13.3507153Z 
build	Build + Test	2026-10-04T13:52:13.3537875Z MappedVamanaPagedIndexAdapterTest > bitIdenticalToInMemoryVamanaAcrossL(Path) PASSED
build	Build + Test	2026-10-04T13:52:13.3560802Z 
build	Build + Test	2026-10-04T13:52:13.3578208Z MappedVamanaPagedIndexAdapterTest > buildThrowsUnsupported(Path) PASSED
build	Build + Test	2026-10-04T13:52:13.5491342Z 
build	Build + Test	2026-10-04T13:52:13.5492225Z MappedVamanaPagedIndexAdapterTest > concurrentPagedSearchesMatchReference(Path) PASSED
build	Build + Test	2026-10-04T13:52:13.6491094Z 
build	Build + Test	2026-10-04T13:52:13.6492593Z MappedVamanaPagedIndexAdapterTest > returnsAccurateNeighborsVsFlatScan(Path) PASSED
build	Build + Test	2026-10-04T13:52:13.6493466Z 
build	Build + Test	2026-10-04T13:52:13.6493988Z MappedVamanaPagedIndexAdapterTest > constructorRejectsNulls(Path) PASSED
build	Build + Test	2026-10-04T13:52:13.6494729Z 
build	Build + Test	2026-10-04T13:52:13.6495226Z MappedVamanaPagedIndexAdapterTest > searchValidatesArguments(Path) PASSED
build	Build + Test	2026-10-04T13:52:13.6495927Z 
build	Build + Test	2026-10-04T13:52:13.6496471Z MappedVamanaPagedIndexAdapterTest > closeIsNoOpArenaOwnsLifetime(Path) PASSED
build	Build + Test	2026-10-04T13:52:13.6497508Z 
build	Build + Test	2026-10-04T13:52:13.6498066Z MemorySegmentRandomAccessVectorsTest > Bounds > ordinalAtSizeThrows(Path) PASSED
build	Build + Test	2026-10-04T13:52:13.6498792Z 
build	Build + Test	2026-10-04T13:52:13.6499309Z MemorySegmentRandomAccessVectorsTest > Bounds > negativeOrdinalThrows(Path) PASSED
build	Build + Test	2026-10-04T13:52:13.6500026Z 
build	Build + Test	2026-10-04T13:52:13.6500425Z MemorySegmentRandomAccessVectorsTest > NullGuards > nullMappedThrows() PASSED
build	Build + Test	2026-10-04T13:52:13.7517322Z 
build	Build + Test	2026-10-04T13:52:13.7547994Z MemorySegmentRandomAccessVectorsTest > ThreadIsolation > separateThreadsHaveIndependentScratch(Path) PASSED
build	Build + Test	2026-10-04T13:52:13.7549158Z 
build	Build + Test	2026-10-04T13:52:13.7578421Z MemorySegmentRandomAccessVectorsTest > ThreadIsolation > twoThreadsHoldDistinctScratchReferences(Path) PASSED
build	Build + Test	2026-10-04T13:52:13.7607171Z 
build	Build + Test	2026-10-04T13:52:13.7637738Z MemorySegmentRandomAccessVectorsTest > SharedBufferContract > secondCallOverwritesFirstCallContents(Path) PASSED
build	Build + Test	2026-10-04T13:52:13.7638841Z 
build	Build + Test	2026-10-04T13:52:13.7668321Z MemorySegmentRandomAccessVectorsTest > SharedBufferContract > consecutiveCallsReturnSameArrayReference(Path) PASSED
build	Build + Test	2026-10-04T13:52:13.7696971Z 
build	Build + Test	2026-10-04T13:52:13.7704687Z MemorySegmentRandomAccessVectorsTest > Basics > sizeAndDimensionDelegateToMapped(Path) PASSED
build	Build + Test	2026-10-04T13:52:13.7705623Z 
build	Build + Test	2026-10-04T13:52:13.7706339Z MemorySegmentRandomAccessVectorsTest > Basics > getVectorReturnsExpectedValues(Path) PASSED
build	Build + Test	2026-10-04T13:52:13.7707443Z 
build	Build + Test	2026-10-04T13:52:13.7708081Z MemorySegmentVectorsTest > CloseSemantics > closeIsNoOpArenaOwnsLifetime(Path) PASSED
build	Build + Test	2026-10-04T13:52:13.7708890Z 
build	Build + Test	2026-10-04T13:52:13.7709436Z MemorySegmentVectorsTest > Bounds > ordinalAtSizeThrows(Path) PASSED
build	Build + Test	2026-10-04T13:52:13.7710117Z 
build	Build + Test	2026-10-04T13:52:13.7710646Z MemorySegmentVectorsTest > Bounds > negativeOrdinalThrows(Path) PASSED
build	Build + Test	2026-10-04T13:52:13.7711852Z 
build	Build + Test	2026-10-04T13:52:13.7712514Z MemorySegmentVectorsTest > ThreadSafety > concurrentSlicesReturnCorrectBytes(Path) PASSED
build	Build + Test	2026-10-04T13:52:13.8497374Z 
build	Build + Test	2026-10-04T13:52:13.8499058Z MemorySegmentVectorsTest > ThreadSafety > concurrentSameOrdinalReturnsIndependentViews(Path) PASSED
build	Build + Test	2026-10-04T13:52:13.8500147Z 
build	Build + Test	2026-10-04T13:52:13.8500748Z MemorySegmentVectorsTest > Validation > missingFileThrows(Path) PASSED
build	Build + Test	2026-10-04T13:52:13.8501563Z 
build	Build + Test	2026-10-04T13:52:13.8502190Z MemorySegmentVectorsTest > Validation > negativeSizeRejected(Path) PASSED
build	Build + Test	2026-10-04T13:52:13.8503004Z 
build	Build + Test	2026-10-04T13:52:13.8504206Z MemorySegmentVectorsTest > Validation > nullFileThrows(Path) PASSED
build	Build + Test	2026-10-04T13:52:13.8505004Z 
build	Build + Test	2026-10-04T13:52:13.8505610Z MemorySegmentVectorsTest > Validation > truncatedFileThrows(Path) PASSED
build	Build + Test	2026-10-04T13:52:13.8506413Z 
build	Build + Test	2026-10-04T13:52:13.8507302Z MemorySegmentVectorsTest > Validation > zeroDimensionRejected(Path) PASSED
build	Build + Test	2026-10-04T13:52:13.8508144Z 
build	Build + Test	2026-10-04T13:52:13.8508725Z MemorySegmentVectorsTest > Validation > nullArenaThrows(Path) PASSED
build	Build + Test	2026-10-04T13:52:13.8509511Z 
build	Build + Test	2026-10-04T13:52:13.8510057Z MemorySegmentVectorsTest > RoundTrip > manyVectorsWithPadding(Path) PASSED
build	Build + Test	2026-10-04T13:52:13.8510891Z 
build	Build + Test	2026-10-04T13:52:13.8511517Z MemorySegmentVectorsTest > RoundTrip > singleVectorWithPadding(Path) PASSED
build	Build + Test	2026-10-04T13:52:13.9491221Z 
build	Build + Test	2026-10-04T13:52:13.9492544Z MemorySegmentVectorsTest > RoundTrip > manyVectorsAligned(Path) PASSED
build	Build + Test	2026-10-04T13:52:13.9493237Z 
build	Build + Test	2026-10-04T13:52:13.9493704Z MemorySegmentVectorsTest > RoundTrip > singleVectorNoPadding(Path) PASSED
build	Build + Test	2026-10-04T13:52:13.9494375Z 
build	Build + Test	2026-10-04T13:52:13.9494789Z MemorySegmentVectorsTest > RoundTrip > emptyVectorSet(Path) PASSED
build	Build + Test	2026-10-04T13:52:13.9495370Z 
build	Build + Test	2026-10-04T13:52:13.9495927Z MemorySegmentVectorsTest > RoundTrip > segmentAccessorMatchesSliceAccessor(Path) PASSED
build	Build + Test	2026-10-04T13:52:15.2491956Z 
build	Build + Test	2026-10-04T13:52:15.2493001Z ObjectStoreQueryPathTest > objectStorePathMatchesInMemoryAndBoundsGetsPerQuery() PASSED
build	Build + Test	2026-10-04T13:52:19.3490889Z 
build	Build + Test	2026-10-04T13:52:19.3491590Z ObjectStoreQueryableIndexTest > queriesChunkedGraphShippedToObjectStorage() PASSED
build	Build + Test	2026-10-04T13:52:23.4537619Z 
build	Build + Test	2026-10-04T13:52:23.4559003Z ObjectStoreQueryableIndexTest > queriesShippedGenerationDirectlyFromObjectStorage() PASSED
build	Build + Test	2026-10-04T13:52:23.6491256Z 
build	Build + Test	2026-10-04T13:52:23.6492178Z ObjectStoreRandomAccessVectorsTest > perThreadScratchIsolatesConcurrentReaders() PASSED
build	Build + Test	2026-10-04T13:52:23.6493004Z 
build	Build + Test	2026-10-04T13:52:23.6493453Z ObjectStoreRandomAccessVectorsTest > outOfRangeOrdinalThrows() PASSED
build	Build + Test	2026-10-04T13:52:23.6494072Z 
build	Build + Test	2026-10-04T13:52:23.6494747Z ObjectStoreRandomAccessVectorsTest > rangedGetReturnsExactVectors_paddedAndUnpaddedDims() PASSED
build	Build + Test	2026-10-04T13:52:23.9491418Z 
build	Build + Test	2026-10-04T13:52:23.9492546Z ObservabilityJfrTest > queryAndRangedGetJfrEventsFireWithCorrectData(Path) PASSED
build	Build + Test	2026-10-04T13:52:24.0490971Z 
build	Build + Test	2026-10-04T13:52:24.0492922Z ObservabilityJfrTest > eventsAreDisabledByDefaultWhenNoRecordingEnablesThem(Path) PASSED
build	Build + Test	2026-10-04T13:52:24.0494390Z 
build	Build + Test	2026-10-04T13:52:24.0495307Z QuantizedVectorsCodecStreamingTest > chunkedRoundTripThroughStorage() PASSED
build	Build + Test	2026-10-04T13:52:24.0496296Z 
build	Build + Test	2026-10-04T13:52:24.0497265Z QuantizedVectorsCodecStreamingTest > streamingEncodeIsByteIdenticalToArrayEncode() PASSED
build	Build + Test	2026-10-04T13:52:24.1490870Z 
build	Build + Test	2026-10-04T13:52:24.1493162Z QuantizedVectorsCodecStreamingTest > streamingDecodeMatchesArrayDecode() PASSED
build	Build + Test	2026-10-04T13:52:24.1494280Z 
build	Build + Test	2026-10-04T13:52:24.1494964Z QuantizedVectorsCodecTest > Validation > wrongMagicRejected() PASSED
build	Build + Test	2026-10-04T13:52:24.1495755Z 
build	Build + Test	2026-10-04T13:52:24.1496401Z QuantizedVectorsCodecTest > Validation > noneQuantizerKindRejected() PASSED
build	Build + Test	2026-10-04T13:52:24.1519552Z 
build	Build + Test	2026-10-04T13:52:24.1526150Z QuantizedVectorsCodecTest > Validation > truncatedBytesRejected() PASSED
build	Build + Test	2026-10-04T13:52:24.1546279Z 
build	Build + Test	2026-10-04T13:52:24.1578138Z QuantizedVectorsCodecTest > Validation > truncatedVectorDataRejected() PASSED
build	Build + Test	2026-10-04T13:52:24.1583615Z 
build	Build + Test	2026-10-04T13:52:24.1584355Z QuantizedVectorsCodecTest > Validation > negativeDimensionRejected() PASSED
build	Build + Test	2026-10-04T13:52:24.1585714Z 
build	Build + Test	2026-10-04T13:52:24.1586361Z QuantizedVectorsCodecTest > Validation > wrongVersionRejected() PASSED
build	Build + Test	2026-10-04T13:52:24.1587610Z 
build	Build + Test	2026-10-04T13:52:24.1588324Z QuantizedVectorsCodecTest > Validation > invalidKindOrdinalRejected() PASSED
build	Build + Test	2026-10-04T13:52:24.1589232Z 
build	Build + Test	2026-10-04T13:52:24.1590033Z QuantizedVectorsCodecTest > TurboQuantRoundTrip > roundTripProducesIdenticalScores() PASSED
build	Build + Test	2026-10-04T13:52:24.1591165Z 
build	Build + Test	2026-10-04T13:52:24.1592087Z QuantizedVectorsCodecTest > TurboQuantRoundTrip > unbiasedProdRoundTripProducesIdenticalScores() PASSED
build	Build + Test	2026-10-04T13:52:24.1593500Z 
build	Build + Test	2026-10-04T13:52:24.1594356Z QuantizedVectorsCodecTest > TurboQuantRoundTrip > fourBitRoundTripProducesIdenticalScores() PASSED
build	Build + Test	2026-10-04T13:52:24.1595418Z 
build	Build + Test	2026-10-04T13:52:24.1596145Z QuantizedVectorsCodecTest > TurboQuantRoundTrip > encodeTwiceProducesSameBytes() PASSED
build	Build + Test	2026-10-04T13:52:24.1597329Z 
build	Build + Test	2026-10-04T13:52:24.1598039Z QuantizedVectorsCodecTest > NVQRoundTrip > roundTripProducesIdenticalScores() PASSED
build	Build + Test	2026-10-04T13:52:24.1598952Z 
build	Build + Test	2026-10-04T13:52:24.1599641Z QuantizedVectorsCodecTest > NVQRoundTrip > encodeTwiceProducesSameBytes() PASSED
build	Build + Test	2026-10-04T13:52:24.2495303Z 
build	Build + Test	2026-10-04T13:52:24.2498222Z QuantizedVectorsCodecTest > ExtendedRaBitQRoundTrip > encodeTwiceProducesSameBytes() PASSED
build	Build + Test	2026-10-04T13:52:24.2508574Z 
build	Build + Test	2026-10-04T13:52:24.2513701Z QuantizedVectorsCodecTest > ExtendedRaBitQRoundTrip > roundTripProducesIdenticalScoresEveryMetricAndBits() PASSED
build	Build + Test	2026-10-04T13:52:24.2516070Z 
build	Build + Test	2026-10-04T13:52:24.2517134Z QuantizedVectorsCodecTest > RaBitQRoundTrip > roundTripProducesIdenticalScores() PASSED
build	Build + Test	2026-10-04T13:52:24.2519276Z 
build	Build + Test	2026-10-04T13:52:24.2520039Z QuantizedVectorsCodecTest > RaBitQRoundTrip > encodeTwiceProducesSameBytes() PASSED
build	Build + Test	2026-10-04T13:52:24.2521000Z 
build	Build + Test	2026-10-04T13:52:24.2521612Z QuantizedVectorsCodecTest > BQRoundTrip > signBitRoundTrip() PASSED
build	Build + Test	2026-10-04T13:52:24.2524689Z 
build	Build + Test	2026-10-04T13:52:24.2525342Z QuantizedVectorsCodecTest > BQRoundTrip > bbqRoundTrip() PASSED
build	Build + Test	2026-10-04T13:52:24.2529293Z 
build	Build + Test	2026-10-04T13:52:24.2530313Z QuantizedVectorsCodecTest > PQRoundTrip > roundTripProducesIdenticalScores() PASSED
build	Build + Test	2026-10-04T13:52:24.2533703Z 
build	Build + Test	2026-10-04T13:52:24.2534463Z QuantizedVectorsCodecTest > PQRoundTrip > roundTripWithoutGlobalCentroid() PASSED
build	Build + Test	2026-10-04T13:52:24.2535361Z 
build	Build + Test	2026-10-04T13:52:24.2536055Z QuantizedVectorsCodecTest > SQ4RoundTrip > roundTripProducesIdenticalScores() PASSED
build	Build + Test	2026-10-04T13:52:24.2537183Z 
build	Build + Test	2026-10-04T13:52:24.2537904Z QuantizedVectorsCodecTest > Fp16RoundTrip > roundTripProducesIdenticalScores() PASSED
build	Build + Test	2026-10-04T13:52:24.2541217Z 
build	Build + Test	2026-10-04T13:52:24.2541972Z QuantizedVectorsCodecTest > Fp16RoundTrip > encodeTwiceProducesSameBytes() PASSED
build	Build + Test	2026-10-04T13:52:24.2542875Z 
build	Build + Test	2026-10-04T13:52:24.2546511Z QuantizedVectorsCodecTest > SQ8RoundTrip > roundTripProducesIdenticalScores() PASSED
build	Build + Test	2026-10-04T13:52:24.2547724Z 
build	Build + Test	2026-10-04T13:52:24.2548393Z QuantizedVectorsCodecTest > SQ8RoundTrip > encodeTwiceProducesSameBytes() PASSED
build	Build + Test	2026-10-04T13:52:24.2551611Z 
build	Build + Test	2026-10-04T13:52:24.2554019Z RecipeCodecContractTest > round-trip fidelity, including the awkward values > [1] codec=com.integrallis.vectors.core.BuiltinRecipeCodec@feb0f52 PASSED
build	Build + Test	2026-10-04T13:52:24.2556556Z 
build	Build + Test	2026-10-04T13:52:24.2558078Z RecipeCodecContractTest > every field is written, so an absent key never means an unset one > [1] codec=com.integrallis.vectors.core.BuiltinRecipeCodec@2ba0b7cf PASSED
build	Build + Test	2026-10-04T13:52:24.2559535Z 
build	Build + Test	2026-10-04T13:52:24.2563849Z RecipeCodecContractTest > determinism: same recipe, same bytes > [1] codec=com.integrallis.vectors.core.BuiltinRecipeCodec@23138317 PASSED
build	Build + Test	2026-10-04T13:52:24.2565158Z 
build	Build + Test	2026-10-04T13:52:24.2566301Z RecipeCodecContractTest > an unknown future field does not break decoding > [1] codec=com.integrallis.vectors.core.BuiltinRecipeCodec@5ace5b0e PASSED
build	Build + Test	2026-10-04T13:52:24.2570002Z 
build	Build + Test	2026-10-04T13:52:24.2571138Z RecipeCodecContractTest > determinism: no platform line separator > [1] codec=com.integrallis.vectors.core.BuiltinRecipeCodec@d884e9a PASSED
build	Build + Test	2026-10-04T13:52:24.2580181Z 
build	Build + Test	2026-10-04T13:52:24.2581231Z RecipeCodecContractTest > schemaVersionOf works without fully interpreting the document > [1] codec=com.integrallis.vectors.core.BuiltinRecipeCodec@23389e2b PASSED
build	Build + Test	2026-10-04T13:52:24.2582081Z 
build	Build + Test	2026-10-04T13:52:24.2588159Z RecipeCodecContractTest > determinism: map insertion order must not leak into the bytes > [1] codec=com.integrallis.vectors.core.BuiltinRecipeCodec@1c0cba60 PASSED
build	Build + Test	2026-10-04T13:52:24.2589672Z 
build	Build + Test	2026-10-04T13:52:24.2590207Z RecipeStoreTest > 1b. an empty extra map and absent prefixes round-trip too PASSED
build	Build + Test	2026-10-04T13:52:24.2591228Z 
build	Build + Test	2026-10-04T13:52:24.2591843Z RecipeStoreTest > 8. a hand-edited dimension is caught by the hash, not silently accepted PASSED
build	Build + Test	2026-10-04T13:52:24.2592486Z 
build	Build + Test	2026-10-04T13:52:24.2592999Z RecipeStoreTest > 6. a newer schema is readable for display but NOT attestable PASSED
build	Build + Test	2026-10-04T13:52:24.2593718Z 
build	Build + Test	2026-10-04T13:52:24.2594044Z RecipeStoreTest > 1. every field round-trips and the hash survives a write/read cycle PASSED
build	Build + Test	2026-10-04T13:52:24.2594507Z 
build	Build + Test	2026-10-04T13:52:24.2594840Z RecipeStoreTest > 5. a crash between the two writes leaves a collection that opens as UNKNOWN PASSED
build	Build + Test	2026-10-04T13:52:24.2595477Z 
build	Build + Test	2026-10-04T13:52:24.2595999Z RecipeStoreTest > 2. a one-byte edit to the sidecar is detected, naming both hashes PASSED
build	Build + Test	2026-10-04T13:52:24.2601719Z 
build	Build + Test	2026-10-04T13:52:24.2613152Z RecipeStoreTest > the stored hash line is a convenience and is never trusted on read PASSED
build	Build + Test	2026-10-04T13:52:24.2613631Z 
build	Build + Test	2026-10-04T13:52:24.2613938Z RecipeStoreTest > 4. an orphan sidecar with no anchor is ignored, not honoured PASSED
build	Build + Test	2026-10-04T13:52:24.2614331Z 
build	Build + Test	2026-10-04T13:52:24.2614674Z RecipeStoreTest > 3. a declared recipe with no sidecar refuses, rather than degrading quietly PASSED
build	Build + Test	2026-10-04T13:52:24.2615103Z 
build	Build + Test	2026-10-04T13:52:24.2615325Z TombstoneCodecTest > Validation > wrongMagicRejected() PASSED
build	Build + Test	2026-10-04T13:52:24.3494190Z 
build	Build + Test	2026-10-04T13:52:24.3495105Z TombstoneCodecTest > Validation > bodySizeNotMultipleOf8Rejected() PASSED
build	Build + Test	2026-10-04T13:52:24.3495828Z 
build	Build + Test	2026-10-04T13:52:24.3496249Z TombstoneCodecTest > Validation > nonZeroReservedRejected() PASSED
build	Build + Test	2026-10-04T13:52:24.3497095Z 
build	Build + Test	2026-10-04T13:52:24.3497481Z TombstoneCodecTest > Validation > wrongVersionRejected() PASSED
build	Build + Test	2026-10-04T13:52:24.3498046Z 
build	Build + Test	2026-10-04T13:52:24.3498452Z TombstoneCodecTest > Validation > truncatedHeaderRejected() PASSED
build	Build + Test	2026-10-04T13:52:24.3499039Z 
build	Build + Test	2026-10-04T13:52:24.3499470Z TombstoneCodecTest > RoundTrip > emptyBytesDecodeToEmptyBitSet() PASSED
build	Build + Test	2026-10-04T13:52:24.3500077Z 
build	Build + Test	2026-10-04T13:52:24.3500481Z TombstoneCodecTest > RoundTrip > nullDecodeToEmptyBitSet() PASSED
build	Build + Test	2026-10-04T13:52:24.3501040Z 
build	Build + Test	2026-10-04T13:52:24.3501403Z TombstoneCodecTest > RoundTrip > singleBitRoundTrips() PASSED
build	Build + Test	2026-10-04T13:52:24.3501921Z 
build	Build + Test	2026-10-04T13:52:24.3502269Z TombstoneCodecTest > RoundTrip > sparseBitsRoundTrip() PASSED
build	Build + Test	2026-10-04T13:52:24.3502778Z 
build	Build + Test	2026-10-04T13:52:24.3503205Z TombstoneCodecTest > RoundTrip > emptyBitSetEncodesToEmptyArray() PASSED
build	Build + Test	2026-10-04T13:52:24.3503814Z 
build	Build + Test	2026-10-04T13:52:24.3504165Z TombstoneCodecTest > RoundTrip > denseBitsRoundTrip() PASSED
build	Build + Test	2026-10-04T13:52:24.3504672Z 
build	Build + Test	2026-10-04T13:52:24.3505206Z TombstoneCodecTest > RoundTrip > headerContainsMagicAndVersionAndPhysicalCount() PASSED
build	Build + Test	2026-10-04T13:52:24.3505949Z 
build	Build + Test	2026-10-04T13:52:24.3506353Z VamanaGraphCodecTest > NullGuard > encodeRejectsNullGraph() PASSED
build	Build + Test	2026-10-04T13:52:24.3507095Z 
build	Build + Test	2026-10-04T13:52:24.3507501Z VamanaGraphCodecTest > NullGuard > decodeRejectsNullBytes() PASSED
build	Build + Test	2026-10-04T13:52:24.3508070Z 
build	Build + Test	2026-10-04T13:52:24.3508579Z VamanaGraphCodecTest > EncodeValidation > encodeRejectsDegreeAboveMaxDegree() PASSED
build	Build + Test	2026-10-04T13:52:24.3509285Z 
build	Build + Test	2026-10-04T13:52:24.3509778Z VamanaGraphCodecTest > EncodeValidation > encodeRejectsOutOfRangeNeighbor() PASSED
build	Build + Test	2026-10-04T13:52:24.3510451Z 
build	Build + Test	2026-10-04T13:52:24.3510875Z VamanaGraphCodecTest > EncodeValidation > encodeRejectsSelfLoop() PASSED
build	Build + Test	2026-10-04T13:52:24.3511473Z 
build	Build + Test	2026-10-04T13:52:24.3512246Z VamanaGraphCodecTest > BodyValidation > rejectsNeighborOutOfRange() PASSED
build	Build + Test	2026-10-04T13:52:24.3512861Z 
build	Build + Test	2026-10-04T13:52:24.3513277Z VamanaGraphCodecTest > BodyValidation > rejectsTrailingBytes() PASSED
build	Build + Test	2026-10-04T13:52:24.3513844Z 
build	Build + Test	2026-10-04T13:52:24.3514346Z VamanaGraphCodecTest > BodyValidation > rejectsEmptyGraphWithTrailingBytes() PASSED
build	Build + Test	2026-10-04T13:52:24.3515024Z 
build	Build + Test	2026-10-04T13:52:24.3515501Z VamanaGraphCodecTest > BodyValidation > rejectsDegreeExceedingMaxDegree() PASSED
build	Build + Test	2026-10-04T13:52:24.3516147Z 
build	Build + Test	2026-10-04T13:52:24.3516569Z VamanaGraphCodecTest > BodyValidation > rejectsSelfLoopNeighbor() PASSED
build	Build + Test	2026-10-04T13:52:24.3529530Z 
build	Build + Test	2026-10-04T13:52:24.3530173Z VamanaGraphCodecTest > BodyValidation > rejectsTruncatedAdjacencyBody() PASSED
build	Build + Test	2026-10-04T13:52:24.3530842Z 
build	Build + Test	2026-10-04T13:52:24.3567653Z VamanaGraphCodecTest > OffsetIndex > rejectsCorruptOffsetInTrailer() PASSED
build	Build + Test	2026-10-04T13:52:24.3568342Z 
build	Build + Test	2026-10-04T13:52:24.3568874Z VamanaGraphCodecTest > OffsetIndex > encodedFileCarriesValidOffsetTrailer() PASSED
build	Build + Test	2026-10-04T13:52:24.3569593Z 
build	Build + Test	2026-10-04T13:52:24.3570051Z VamanaGraphCodecTest > OffsetIndex > rejectsTruncatedOffsetTrailer() PASSED
build	Build + Test	2026-10-04T13:52:24.3570675Z 
build	Build + Test	2026-10-04T13:52:24.3571115Z VamanaGraphCodecTest > HeaderValidation > rejectsWrongHeaderLength() PASSED
build	Build + Test	2026-10-04T13:52:24.3571750Z 
build	Build + Test	2026-10-04T13:52:24.3572195Z VamanaGraphCodecTest > HeaderValidation > rejectsWrongVersion() PASSED
build	Build + Test	2026-10-04T13:52:24.3572816Z 
build	Build + Test	2026-10-04T13:52:24.3573264Z VamanaGraphCodecTest > HeaderValidation > rejectsTruncatedHeader() PASSED
build	Build + Test	2026-10-04T13:52:24.3573895Z 
build	Build + Test	2026-10-04T13:52:24.3574517Z VamanaGraphCodecTest > HeaderValidation > rejectsHnswMagicMistakenlyFedToVamanaDecoder() PASSED
build	Build + Test	2026-10-04T13:52:24.3575345Z 
build	Build + Test	2026-10-04T13:52:24.3575798Z VamanaGraphCodecTest > HeaderValidation > rejectsMedoidOutOfRange() PASSED
build	Build + Test	2026-10-04T13:52:24.3576475Z 
build	Build + Test	2026-10-04T13:52:24.3577227Z VamanaGraphCodecTest > HeaderValidation > rejectsNonZeroFlags() PASSED
build	Build + Test	2026-10-04T13:52:24.3577851Z 
build	Build + Test	2026-10-04T13:52:24.3578321Z VamanaGraphCodecTest > HeaderValidation > rejectsNegativeNumNodes() PASSED
build	Build + Test	2026-10-04T13:52:24.3578957Z 
build	Build + Test	2026-10-04T13:52:24.3579395Z VamanaGraphCodecTest > HeaderValidation > rejectsZeroMaxDegree() PASSED
build	Build + Test	2026-10-04T13:52:24.3580018Z 
build	Build + Test	2026-10-04T13:52:24.3580436Z VamanaGraphCodecTest > HeaderValidation > rejectsWrongMagic() PASSED
build	Build + Test	2026-10-04T13:52:24.3581027Z 
build	Build + Test	2026-10-04T13:52:24.3581598Z VamanaGraphCodecTest > HeaderValidation > rejectsEmptyGraphWithMedoidNotMinusOne() PASSED
build	Build + Test	2026-10-04T13:52:24.3582357Z 
build	Build + Test	2026-10-04T13:52:24.3582801Z VamanaGraphCodecTest > RoundTrip > decodedGraphPreservesNeighborOrder() PASSED
build	Build + Test	2026-10-04T13:52:24.3583482Z 
build	Build + Test	2026-10-04T13:52:24.3583853Z VamanaGraphCodecTest > RoundTrip > smallGraphRoundTripsExact() PASSED
build	Build + Test	2026-10-04T13:52:24.3584446Z 
build	Build + Test	2026-10-04T13:52:24.3584866Z VamanaGraphCodecTest > RoundTrip > singleNodeGraphRoundTrips() PASSED
build	Build + Test	2026-10-04T13:52:24.3585258Z 
build	Build + Test	2026-10-04T13:52:24.3585510Z VamanaGraphCodecTest > RoundTrip > mediumGraphWithR32RoundTrips() PASSED
build	Build + Test	2026-10-04T13:52:24.3585864Z 
build	Build + Test	2026-10-04T13:52:24.3586095Z VamanaGraphCodecTest > RoundTrip > emptyGraphRoundTrips() PASSED
build	Build + Test	2026-10-04T13:52:24.3586409Z 
build	Build + Test	2026-10-04T13:52:24.3586652Z VamanaGraphCodecTest > RoundTrip > nonZeroMedoidRoundTrips() PASSED
build	Build + Test	2026-10-04T13:52:24.3597609Z 
build	Build + Test	2026-10-04T13:52:24.3598074Z VamanaGraphCodecTest > RoundTrip > mediumGraphWithR16RoundTrips() PASSED
build	Build + Test	2026-10-04T13:52:24.3598673Z 
build	Build + Test	2026-10-04T13:52:24.3599168Z VamanaGraphCodecTest > RoundTrip > reusedEncodeCallsProduceIdenticalBytes() PASSED
build	Build + Test	2026-10-04T13:52:24.3599829Z 
build	Build + Test	2026-10-04T13:52:24.3600613Z VectorConfigVariationsTest > DynamicTestGeneration > searchReturnsResultsAcrossConfigs() > HNSW/NONE/EUCLIDEAN/dim=32 PASSED
build	Build + Test	2026-10-04T13:52:24.3601563Z 
build	Build + Test	2026-10-04T13:52:24.3602336Z VectorConfigVariationsTest > DynamicTestGeneration > searchReturnsResultsAcrossConfigs() > VAMANA/NONE/EUCLIDEAN/dim=32 PASSED
build	Build + Test	2026-10-04T13:52:24.3603273Z 
build	Build + Test	2026-10-04T13:52:24.3603754Z VectorConfigVariationsTest > BuilderDefaults > defaultConfigsAreReasonable() PASSED
build	Build + Test	2026-10-04T13:52:24.3604689Z 
build	Build + Test	2026-10-04T13:52:24.3605215Z VectorConfigVariationsTest > BuilderDefaults > customConfigsProduceCartesianProduct() PASSED
build	Build + Test	2026-10-04T13:52:24.3605927Z 
build	Build + Test	2026-10-04T13:52:24.3606445Z VectorConfigVariationsTest > BuilderDefaults > newBuilderCreatesValidCollection() PASSED
build	Build + Test	2026-10-04T13:52:24.3607315Z 
build	Build + Test	2026-10-04T13:52:24.3607802Z VectorConfigVariationsTest > BuilderDefaults > configToStringIsDescriptive() PASSED
build	Build + Test	2026-10-04T13:52:24.3608462Z 
build	Build + Test	2026-10-04T13:52:24.3609138Z VectorSearchTestSupportTest > RandomizedConfig > randomBuilderCompleteProducesValidConfiguration() PASSED
build	Build + Test	2026-10-04T13:52:24.3610242Z 
build	Build + Test	2026-10-04T13:52:24.3610834Z VectorSearchTestSupportTest > RandomizedConfig > differentSeedsProduceDifferentConfigs() PASSED
build	Build + Test	2026-10-04T13:52:24.3611586Z 
build	Build + Test	2026-10-04T13:52:24.3612188Z VectorSearchTestSupportTest > RandomizedConfig > randomBuilderProducesValidConfiguration() PASSED
build	Build + Test	2026-10-04T13:52:24.3612970Z 
build	Build + Test	2026-10-04T13:52:24.3613471Z VectorSearchTestSupportTest > RandomizedConfig > sameSeedProducesSameConfig() PASSED
build	Build + Test	2026-10-04T13:52:24.3614137Z 
build	Build + Test	2026-10-04T13:52:24.3614687Z VectorSearchTestSupportTest > RecallComputation > bruteForceTopKIdsReturnsCorrectIds() PASSED
build	Build + Test	2026-10-04T13:52:24.3615420Z 
build	Build + Test	2026-10-04T13:52:24.3615929Z VectorSearchTestSupportTest > RecallComputation > measureRecallAgainstSelfIsOne() PASSED
build	Build + Test	2026-10-04T13:52:24.3616621Z 
build	Build + Test	2026-10-04T13:52:24.3617468Z VectorSearchTestSupportTest > DocumentGeneration > generateDocsWithMetadataIncludesAllFields() PASSED
build	Build + Test	2026-10-04T13:52:24.3618265Z 
build	Build + Test	2026-10-04T13:52:24.3618783Z VectorSearchTestSupportTest > DocumentGeneration > randomUnitVectorIsNormalized() PASSED
build	Build + Test	2026-10-04T13:52:24.3619480Z 
build	Build + Test	2026-10-04T13:52:24.3620084Z VectorSearchTestSupportTest > DocumentGeneration > generateDocsProducesDeterministicOutput() PASSED
build	Build + Test	2026-10-04T13:52:24.3620866Z 
build	Build + Test	2026-10-04T13:52:24.3621211Z SegmentTransferTest > importOverwritesExistingFiles() PASSED
build	Build + Test	2026-10-04T13:52:24.3621723Z 
build	Build + Test	2026-10-04T13:52:24.3622084Z SegmentTransferTest > exportThenImport_restoresAllFiles() PASSED
build	Build + Test	2026-10-04T13:52:24.3622602Z 
build	Build + Test	2026-10-04T13:52:24.3622959Z SegmentTransferTest > exportNonExistentDirectoryThrows() PASSED
build	Build + Test	2026-10-04T13:52:24.5491073Z 
build	Build + Test	2026-10-04T13:52:24.5491937Z SegmentTransferTest > largeFileRoundTrip() PASSED
build	Build + Test	2026-10-04T13:52:24.5492450Z 
build	Build + Test	2026-10-04T13:52:24.5492803Z SegmentTransferTest > exportCreatesTargetDirectory() PASSED
build	Build + Test	2026-10-04T13:52:24.5493368Z 
build	Build + Test	2026-10-04T13:52:24.5493725Z SegmentTransferTest > importUnsafeZipEntryThrows() PASSED
build	Build + Test	2026-10-04T13:52:24.8537262Z 
build	Build + Test	2026-10-04T13:52:24.8567674Z > Task :vectors-db:spotbugsTest SKIPPED
build	Build + Test	2026-10-04T13:52:24.9518664Z > Task :vectors-db:jacocoTestCoverageVerification
build	Build + Test	2026-10-04T13:52:35.9494218Z > Task :vectors-db:spotbugsMain FAILED
build	Build + Test	2026-10-04T13:52:36.0491257Z 
build	Build + Test	2026-10-04T13:52:36.0492353Z gradle/actions: Writing build results to /home/runner/work/_temp/.gradle-actions/build-results/__run_2-1791120890591.json
build	Build + Test	2026-10-04T13:52:36.0493761Z FAILURE: Build failed with an exception.
build	Build + Test	2026-10-04T13:52:36.0494197Z 
build	Build + Test	2026-10-04T13:52:36.0494614Z * What went wrong:
build	Build + Test	2026-10-04T13:52:36.0495028Z Execution failed for task ':vectors-db:spotbugsMain'.
build	Build + Test	2026-10-04T13:52:36.0495509Z 601 actionable tasks: 452 executed, 94 from cache, 55 up-to-date
build	Build + Test	2026-10-04T13:52:36.0496477Z > A failure occurred while executing com.github.spotbugs.snom.internal.SpotBugsRunnerForHybrid$SpotBugsExecutor
build	Build + Test	2026-10-04T13:52:36.0498984Z    > Verification failed: SpotBugs ended with exit code 1. See the report at: file:///home/runner/work/vectors/vectors/vectors-db/build/reports/spotbugs/spotbugsMain.xml
build	Build + Test	2026-10-04T13:52:36.0499679Z 
build	Build + Test	2026-10-04T13:52:36.0499793Z * Try:
build	Build + Test	2026-10-04T13:52:36.0500104Z > Run with --stacktrace option to get the stack trace.
build	Build + Test	2026-10-04T13:52:36.0500544Z > Run with --info or --debug option to get more log output.
build	Build + Test	2026-10-04T13:52:36.0501080Z > Run with --scan to get full insights from a Build Scan (powered by Develocity).
build	Build + Test	2026-10-04T13:52:36.0501585Z > Get more help at https://help.gradle.org.
build	Build + Test	2026-10-04T13:52:36.0502114Z 
build	Build + Test	2026-10-04T13:52:36.0502232Z BUILD FAILED in 17m 50s
build	Build + Test	2026-10-04T13:52:36.4429520Z ##[error]Process completed with exit code 1.
